PROVINCE	MUNICIPALITY/CITY	BARANGAY	HOUSEHOLD ID	FIRST NAME	MIDDLE NAME	LAST NAME	SEX	AGE	SOCIAL SERVICE / PROGRAM	TYPE OF ASSISTANCE PROVIDED	"SPECIFY (name of skill training, name of training, specific assistance, goods, amount, and others)"	"REMARKS (specify agency, individual, organization who provided the assistance and any other pertinent details)"	DATE RECEIVED (MM/DD/YYYY)
Laguna	Cavinti	Masaya	811	Juan	López	Cruz	Male	33	LIVELIHOOD_ASSISTANCE	Medical Assistance	Medical Kit	DOLE - Regular program. Contact: regional office	08/23/2022
Laguna	Pakil	Palo-Alto	188	María	Gómez	Santos	Male	65	KALAHI	Food Assistance	Food Pack	DSWD - Regular program	03/29/2025
Laguna	Siniloan	San Agustín (Antipolo)	698	James	Gómez	García	Male	45	MEDICAL_SERVICES	Leadership Skills Training	Standard package	DepEd - Emergency response. Contact: main branch	03/02/2022
Laguna	Magdalena	San Isidro	817	Miguel	Cruz	Santos	Male	39	SUPPLEMENTAL_FEEDING	Vaccination	Level 1 support	DepEd - Regular program. Contact: main branch	10/08/2023
Laguna	Los Baños	Maunong	810	María	Santos	Reyes	Female	36	OTHER_PROGRAM	Skills Training	Plumbing	Red Cross - Special initiative	09/23/2023
Laguna	Famy	Paciano Rizal	716	Juan	Santos	Cruz	Female	65	SUPPLEMENTAL_FEEDING	Cash for Training	Standard package	Local Government - Emergency response. Contact: regional office	02/18/2024
Laguna	Siniloan	San Cristóbal	484	Pedro	Santos	Galang	Female	18	DISASTER_RELIEF_ASSISTANCE	Dental Services	Basic assistance	Caritas - Regular program. Contact: regional office	06/27/2021
Laguna	Pangil	San José	450	Miguel	Carn	Cruz	Male	48	OTHER_CAPABILITY_BUILDING_SUPPORT	Vaccination	Enhanced support	Red Cross - Regular program. Contact: main branch	02/27/2024
Laguna	Cavinti	San Cristóbal	523	María	Gómez	Galang	Female	69	LIVELIHOOD_ASSISTANCE	Equipment/School Materials	Books	DSWD - Special initiative	07/17/2022
Laguna	Santa Cruz	San Cristóbal	871	Ana	Carn	Gómez	Female	69	KALAHI	Financial	"PHP 2,000"	DepEd - Regular program. Contact: main branch	02/22/2022
Laguna	Pagsanjan	Mayapa	354	Miguel	Reyes	Pérez	Female	59	KALAHI	Parent Effectiveness Trainings	Standard package	World Vision - Pilot program	07/08/2022
Laguna	Rizal	Masaya	986	Miguel	Pérez	Cruz	Female	51	MEDICAL_SERVICES	Medical Assistance	Wheelchair	DOLE - Pilot program	09/03/2024
Laguna	Los Baños	San Vicente	658	Clara	Santos	Galang	Male	63	SUPPLEMENTAL_FEEDING	Technical Skills Training	Level 1 support	USAID - Special initiative. Contact: local coordinator	08/30/2021
Laguna	Los Baños	Santo Tomás (Calabuso)	597	Ana	Reyes	Santos	Male	57	OTHER_CAPABILITY_BUILDING_SUPPORT	Consultation/Medical Check-Up	"PHP 5,000"	Provincial Government - Pilot program. Contact: regional office	10/11/2024
Laguna	San Pablo	Barangay IV (Poblacion)	100	Ana	Gómez	Pérez	Female	23	LIVELIHOOD_ASSISTANCE	Scholarship Grants	Standard package	USAID - Emergency response	01/01/2025
Laguna	Pangil	Paciano Rizal	616	Pedro	Pérez	Pérez	Female	45	SOCIAL_PENSION	Activity Involvement/Advocacy	Level 1 support	Private Donor - Annual assistance. Contact: main branch	01/21/2025
Laguna	Cabuyao	San Roque	948	Janna	Santos	Pérez	Female	20	SOCIAL_PENSION	Scholarship Grants	Basic assistance	Private Donor - Pilot program. Contact: local coordinator	01/05/2025
Laguna	Famy	Palma	558	Clara	Carn	Santos	Female	48	SOCIAL_PENSION	Financial	"PHP 3,000"	Anonymous Donor - Pilot program. Contact: local coordinator	06/05/2024
Laguna	San Pablo	Looc	556	Ana	Pérez	Santos	Female	33	OTHER_PROGRAM	Activity Involvement/Advocacy	Standard package	Anonymous Donor - Regular program. Contact: local coordinator	02/12/2022
Laguna	Biñan	Barangay III (Poblacion)	278	Ana	Cruz	Santos	Female	34	PWD_ASSISTANCE	Insurance	Level 1 support	Anonymous Donor - Special initiative. Contact: regional office	07/24/2024
Laguna	Pila	Saimsim	693	Janna	Cruz	Pérez	Female	61	KALAHI	Financial	"PHP 3,000"	Community Organization - Annual assistance. Contact: local coordinator	11/08/2023
Laguna	Pangil	Saimsim	699	Pedro	Cruz	Cruz	Female	44	OTHER_PROGRAM	Activity Involvement/Advocacy	Enhanced support	Provincial Government - Annual assistance. Contact: local coordinator	08/27/2024
Laguna	Bay	San Antonio	990	Clara	López	Galang	Female	68	OTHER_PROGRAM	Scholarship Grants	Level 1 support	DepEd - Annual assistance. Contact: main branch	09/09/2024
Laguna	San Pablo	Looc	626	Ana	Cruz	Santos	Male	41	LIVELIHOOD_ASSISTANCE	Consultation/Medical Check-Up	"PHP 5,000"	DA - Annual assistance	12/07/2023
Laguna	Luisiana	Parian	491	Juan	García	Cruz	Female	37	LIVELIHOOD_ASSISTANCE	Skills Training	Sewing	Caritas - Emergency response. Contact: regional office	04/02/2023
Laguna	Victoria	Del Carmen	255	Pedro	Santos	Galang	Male	49	DISASTER_RELIEF_ASSISTANCE	Medical Assistance	Wheelchair	DSWD - Special initiative. Contact: regional office	06/14/2022
Laguna	Calauan	Paciano Rizal	381	Clara	Cruz	Pérez	Male	52	MEDICAL_SERVICES	Medical Assistance	Wheelchair	DOH - Emergency response. Contact: local coordinator	05/15/2022
Laguna	Bay	San Antonio	892	Ana	Pérez	Cruz	Female	30	EDUCATIONAL_ASSISTANCE	Food for Work	Enhanced support	Private Donor - Annual assistance. Contact: regional office	07/11/2021
Laguna	Santa Rosa	Real	542	Ana	Gómez	Pérez	Female	65	SOCIAL_PENSION	Insurance	Standard package	Red Cross - Emergency response. Contact: local coordinator	02/18/2021
Laguna	Pangil	Milagrosa	264	Janna	García	López	Male	60	AICS	Activity Involvement/Advocacy	Enhanced support	Private Donor - Special initiative. Contact: main branch	04/04/2021
Laguna	Alaminos	San Benito (Palita)	610	Clara	García	Santos	Male	37	OTHER_CAPABILITY_BUILDING_SUPPORT	Medical Assistance	"PHP 10,000"	DSWD - Regular program. Contact: regional office	07/20/2023
Laguna	Luisiana	Turbina	825	Juan	García	Reyes	Female	76	EDUCATIONAL_ASSISTANCE	Alternative Learning System	Enhanced support	Private Donor - Special initiative	06/16/2021
Laguna	Santa Cruz	Casile	879	Pedro	Reyes	Cruz	Male	65	AICS	Job Referral	Level 1 support	Private Donor - Emergency response	02/26/2025
Laguna	Pila	Saimsim	329	María	Pérez	Santos	Female	69	LIVELIHOOD_ASSISTANCE	Job Referral	Enhanced support	Private Donor - Annual assistance. Contact: local coordinator	09/11/2021
Laguna	Siniloan	Sirang Lupa	115	James	Reyes	García	Female	19	EDUCATIONAL_ASSISTANCE	Insurance	Basic assistance	Anonymous Donor - Special initiative. Contact: local coordinator	02/26/2021
Laguna	Luisiana	Casile	276	Juan	García	Galang	Male	21	KALAHI	Honorarium	Standard package	Anonymous Donor - Regular program. Contact: local coordinator	01/06/2021
Laguna	San Pedro	San José	488	María	López	López	Female	44	DISASTER_RELIEF_ASSISTANCE	Financial	"PHP 5,000"	USAID - Special initiative. Contact: regional office	08/26/2021
Laguna	Nagcarlan	San Benito (Palita)	281	Juan	Cruz	Santos	Male	77	SOCIAL_PENSION	Medical Supplies	"PHP 10,000"	Anonymous Donor - Emergency response. Contact: local coordinator	01/03/2023
Laguna	Santa Maria	Palingon	275	Clara	Gómez	García	Female	42	PWD_ASSISTANCE	Agricultural and Fisheries	Standard package	DA - Annual assistance	06/01/2024
Laguna	Santa Maria	Palo-Alto	773	María	Santos	Cruz	Female	21	OTHER_CAPABILITY_BUILDING_SUPPORT	Vaccination	Basic assistance	UNICEF - Regular program	08/13/2022
Laguna	Liliw	San Vicente	843	Clara	Pérez	Cruz	Male	77	AICS	Tutorial Sessions	Level 1 support	Caritas - Regular program. Contact: local coordinator	01/20/2021
Laguna	Santa Rosa	Calo	719	María	López	García	Male	49	KALAHI	Surgical Procedures	Crutches	Community Organization - Emergency response	02/16/2023
Laguna	Santa Rosa	San Isidro	896	Juan	Carn	López	Female	34	SLP	Parent Effectiveness Trainings	Enhanced support	Local Government - Regular program. Contact: regional office	05/12/2024
Laguna	Majayjay	San Miguel	328	Janna	Reyes	García	Female	18	SOCIAL_PENSION	"Non-Food Items (Hygiene Kits, Clothes, Household Items)"	Enhanced support	DepEd - Annual assistance. Contact: main branch	05/22/2021
Laguna	Magdalena	Paciano Rizal	211	Juan	Cruz	Galang	Male	50	DISASTER_RELIEF_ASSISTANCE	Dental Services	Standard package	Red Cross - Special initiative. Contact: main branch	01/11/2022
Laguna	Victoria	San Gregorio	727	Clara	Cruz	Cruz	Female	47	PWD_ASSISTANCE	Insurance	Basic assistance	DepEd - Regular program. Contact: local coordinator	02/11/2022
Laguna	Victoria	Casile	923	Juan	Carn	García	Male	22	OTHER_CAPABILITY_BUILDING_SUPPORT	Voucher	Standard package	Provincial Government - Special initiative. Contact: regional office	03/27/2023
Laguna	Magdalena	Milagrosa	552	Miguel	Carn	Reyes	Male	71	PWD_ASSISTANCE	Agricultural and Fisheries	Standard package	DA - Emergency response. Contact: local coordinator	03/21/2021
Laguna	Victoria	Timbao	992	Miguel	Pérez	Reyes	Male	29	MEDICAL_SERVICES	Transportation Allowance	Enhanced support	Red Cross - Pilot program. Contact: regional office	07/29/2021
Laguna	Pagsanjan	Palma	26	María	Cruz	García	Female	55	DISASTER_RELIEF_ASSISTANCE	Food Items	Rice (10kg)	DOH - Pilot program. Contact: regional office	02/07/2023
Laguna	Luisiana	Sirang Lupa	27	Miguel	Carn	Galang	Male	49	DISASTER_RELIEF_ASSISTANCE	Activity Involvement/Advocacy	Enhanced support	UNICEF - Annual assistance. Contact: local coordinator	08/28/2024
Laguna	Rizal	Palo-Alto	702	James	Cruz	Cruz	Female	55	OTHER_CAPABILITY_BUILDING_SUPPORT	Job Referral	Standard package	DOLE - Emergency response. Contact: regional office	01/12/2022
Laguna	Pakil	San Miguel	83	María	López	Reyes	Male	74	SOCIAL_PENSION	Medical Supplies	"PHP 10,000"	DOH - Annual assistance. Contact: main branch	02/09/2021
Laguna	San Pedro	San Andrés	896	Miguel	Pérez	García	Female	34	SOCIAL_PENSION	Medical Assistance	"PHP 3,000"	Red Cross - Annual assistance. Contact: regional office	10/08/2024
Laguna	Biñan	San Vicente	946	Ana	Gómez	Pérez	Female	75	SLP	Consultation/Medical Check-Up	"PHP 10,000"	DepEd - Annual assistance. Contact: main branch	03/29/2022
Laguna	Calamba	Majada Labas	682	Juan	Carn	García	Male	71	SUPPLEMENTAL_FEEDING	Financial	"PHP 2,000"	World Vision - Annual assistance. Contact: local coordinator	12/17/2024
Laguna	Pagsanjan	Real	413	Pedro	López	Santos	Male	62	SOCIAL_PENSION	Food Assistance	Rice (10kg)	USAID - Pilot program	12/15/2022
Laguna	Cavinti	Timbao	167	Juan	López	García	Male	57	SOCIAL_PENSION	Capital/Starter Kit	Level 1 support	Local Government - Special initiative. Contact: local coordinator	03/27/2021
Laguna	Pangil	Paciano Rizal	700	Miguel	Carn	Galang	Female	49	MEDICAL_SERVICES	Voucher	Level 1 support	DSWD - Pilot program. Contact: local coordinator	08/24/2021
Laguna	Kalayaan	Zapote	169	Janna	Pérez	Reyes	Female	41	PWD_ASSISTANCE	Voucher	Standard package	UNICEF - Regular program. Contact: regional office	12/09/2024
Laguna	Cavinti	Palo-Alto	801	Clara	Cruz	Santos	Female	29	MEDICAL_SERVICES	Surgical Procedures	"PHP 10,000"	Caritas - Annual assistance. Contact: local coordinator	10/11/2024
Laguna	Paete	Del Carmen	979	Pedro	Gómez	Reyes	Male	64	SOCIAL_PENSION	Tutorial Sessions	Basic assistance	Private Donor - Pilot program. Contact: main branch	10/06/2022
Laguna	Cabuyao	Santo Domingo	229	María	García	Reyes	Male	48	KALAHI	Job Fair	Basic assistance	Red Cross - Special initiative	06/25/2024
Laguna	San Pedro	Looc	979	Janna	Cruz	Galang	Male	36	SLP	Capital/Starter Kit	Standard package	DSWD - Annual assistance. Contact: local coordinator	10/29/2022
Laguna	Santa Rosa	San Juan	609	Juan	Santos	García	Male	46	EDUCATIONAL_ASSISTANCE	Transportation Allowance	Standard package	DepEd - Special initiative. Contact: local coordinator	06/06/2024
Laguna	Mabitac	Sirang Lupa	367	Miguel	Carn	Galang	Male	38	MEDICAL_SERVICES	Parent Effectiveness Trainings	Basic assistance	DepEd - Annual assistance. Contact: local coordinator	04/12/2025
Laguna	Paete	San Miguel	528	María	Reyes	García	Female	43	OTHER_PROGRAM	Dental Services	Enhanced support	Anonymous Donor - Special initiative	12/27/2021
Laguna	Santa Cruz	Parian	791	María	Pérez	Santos	Male	69	EDUCATIONAL_ASSISTANCE	Insurance	Enhanced support	DepEd - Special initiative. Contact: regional office	05/18/2023
Laguna	Kalayaan	Looc	647	Ana	Carn	Galang	Female	45	AICS	Skills Training	Plumbing	Community Organization - Emergency response. Contact: main branch	01/20/2023
Laguna	Santa Cruz	San Andrés	538	Ana	Santos	Galang	Male	34	KALAHI	Skills Training	Sewing	Red Cross - Emergency response. Contact: main branch	06/24/2021
Laguna	Pangil	Lingga	864	Miguel	López	Pérez	Male	26	LIVELIHOOD_ASSISTANCE	Voucher	Basic assistance	Local Government - Pilot program. Contact: main branch	04/08/2023
Laguna	Bay	Puting Lupa	524	Miguel	Reyes	López	Male	38	SUPPLEMENTAL_FEEDING	Agricultural and Fisheries	Basic assistance	USAID - Pilot program. Contact: main branch	03/15/2023
Laguna	Pakil	Sirang Lupa	72	James	Reyes	Cruz	Male	67	AICS	"Non-Food Items (Hygiene Kits, Clothes, Household Items)"	Standard package	Provincial Government - Annual assistance. Contact: local coordinator	10/29/2024
Laguna	Santa Rosa	Makiling	645	Ana	Cruz	Galang	Male	77	LIVELIHOOD_ASSISTANCE	Food for Work	Enhanced support	DOH - Special initiative. Contact: local coordinator	03/02/2021
Laguna	Magdalena	Punta	106	Clara	García	López	Female	51	KALAHI	GAD Trainings	3-day conference	DA - Emergency response. Contact: local coordinator	04/08/2024
Laguna	Santa Rosa	Mayapa	732	Pedro	Cruz	Gómez	Male	28	MEDICAL_SERVICES	Voucher	Basic assistance	Local Government - Regular program. Contact: regional office	03/11/2025
Laguna	Cavinti	Palingon	885	María	Pérez	Cruz	Female	72	OTHER_PROGRAM	Insurance	Level 1 support	Provincial Government - Pilot program. Contact: local coordinator	02/14/2023
Laguna	Luisiana	Barangay III (Poblacion)	965	Ana	Reyes	Pérez	Female	37	LIVELIHOOD_ASSISTANCE	Skills Training	Cooking	DOH - Special initiative. Contact: regional office	02/18/2022
Laguna	Siniloan	Barangay IV (Poblacion)	689	Miguel	Gómez	García	Female	66	KALAHI	Family Development Trainings	2-day workshop	Community Organization - Special initiative. Contact: local coordinator	04/26/2021
Laguna	Famy	Masili	282	James	Gómez	Gómez	Female	70	LIVELIHOOD_ASSISTANCE	Capital/Starter Kit	Level 1 support	Anonymous Donor - Pilot program. Contact: local coordinator	04/13/2024
Laguna	Magdalena	Masili	133	Miguel	Reyes	García	Male	67	AICS	Food Items	Rice (10kg)	DSWD - Special initiative. Contact: local coordinator	12/18/2024
Laguna	Biñan	Timbao	534	Miguel	Gómez	García	Male	64	SOCIAL_PENSION	Medical Supplies	"PHP 5,000"	DOLE - Special initiative. Contact: regional office	02/26/2024
Laguna	Mabitac	Maunong	975	Miguel	Gómez	López	Male	56	SUPPLEMENTAL_FEEDING	Family Development Trainings	3-day conference	Anonymous Donor - Annual assistance. Contact: regional office	02/21/2025
Laguna	Nagcarlan	Barangay IV (Poblacion)	269	Juan	García	López	Male	33	PWD_ASSISTANCE	Parent Effectiveness Trainings	Basic assistance	Community Organization - Emergency response	10/26/2023
Laguna	Cabuyao	San Andrés	412	Pedro	Pérez	Cruz	Male	74	KALAHI	Voucher	Standard package	Provincial Government - Special initiative. Contact: regional office	09/11/2024
Laguna	Paete	San Juan	673	Ana	Carn	García	Female	46	OTHER_PROGRAM	Food Assistance	Basic Groceries	DOLE - Special initiative. Contact: regional office	11/29/2022
Laguna	Famy	San Juan	619	María	García	Reyes	Male	18	SLP	Cash for Training	Level 1 support	DOLE - Special initiative. Contact: main branch	04/10/2024
Laguna	Cabuyao	Real	791	Juan	López	Gómez	Male	77	LIVELIHOOD_ASSISTANCE	Dental Services	Level 1 support	DSWD - Annual assistance. Contact: main branch	05/07/2024
Laguna	Bay	Paciano Rizal	865	Miguel	Cruz	Galang	Female	35	SOCIAL_PENSION	Scholarship Grants	Standard package	DepEd - Special initiative. Contact: regional office	06/08/2024
Laguna	Victoria	San Benito (Palita)	747	Clara	Gómez	López	Male	76	PWD_ASSISTANCE	Burial Assistance	Enhanced support	Red Cross - Special initiative. Contact: local coordinator	03/11/2023
Laguna	Calauan	Barangay IV (Poblacion)	18	María	Carn	López	Male	39	SLP	Tutorial Sessions	Level 1 support	DOLE - Pilot program	09/19/2022
Laguna	Pila	Paciano Rizal	754	Juan	Cruz	López	Female	25	OTHER_PROGRAM	Cash for Training	Standard package	DOH - Emergency response. Contact: main branch	09/18/2024
Laguna	Liliw	Sirang Lupa	117	Clara	Gómez	Cruz	Male	24	SOCIAL_PENSION	Surgical Procedures	"PHP 3,000"	Caritas - Pilot program. Contact: regional office	01/29/2025
Laguna	Cabuyao	Uwisan	798	Clara	García	García	Female	42	SOCIAL_PENSION	Scholarship Grants	Basic assistance	USAID - Annual assistance. Contact: main branch	02/28/2022
Laguna	Pila	Masaya	794	Pedro	Carn	Reyes	Female	47	OTHER_CAPABILITY_BUILDING_SUPPORT	Alternative Learning System	Basic assistance	DSWD - Special initiative. Contact: regional office	08/29/2024
Laguna	Siniloan	Masili	144	María	García	Galang	Male	51	DISASTER_RELIEF_ASSISTANCE	Vaccination	Basic assistance	Private Donor - Emergency response	06/07/2022
Laguna	Paete	San Agustín (Antipolo)	717	Ana	López	Galang	Female	61	SOCIAL_PENSION	"Non-Food Items (Hygiene Kits, Clothes, Household Items)"	Level 1 support	World Vision - Pilot program	12/18/2024
Laguna	Santa Cruz	Santo Tomás (Calabuso)	551	Ana	Santos	García	Male	65	PWD_ASSISTANCE	Food for Work	Level 1 support	DA - Special initiative. Contact: local coordinator	06/24/2021
Laguna	Luisiana	Maunong	929	James	Reyes	Reyes	Male	58	SUPPLEMENTAL_FEEDING	Food for Work	Enhanced support	DOH - Annual assistance. Contact: local coordinator	06/17/2023
Laguna	Bay	San José	666	Juan	Pérez	Cruz	Male	69	DISASTER_RELIEF_ASSISTANCE	Agricultural and Fisheries	Basic assistance	Private Donor - Special initiative	09/14/2023
Laguna	Liliw	Timbao	688	James	Carn	López	Female	28	OTHER_PROGRAM	Cash for Training	Enhanced support	Anonymous Donor - Special initiative. Contact: local coordinator	01/09/2022
Laguna	Victoria	Santo Tomás (Calabuso)	961	Janna	Reyes	López	Female	32	KALAHI	Food for Work	Standard package	DOLE - Pilot program. Contact: regional office	09/24/2022
Laguna	Cabuyao	San Cristóbal	753	Ana	Santos	Gómez	Female	52	EDUCATIONAL_ASSISTANCE	Medical Supplies	"PHP 5,000"	DepEd - Regular program. Contact: regional office	08/25/2021
Laguna	Mabitac	San Isidro	422	Juan	Carn	Gómez	Female	40	MEDICAL_SERVICES	Mental Health Support	Basic assistance	Red Cross - Pilot program. Contact: main branch	10/07/2023
Laguna	Majayjay	Barangay I (Poblacion)	898	Pedro	Reyes	Gómez	Female	70	OTHER_PROGRAM	Cash for Work	Enhanced support	Local Government - Annual assistance	08/26/2023
Laguna	Magdalena	Parian	369	James	Reyes	Pérez	Female	62	SOCIAL_PENSION	Surgical Procedures	Wheelchair	USAID - Emergency response. Contact: local coordinator	03/19/2022
Laguna	Famy	Palma	646	Pedro	Carn	García	Female	38	PWD_ASSISTANCE	Alternative Learning System	Enhanced support	Provincial Government - Emergency response. Contact: main branch	11/28/2023
Laguna	Mabitac	Majada Labas	558	Pedro	Reyes	Galang	Female	45	LIVELIHOOD_ASSISTANCE	Agricultural and Fisheries	Standard package	USAID - Special initiative. Contact: local coordinator	02/23/2023
Laguna	Rizal	Punta	50	Miguel	Reyes	López	Female	30	AICS	Voucher	Standard package	World Vision - Special initiative. Contact: local coordinator	10/17/2023
Laguna	Santa Rosa	Majada Labas	678	Miguel	Carn	Pérez	Female	51	MEDICAL_SERVICES	Food Items	Food Pack	DOLE - Annual assistance. Contact: regional office	06/06/2023
Laguna	San Pedro	Mayapa	106	Pedro	Pérez	Galang	Female	55	OTHER_PROGRAM	Family Development Trainings	Week-long training	Provincial Government - Special initiative. Contact: regional office	04/26/2023
Laguna	Victoria	Mayapa	216	James	Reyes	Galang	Male	23	OTHER_CAPABILITY_BUILDING_SUPPORT	Cash for Training	Standard package	DepEd - Annual assistance. Contact: local coordinator	04/12/2025
Laguna	Famy	Looc	658	Miguel	Reyes	García	Female	61	SLP	Alternative Learning System	Enhanced support	Red Cross - Annual assistance. Contact: main branch	04/22/2023
Laguna	Pangil	San Benito (Palita)	923	Janna	Pérez	Santos	Male	21	AICS	Capital/Starter Kit	Standard package	Local Government - Pilot program. Contact: main branch	09/27/2022
Laguna	Majayjay	San Ildefonso	425	Clara	Cruz	Gómez	Male	22	MEDICAL_SERVICES	Agricultural and Fisheries	Basic assistance	DA - Pilot program. Contact: local coordinator	06/05/2021
Laguna	Lumban	San José	72	Clara	López	Pérez	Male	72	SUPPLEMENTAL_FEEDING	Job Referral	Level 1 support	Community Organization - Special initiative	12/30/2022
Laguna	Paete	Saimsim	988	Miguel	Cruz	Santos	Male	79	KALAHI	Surgical Procedures	Crutches	Community Organization - Regular program. Contact: regional office	05/02/2024
Laguna	Magdalena	Zapote	842	James	Gómez	Santos	Female	57	LIVELIHOOD_ASSISTANCE	Scholarship Grants	Standard package	UNICEF - Regular program. Contact: main branch	03/24/2023
Laguna	Pangil	Barangay I (Poblacion)	785	Clara	Santos	Pérez	Male	23	OTHER_CAPABILITY_BUILDING_SUPPORT	Equipment/School Materials	Uniform	Red Cross - Regular program. Contact: main branch	03/30/2024
Laguna	San Pablo	Zapote	759	María	Cruz	Reyes	Male	38	MEDICAL_SERVICES	Dental Services	Enhanced support	DA - Regular program. Contact: main branch	10/02/2022
Laguna	Santa Cruz	Parian	446	Clara	Cruz	Gómez	Male	45	SOCIAL_PENSION	GAD Trainings	Week-long training	World Vision - Emergency response. Contact: local coordinator	02/24/2024
Laguna	San Pedro	Masaya	925	Ana	Santos	García	Female	20	MEDICAL_SERVICES	Medical Supplies	Crutches	Provincial Government - Emergency response. Contact: regional office	04/20/2025
Laguna	Santa Rosa	Barangay II (Poblacion)	186	James	Reyes	Pérez	Male	40	PWD_ASSISTANCE	"Non-Food Items (Hygiene Kits, Clothes, Household Items)"	Basic assistance	DOLE - Annual assistance. Contact: local coordinator	06/16/2024
Laguna	Santa Rosa	Masili	70	Miguel	Reyes	Galang	Male	25	PWD_ASSISTANCE	Honorarium	Level 1 support	DSWD - Special initiative. Contact: main branch	12/01/2023
Laguna	Santa Rosa	Santo Domingo	974	Miguel	Cruz	Pérez	Female	36	PWD_ASSISTANCE	Capital/Starter Kit	Enhanced support	UNICEF - Annual assistance. Contact: local coordinator	07/05/2021
Laguna	Lumban	Ulango	150	Clara	Santos	López	Female	70	OTHER_PROGRAM	Values Formation	Week-long training	Provincial Government - Regular program	04/06/2022
Laguna	Kalayaan	San Agustín (Antipolo)	246	James	Reyes	Pérez	Female	28	LIVELIHOOD_ASSISTANCE	Food Assistance	Canned Goods (10 pcs)	DA - Special initiative	11/13/2024
Laguna	Siniloan	San Ildefonso	774	Janna	García	Reyes	Female	67	LIVELIHOOD_ASSISTANCE	Insurance	Standard package	DSWD - Emergency response	07/08/2024
Laguna	Magdalena	Masili	538	María	Carn	Gómez	Female	27	SLP	"Non-Food Items (Hygiene Kits, Clothes, Household Items)"	Enhanced support	Provincial Government - Annual assistance. Contact: regional office	11/30/2024
Laguna	Lumban	Looc	935	Miguel	Carn	Gómez	Female	75	OTHER_PROGRAM	Agricultural and Fisheries	Level 1 support	Private Donor - Regular program. Contact: regional office	06/30/2022
Laguna	Alaminos	San Isidro	652	James	López	Santos	Female	45	LIVELIHOOD_ASSISTANCE	GAD Trainings	2-day workshop	DSWD - Emergency response	01/12/2025
Laguna	San Pedro	Punta	99	Miguel	Carn	Cruz	Female	37	PWD_ASSISTANCE	Food Assistance	Rice (10kg)	DSWD - Regular program	11/30/2022
Laguna	Cavinti	San Miguel	910	Miguel	Cruz	Gómez	Female	61	PWD_ASSISTANCE	Leadership Skills Training	Basic assistance	DSWD - Annual assistance. Contact: main branch	11/25/2024
Laguna	Kalayaan	Zapote	278	Ana	Carn	Gómez	Male	69	EDUCATIONAL_ASSISTANCE	Mental Health Support	Level 1 support	Caritas - Annual assistance	11/03/2021
Laguna	San Pablo	Saimsim	563	Clara	Carn	Reyes	Female	45	KALAHI	Cash for Training	Level 1 support	DOH - Annual assistance. Contact: local coordinator	08/03/2023
Laguna	Alaminos	Barangay IV (Poblacion)	663	Ana	García	Reyes	Male	46	MEDICAL_SERVICES	Alternative Learning System	Enhanced support	World Vision - Special initiative. Contact: local coordinator	05/17/2021
Laguna	Luisiana	Puting Lupa	944	Clara	Reyes	García	Male	25	KALAHI	Scholarship Grants	Basic assistance	Red Cross - Pilot program	05/10/2024
Laguna	Famy	Zapote	455	Miguel	García	López	Female	36	SLP	Food Assistance	Rice (5kg)	Anonymous Donor - Special initiative. Contact: regional office	06/12/2023
Laguna	San Pablo	Timbao	104	James	Cruz	Reyes	Female	70	LIVELIHOOD_ASSISTANCE	Cash for Work	Basic assistance	USAID - Annual assistance. Contact: regional office	10/17/2022
Laguna	Los Baños	Casile	946	Pedro	Carn	Pérez	Female	65	DISASTER_RELIEF_ASSISTANCE	GAD Trainings	1-day seminar	DepEd - Annual assistance. Contact: main branch	09/13/2022
Laguna	Pagsanjan	San Cristóbal	601	Clara	Pérez	López	Female	76	SLP	Activity Involvement/Advocacy	Enhanced support	World Vision - Pilot program. Contact: local coordinator	06/06/2021
Laguna	Nagcarlan	Santa Rosa	653	Pedro	Reyes	García	Male	38	PWD_ASSISTANCE	Activity Involvement/Advocacy	Standard package	DOLE - Emergency response. Contact: local coordinator	07/02/2024
Laguna	Famy	San Agustín (Antipolo)	725	María	López	Pérez	Male	35	MEDICAL_SERVICES	Leadership Skills Training	Enhanced support	Red Cross - Pilot program. Contact: local coordinator	06/30/2021
Laguna	Biñan	San Benito (Palita)	233	Ana	López	Gómez	Female	26	AICS	Vaccination	Basic assistance	Community Organization - Emergency response. Contact: main branch	02/13/2022
Laguna	Biñan	Santo Tomás (Calabuso)	394	Pedro	Gómez	Cruz	Male	21	OTHER_CAPABILITY_BUILDING_SUPPORT	Cash for Work	Standard package	DepEd - Special initiative	05/03/2023
Laguna	Alaminos	Parian	501	Ana	Gómez	Galang	Female	58	DISASTER_RELIEF_ASSISTANCE	Technical Skills Training	Enhanced support	DA - Regular program	09/04/2023
Laguna	Santa Maria	Barangay I (Poblacion)	695	Clara	Carn	Galang	Male	42	DISASTER_RELIEF_ASSISTANCE	Skills Training	Carpentry	Private Donor - Emergency response. Contact: local coordinator	11/18/2023
Laguna	Calamba	Sirang Lupa	251	Clara	Carn	Santos	Male	51	OTHER_CAPABILITY_BUILDING_SUPPORT	Job Fair	Basic assistance	DOLE - Regular program. Contact: local coordinator	05/21/2023
Laguna	Liliw	Mapagong	521	María	López	Gómez	Female	26	OTHER_PROGRAM	Voucher	Standard package	Private Donor - Pilot program. Contact: regional office	09/04/2022
Laguna	Cavinti	Looc	79	Clara	López	Santos	Female	26	LIVELIHOOD_ASSISTANCE	Mental Health Support	Standard package	Local Government - Regular program. Contact: main branch	03/19/2025
Laguna	Santa Cruz	San Agustín (Antipolo)	52	Miguel	Pérez	Cruz	Male	35	DISASTER_RELIEF_ASSISTANCE	Medical Assistance	Wheelchair	Provincial Government - Special initiative. Contact: main branch	04/18/2025
Laguna	Kalayaan	Real	898	María	Cruz	Galang	Female	28	AICS	Medical Assistance	"PHP 10,000"	Private Donor - Emergency response. Contact: local coordinator	05/07/2024
Laguna	Santa Rosa	Del Carmen	921	Pedro	Carn	Santos	Male	30	MEDICAL_SERVICES	Cash for Training	Basic assistance	World Vision - Annual assistance. Contact: main branch	03/10/2021
Laguna	Cavinti	Turbina	781	Clara	López	Gómez	Female	55	SLP	Vaccination	Standard package	Community Organization - Pilot program. Contact: regional office	08/25/2022
Laguna	Kalayaan	Sirang Lupa	226	James	Pérez	López	Female	26	OTHER_PROGRAM	Food Items	Food Pack	DA - Emergency response. Contact: regional office	01/17/2021
Laguna	Famy	Palo-Alto	51	Juan	Santos	Reyes	Female	33	SOCIAL_PENSION	Consultation/Medical Check-Up	Crutches	Community Organization - Special initiative. Contact: main branch	04/29/2023
Laguna	Luisiana	San Vicente	186	Janna	López	García	Female	21	SOCIAL_PENSION	"Non-Food Items (Hygiene Kits, Clothes, Household Items)"	Level 1 support	DSWD - Special initiative	05/29/2023
Laguna	Bay	Sirang Lupa	34	Miguel	Reyes	Pérez	Female	51	OTHER_CAPABILITY_BUILDING_SUPPORT	GAD Trainings	3-day conference	Private Donor - Regular program. Contact: local coordinator	04/15/2023
Laguna	Alaminos	Mapagong	803	Juan	Reyes	Santos	Female	24	MEDICAL_SERVICES	Tutorial Sessions	Standard package	DA - Emergency response. Contact: regional office	06/30/2022
Laguna	Majayjay	Punta	742	Juan	Santos	Cruz	Female	32	MEDICAL_SERVICES	Food for Work	Level 1 support	DA - Emergency response. Contact: regional office	03/01/2021
Laguna	Rizal	San José	131	Ana	Gómez	Pérez	Male	74	SOCIAL_PENSION	Food Items	Canned Goods (10 pcs)	World Vision - Annual assistance. Contact: local coordinator	07/03/2021
Laguna	Rizal	Ulango	632	Miguel	Cruz	Galang	Female	55	DISASTER_RELIEF_ASSISTANCE	Surgical Procedures	"PHP 3,000"	Caritas - Emergency response. Contact: main branch	04/18/2023
Laguna	Victoria	Zapote	443	Miguel	Gómez	Gómez	Male	28	LIVELIHOOD_ASSISTANCE	Equipment/School Materials	Laptop	DA - Special initiative. Contact: local coordinator	10/20/2024
Laguna	San Pablo	Turbina	838	María	Carn	Cruz	Female	49	OTHER_CAPABILITY_BUILDING_SUPPORT	Food for Work	Basic assistance	DA - Regular program. Contact: main branch	10/19/2023
Laguna	Calamba	Ulango	759	Ana	Gómez	García	Male	44	SOCIAL_PENSION	Activity Involvement/Advocacy	Standard package	Community Organization - Regular program. Contact: regional office	12/28/2024
Laguna	Biñan	Barangay II (Poblacion)	432	Pedro	Carn	García	Female	47	MEDICAL_SERVICES	Skills Training	Sewing	Anonymous Donor - Special initiative	05/07/2024
Laguna	Luisiana	Santo Domingo	704	Janna	López	Cruz	Female	69	OTHER_PROGRAM	Financial	"PHP 3,000"	DOH - Special initiative. Contact: main branch	01/23/2023
Laguna	Famy	Punta	497	Pedro	Reyes	Santos	Male	34	AICS	Medical Supplies	Wheelchair	World Vision - Pilot program. Contact: main branch	06/09/2024
Laguna	Pila	San Agustín (Antipolo)	403	James	Cruz	Santos	Female	53	OTHER_PROGRAM	Tutorial Sessions	Enhanced support	Anonymous Donor - Pilot program. Contact: local coordinator	12/24/2022
Laguna	Santa Maria	Maunong	323	Janna	Cruz	Galang	Female	36	OTHER_PROGRAM	Dental Services	Level 1 support	USAID - Special initiative. Contact: regional office	10/23/2024
Laguna	Biñan	Ulango	210	Ana	Cruz	López	Female	24	LIVELIHOOD_ASSISTANCE	Surgical Procedures	Crutches	Community Organization - Annual assistance. Contact: main branch	12/24/2024
Laguna	Alaminos	Palo-Alto	615	Clara	López	Galang	Female	60	SLP	Tutorial Sessions	Basic assistance	DOLE - Emergency response	02/17/2024
Laguna	Biñan	Lingga	329	Clara	Carn	Reyes	Female	62	OTHER_CAPABILITY_BUILDING_SUPPORT	Food Items	Food Pack	Red Cross - Pilot program. Contact: main branch	11/26/2021
Laguna	Calamba	Mayapa	372	Ana	Cruz	López	Male	76	SOCIAL_PENSION	Transportation Allowance	Standard package	UNICEF - Regular program	05/23/2024
Laguna	Magdalena	San Ildefonso	460	Pedro	López	Gómez	Female	75	PWD_ASSISTANCE	Activity Involvement/Advocacy	Level 1 support	Local Government - Special initiative. Contact: local coordinator	09/07/2024
Laguna	Mabitac	Masili	133	Ana	López	Pérez	Male	38	SLP	Values Formation	Week-long training	Anonymous Donor - Special initiative. Contact: main branch	03/18/2024
Laguna	Biñan	San Antonio	835	Ana	Santos	Gómez	Male	45	MEDICAL_SERVICES	Food for Work	Basic assistance	DA - Annual assistance. Contact: local coordinator	12/02/2024
Laguna	Alaminos	San José	651	Juan	García	Reyes	Male	20	OTHER_PROGRAM	Equipment/School Materials	Books	USAID - Special initiative	11/01/2024
Laguna	Calamba	Barangay II (Poblacion)	121	James	Gómez	Galang	Male	31	OTHER_PROGRAM	Food for Work	Basic assistance	USAID - Special initiative	02/20/2023
Laguna	Santa Cruz	Barangay III (Poblacion)	606	Miguel	Cruz	López	Male	19	OTHER_CAPABILITY_BUILDING_SUPPORT	Capital/Starter Kit	Basic assistance	DA - Emergency response. Contact: main branch	09/05/2024
Laguna	Rizal	Palo-Alto	452	Clara	García	López	Male	46	SLP	Job Fair	Standard package	Anonymous Donor - Special initiative. Contact: main branch	10/26/2023
Laguna	Mabitac	San Isidro	965	Juan	Carn	Reyes	Male	35	SUPPLEMENTAL_FEEDING	Food Items	Rice (10kg)	Red Cross - Regular program. Contact: local coordinator	02/06/2022
Laguna	Cavinti	San Roque	129	Ana	López	Gómez	Male	54	MEDICAL_SERVICES	Food for Work	Level 1 support	Anonymous Donor - Pilot program. Contact: regional office	09/20/2022
Laguna	Santa Maria	San Gregorio	91	María	Pérez	Cruz	Female	62	AICS	Capital/Starter Kit	Enhanced support	Private Donor - Annual assistance	07/22/2021
Laguna	Kalayaan	Casile	604	Juan	Gómez	Santos	Male	62	PWD_ASSISTANCE	Vaccination	Basic assistance	DOH - Special initiative. Contact: main branch	11/27/2023
Laguna	Magdalena	San José	575	Ana	Gómez	López	Female	41	KALAHI	Consultation/Medical Check-Up	Medical Kit	World Vision - Emergency response. Contact: local coordinator	02/23/2021
Laguna	Magdalena	San Benito (Palita)	29	Clara	Cruz	Pérez	Male	73	SOCIAL_PENSION	Voucher	Level 1 support	DOH - Regular program. Contact: main branch	10/15/2021
Laguna	Santa Cruz	Mapagong	722	Miguel	Pérez	Pérez	Male	63	EDUCATIONAL_ASSISTANCE	Burial Assistance	Standard package	World Vision - Special initiative. Contact: regional office	07/31/2024
Laguna	Liliw	Makiling	524	Ana	Reyes	López	Female	29	EDUCATIONAL_ASSISTANCE	Consultation/Medical Check-Up	"PHP 3,000"	USAID - Annual assistance	12/05/2023
Laguna	Santa Rosa	Palma	333	James	Carn	Reyes	Male	70	MEDICAL_SERVICES	Dental Services	Level 1 support	DOLE - Pilot program	10/11/2021
Laguna	Lumban	Makiling	297	Pedro	Santos	López	Female	62	SOCIAL_PENSION	Cash for Work	Basic assistance	Private Donor - Annual assistance. Contact: local coordinator	04/13/2023
Laguna	Pagsanjan	Barangay III (Poblacion)	130	Janna	Santos	Gómez	Male	49	KALAHI	Surgical Procedures	"PHP 3,000"	UNICEF - Annual assistance	08/05/2022
Laguna	Cavinti	Majada Labas	293	Juan	García	Reyes	Female	35	SLP	Scholarship Grants	Enhanced support	USAID - Annual assistance. Contact: local coordinator	02/11/2021
Laguna	Nagcarlan	Santo Tomás (Calabuso)	173	Juan	López	Cruz	Female	30	SUPPLEMENTAL_FEEDING	Vaccination	Standard package	UNICEF - Emergency response. Contact: regional office	12/11/2024
Laguna	Pakil	Saimsim	720	Juan	García	Pérez	Male	21	AICS	Values Formation	1-day seminar	Local Government - Regular program. Contact: main branch	09/29/2021
Laguna	Siniloan	San Cristóbal	944	Ana	Reyes	López	Male	40	SLP	Honorarium	Standard package	DSWD - Emergency response. Contact: main branch	03/10/2024
Laguna	Cabuyao	Real	24	Miguel	Reyes	García	Male	79	PWD_ASSISTANCE	Values Formation	3-day conference	DA - Pilot program. Contact: regional office	07/06/2023
Laguna	Victoria	Saimsim	99	James	Gómez	Galang	Male	71	SLP	Consultation/Medical Check-Up	"PHP 3,000"	Local Government - Pilot program. Contact: local coordinator	07/25/2022
Laguna	Calamba	Maunong	406	Miguel	Santos	Pérez	Female	27	KALAHI	Voucher	Enhanced support	World Vision - Special initiative	01/22/2023
Laguna	Rizal	San Miguel	356	Ana	Pérez	Cruz	Female	72	SUPPLEMENTAL_FEEDING	Agricultural and Fisheries	Level 1 support	Anonymous Donor - Regular program. Contact: local coordinator	02/16/2021
Laguna	Cavinti	Súcol	139	Ana	Cruz	García	Female	22	PWD_ASSISTANCE	Medical Supplies	Crutches	World Vision - Pilot program. Contact: regional office	04/05/2024
Laguna	Lumban	San Agustín (Antipolo)	503	Pedro	Santos	Pérez	Female	67	KALAHI	Burial Assistance	Standard package	World Vision - Emergency response	05/06/2021
Laguna	Magdalena	San Benito (Palita)	826	María	Santos	Cruz	Female	57	EDUCATIONAL_ASSISTANCE	Parent Effectiveness Trainings	Level 1 support	Anonymous Donor - Regular program. Contact: regional office	04/17/2022
Laguna	Los Baños	Ulango	174	James	Pérez	Santos	Female	31	DISASTER_RELIEF_ASSISTANCE	Agricultural and Fisheries	Level 1 support	DepEd - Pilot program. Contact: main branch	03/22/2023
Laguna	Siniloan	San Agustín (Antipolo)	29	Juan	Gómez	Cruz	Female	77	EDUCATIONAL_ASSISTANCE	Dental Services	Basic assistance	Private Donor - Annual assistance. Contact: local coordinator	09/13/2022
Laguna	Cabuyao	Mapagong	931	Janna	Gómez	Cruz	Male	51	DISASTER_RELIEF_ASSISTANCE	Dental Services	Enhanced support	DOLE - Annual assistance. Contact: main branch	11/08/2022
Laguna	Lumban	Looc	496	Juan	Pérez	Santos	Male	45	SOCIAL_PENSION	Skills Training	Computer Literacy	Caritas - Annual assistance. Contact: regional office	01/05/2022
Laguna	Cavinti	Saimsim	655	Miguel	Reyes	López	Male	25	MEDICAL_SERVICES	Alternative Learning System	Enhanced support	Caritas - Special initiative. Contact: main branch	02/10/2023
Laguna	Santa Maria	Barangay III (Poblacion)	828	Ana	Pérez	Galang	Male	33	EDUCATIONAL_ASSISTANCE	Vaccination	Level 1 support	DOH - Emergency response. Contact: local coordinator	08/11/2022
Laguna	Pagsanjan	Punta	351	James	García	Gómez	Male	48	OTHER_CAPABILITY_BUILDING_SUPPORT	Scholarship Grants	Enhanced support	Caritas - Emergency response	01/07/2021
Laguna	Pila	San Juan	554	Clara	Reyes	García	Male	24	SUPPLEMENTAL_FEEDING	Honorarium	Level 1 support	Red Cross - Annual assistance. Contact: regional office	11/29/2022
Laguna	Santa Rosa	Barangay I (Poblacion)	299	James	Pérez	Pérez	Male	20	OTHER_CAPABILITY_BUILDING_SUPPORT	Skills Training	Hairdressing	World Vision - Annual assistance. Contact: regional office	07/23/2024
Laguna	Bay	Milagrosa	720	James	López	Gómez	Male	46	KALAHI	Transportation Allowance	Standard package	DA - Annual assistance. Contact: local coordinator	03/06/2021
Laguna	Liliw	Súcol	842	María	Reyes	Reyes	Female	53	SOCIAL_PENSION	Burial Assistance	Standard package	DOH - Pilot program	07/21/2021
Laguna	Lumban	Zapote	945	Juan	Reyes	Galang	Male	78	SLP	Consultation/Medical Check-Up	"PHP 10,000"	DA - Pilot program	05/22/2021
Laguna	Victoria	San Andrés	192	María	Santos	Gómez	Male	56	KALAHI	Equipment/School Materials	Laptop	Anonymous Donor - Regular program. Contact: regional office	01/27/2024
Laguna	San Pedro	San Agustín (Antipolo)	672	Clara	Cruz	Pérez	Male	21	KALAHI	Honorarium	Basic assistance	DOH - Special initiative. Contact: regional office	03/28/2023
Laguna	Pangil	Palingon	64	Clara	Santos	Cruz	Female	26	OTHER_PROGRAM	Transportation Allowance	Standard package	Private Donor - Pilot program. Contact: main branch	08/05/2021
Laguna	Calauan	Timbao	755	Pedro	Carn	Gómez	Male	72	OTHER_CAPABILITY_BUILDING_SUPPORT	Mental Health Support	Standard package	Provincial Government - Special initiative. Contact: regional office	09/18/2023
Laguna	Santa Rosa	San Roque	770	Miguel	Reyes	Reyes	Female	34	SLP	Agricultural and Fisheries	Standard package	Community Organization - Regular program. Contact: local coordinator	08/09/2024
Laguna	Santa Rosa	Santa Rosa	664	Janna	Pérez	Santos	Female	66	SOCIAL_PENSION	Leadership Skills Training	Enhanced support	DA - Regular program. Contact: local coordinator	03/12/2025
Laguna	Luisiana	San José	215	Pedro	Pérez	Gómez	Male	37	OTHER_PROGRAM	Dental Services	Standard package	Community Organization - Annual assistance. Contact: main branch	03/03/2024
Laguna	Luisiana	Palo-Alto	834	Ana	Pérez	Galang	Female	31	DISASTER_RELIEF_ASSISTANCE	Values Formation	3-day conference	Private Donor - Pilot program. Contact: local coordinator	09/19/2021
Laguna	Pakil	San Roque	166	María	Reyes	López	Male	63	OTHER_CAPABILITY_BUILDING_SUPPORT	Job Fair	Enhanced support	Community Organization - Emergency response. Contact: local coordinator	10/11/2021
Laguna	Victoria	Zapote	543	María	Pérez	García	Male	46	SOCIAL_PENSION	Honorarium	Enhanced support	World Vision - Pilot program. Contact: main branch	04/12/2021
Laguna	Victoria	Barangay III (Poblacion)	883	Pedro	Carn	Galang	Male	74	OTHER_PROGRAM	Scholarship Grants	Level 1 support	Red Cross - Regular program. Contact: main branch	01/12/2022
Laguna	Los Baños	Barangay I (Poblacion)	232	Ana	Reyes	Galang	Female	30	DISASTER_RELIEF_ASSISTANCE	Agricultural and Fisheries	Basic assistance	Red Cross - Special initiative. Contact: local coordinator	07/25/2021
Laguna	Santa Cruz	Saimsim	794	James	Pérez	López	Male	53	SOCIAL_PENSION	GAD Trainings	3-day conference	DSWD - Regular program. Contact: local coordinator	11/03/2023
Laguna	Rizal	Uwisan	541	Ana	Reyes	Reyes	Male	62	SOCIAL_PENSION	Medical Supplies	Crutches	World Vision - Pilot program. Contact: main branch	01/31/2023
Laguna	Santa Rosa	Majada Labas	195	Juan	López	Santos	Male	70	DISASTER_RELIEF_ASSISTANCE	GAD Trainings	3-day conference	Local Government - Pilot program. Contact: local coordinator	02/21/2024
Laguna	San Pedro	Mayapa	506	Pedro	Reyes	López	Female	34	DISASTER_RELIEF_ASSISTANCE	Parent Effectiveness Trainings	Enhanced support	Red Cross - Annual assistance. Contact: main branch	01/10/2021
Laguna	Cavinti	San Miguel	334	Miguel	Carn	Pérez	Female	64	SLP	GAD Trainings	2-day workshop	Private Donor - Regular program. Contact: local coordinator	04/05/2024
Laguna	Victoria	Real	768	Ana	Santos	Santos	Female	79	SOCIAL_PENSION	Leadership Skills Training	Basic assistance	Provincial Government - Regular program. Contact: main branch	05/31/2021
Laguna	Alaminos	Real	793	James	Reyes	López	Female	67	KALAHI	Medical Supplies	"PHP 10,000"	DOH - Annual assistance. Contact: local coordinator	11/27/2023
Laguna	Alaminos	San Juan	304	Ana	Cruz	Galang	Male	60	LIVELIHOOD_ASSISTANCE	Capital/Starter Kit	Standard package	DSWD - Pilot program. Contact: local coordinator	02/15/2023
Laguna	San Pedro	Calo	833	María	Carn	Santos	Male	21	PWD_ASSISTANCE	Surgical Procedures	Medical Kit	USAID - Annual assistance. Contact: regional office	02/06/2025
Laguna	Santa Maria	Mayapa	437	Janna	García	Reyes	Female	77	LIVELIHOOD_ASSISTANCE	Honorarium	Standard package	Private Donor - Pilot program. Contact: local coordinator	01/07/2025
Laguna	Victoria	Santo Tomás (Calabuso)	323	María	López	Reyes	Male	37	AICS	Mental Health Support	Enhanced support	DOLE - Annual assistance. Contact: main branch	09/27/2024
Laguna	San Pedro	San Benito (Palita)	502	Miguel	Carn	García	Female	28	EDUCATIONAL_ASSISTANCE	"Non-Food Items (Hygiene Kits, Clothes, Household Items)"	Standard package	Provincial Government - Pilot program. Contact: main branch	10/26/2023
Laguna	Pakil	Puting Lupa	858	Clara	Santos	Santos	Male	59	PWD_ASSISTANCE	Dental Services	Standard package	World Vision - Pilot program. Contact: local coordinator	06/09/2023
Laguna	Lumban	Santo Tomás (Calabuso)	914	Janna	Pérez	García	Male	39	SUPPLEMENTAL_FEEDING	Vaccination	Level 1 support	Anonymous Donor - Regular program	06/03/2024
Laguna	Kalayaan	Makiling	393	Clara	Pérez	Pérez	Female	62	KALAHI	Cash for Work	Enhanced support	World Vision - Pilot program. Contact: local coordinator	04/12/2025
Laguna	Biñan	Masili	806	Ana	Carn	López	Female	71	OTHER_CAPABILITY_BUILDING_SUPPORT	Honorarium	Enhanced support	Anonymous Donor - Special initiative. Contact: regional office	02/22/2024
Laguna	Cavinti	Paciano Rizal	599	Juan	García	Cruz	Male	25	SLP	Surgical Procedures	Medical Kit	USAID - Pilot program. Contact: main branch	02/07/2022
Laguna	Calauan	Sirang Lupa	149	Miguel	Pérez	Pérez	Female	45	EDUCATIONAL_ASSISTANCE	"Non-Food Items (Hygiene Kits, Clothes, Household Items)"	Basic assistance	DepEd - Special initiative. Contact: local coordinator	07/28/2023
Laguna	Famy	Makiling	761	Ana	López	Reyes	Male	62	LIVELIHOOD_ASSISTANCE	Food for Work	Level 1 support	DSWD - Pilot program. Contact: regional office	03/22/2023
Laguna	Santa Maria	Del Carmen	833	James	Cruz	Galang	Male	58	SLP	Agricultural and Fisheries	Basic assistance	DOH - Regular program. Contact: regional office	11/25/2023
Laguna	Kalayaan	Real	405	Ana	García	Gómez	Male	47	DISASTER_RELIEF_ASSISTANCE	Equipment/School Materials	Books	Community Organization - Regular program. Contact: regional office	06/14/2024
Laguna	Victoria	Pansol	283	Janna	Gómez	Reyes	Male	50	KALAHI	"Non-Food Items (Hygiene Kits, Clothes, Household Items)"	Level 1 support	World Vision - Special initiative. Contact: main branch	01/31/2025
Laguna	Calamba	San Miguel	362	María	Gómez	Cruz	Female	50	SLP	Cash for Training	Standard package	World Vision - Emergency response. Contact: local coordinator	05/14/2022
Laguna	Alaminos	Santo Domingo	379	Juan	Carn	Galang	Male	64	SOCIAL_PENSION	Activity Involvement/Advocacy	Enhanced support	Provincial Government - Special initiative	05/27/2022
Laguna	Pagsanjan	San Vicente	198	Clara	García	Santos	Male	71	LIVELIHOOD_ASSISTANCE	Voucher	Enhanced support	DSWD - Special initiative. Contact: main branch	11/13/2021
Laguna	Liliw	Ulango	556	Ana	Pérez	Gómez	Male	53	SUPPLEMENTAL_FEEDING	Burial Assistance	Standard package	World Vision - Pilot program	10/30/2021
Laguna	Luisiana	San Isidro	356	Ana	Pérez	Santos	Female	44	AICS	Parent Effectiveness Trainings	Level 1 support	DSWD - Pilot program. Contact: local coordinator	01/31/2024
Laguna	San Pablo	Majada Labas	540	María	Carn	Pérez	Male	37	SUPPLEMENTAL_FEEDING	Surgical Procedures	"PHP 10,000"	UNICEF - Pilot program. Contact: local coordinator	08/28/2024
Laguna	Magdalena	San Isidro	429	Juan	Pérez	Gómez	Female	50	SUPPLEMENTAL_FEEDING	Mental Health Support	Level 1 support	DOLE - Annual assistance. Contact: local coordinator	03/23/2021
Laguna	Santa Maria	Saimsim	17	Pedro	Pérez	Reyes	Female	42	LIVELIHOOD_ASSISTANCE	Cash for Work	Standard package	DA - Annual assistance. Contact: local coordinator	10/20/2022
Laguna	Pila	Masaya	639	Clara	Cruz	Galang	Female	61	DISASTER_RELIEF_ASSISTANCE	Skills Training	Carpentry	Caritas - Pilot program. Contact: local coordinator	07/12/2021
Laguna	San Pablo	Palingon	379	Ana	Cruz	López	Female	60	PWD_ASSISTANCE	Financial	"PHP 5,000"	Private Donor - Annual assistance. Contact: main branch	08/12/2021
Laguna	Kalayaan	Casile	680	Ana	Santos	Gómez	Female	36	SLP	Food for Work	Basic assistance	DA - Special initiative. Contact: local coordinator	02/22/2021
Laguna	Pakil	Paciano Rizal	506	Pedro	Cruz	Galang	Female	64	EDUCATIONAL_ASSISTANCE	"Non-Food Items (Hygiene Kits, Clothes, Household Items)"	Basic assistance	DA - Regular program	10/12/2023
Laguna	Nagcarlan	Palingon	756	Clara	Reyes	García	Female	38	KALAHI	Medical Supplies	"PHP 5,000"	DOLE - Emergency response	12/11/2021
Laguna	Victoria	Looc	899	Janna	García	Cruz	Male	59	DISASTER_RELIEF_ASSISTANCE	Cash for Work	Enhanced support	World Vision - Pilot program	01/14/2024
Laguna	Nagcarlan	Looc	76	Janna	García	Pérez	Male	50	MEDICAL_SERVICES	Technical Skills Training	Level 1 support	Private Donor - Annual assistance. Contact: regional office	09/14/2023
Laguna	Santa Cruz	Puting Lupa	231	Miguel	Carn	Santos	Female	73	SLP	Surgical Procedures	"PHP 10,000"	Caritas - Pilot program	10/03/2022
Laguna	Pakil	Real	716	Miguel	Cruz	Reyes	Female	20	LIVELIHOOD_ASSISTANCE	Food for Work	Standard package	World Vision - Special initiative. Contact: regional office	07/30/2021
Laguna	Luisiana	San Antonio	962	James	Santos	Galang	Female	31	OTHER_CAPABILITY_BUILDING_SUPPORT	Alternative Learning System	Level 1 support	Red Cross - Annual assistance. Contact: local coordinator	05/14/2023
Laguna	Victoria	San Vicente	248	María	Pérez	Santos	Male	32	SUPPLEMENTAL_FEEDING	Surgical Procedures	"PHP 10,000"	Red Cross - Regular program	02/15/2023
Laguna	Cavinti	Puting Lupa	302	Juan	Santos	Reyes	Female	50	OTHER_CAPABILITY_BUILDING_SUPPORT	Alternative Learning System	Enhanced support	DA - Special initiative. Contact: main branch	07/04/2023
Laguna	Bay	Parian	726	Ana	Santos	Gómez	Male	59	KALAHI	Capital/Starter Kit	Level 1 support	UNICEF - Annual assistance. Contact: main branch	07/02/2021
Laguna	Biñan	Calo	215	Clara	López	Santos	Male	39	EDUCATIONAL_ASSISTANCE	Food Items	Basic Groceries	DSWD - Regular program	07/19/2024
Laguna	Nagcarlan	Santo Tomás (Calabuso)	158	Ana	Pérez	Reyes	Female	18	SUPPLEMENTAL_FEEDING	Activity Involvement/Advocacy	Standard package	Provincial Government - Annual assistance. Contact: local coordinator	05/21/2022
Laguna	Calamba	Súcol	69	Miguel	Reyes	Santos	Male	48	AICS	Scholarship Grants	Standard package	Local Government - Annual assistance. Contact: regional office	06/04/2024
Laguna	Nagcarlan	Lingga	393	James	Cruz	López	Female	64	AICS	Food for Work	Enhanced support	UNICEF - Regular program. Contact: regional office	01/12/2021
Laguna	San Pablo	San Isidro	85	Clara	Pérez	García	Female	52	EDUCATIONAL_ASSISTANCE	Values Formation	Week-long training	Local Government - Regular program. Contact: local coordinator	04/03/2021
Laguna	Nagcarlan	Palingon	267	Clara	Santos	Cruz	Female	70	SUPPLEMENTAL_FEEDING	Tutorial Sessions	Basic assistance	UNICEF - Pilot program	11/26/2021
Laguna	Santa Maria	Lingga	69	Ana	Pérez	Santos	Male	37	OTHER_PROGRAM	Honorarium	Enhanced support	DOLE - Emergency response	07/09/2021
Laguna	Nagcarlan	Majada Labas	611	María	Reyes	Cruz	Female	49	MEDICAL_SERVICES	Food for Work	Basic assistance	DOH - Regular program. Contact: main branch	05/16/2023
Laguna	Bay	Palma	347	James	García	Santos	Male	72	KALAHI	Burial Assistance	Basic assistance	Community Organization - Emergency response. Contact: local coordinator	08/12/2023
Laguna	Bay	Saimsim	962	María	Carn	Pérez	Female	71	SLP	Skills Training	Hairdressing	DSWD - Annual assistance. Contact: local coordinator	10/19/2023
Laguna	Santa Rosa	San Benito (Palita)	728	James	Cruz	Galang	Female	29	SLP	Surgical Procedures	"PHP 10,000"	DepEd - Pilot program. Contact: main branch	10/20/2021
Laguna	Pila	San Cristóbal	927	Ana	Cruz	García	Female	68	OTHER_PROGRAM	Parent Effectiveness Trainings	Basic assistance	USAID - Special initiative	09/18/2021
Laguna	Rizal	Casile	673	James	López	Pérez	Female	33	PWD_ASSISTANCE	Tutorial Sessions	Enhanced support	Private Donor - Regular program. Contact: main branch	12/11/2022
Laguna	Calamba	Paciano Rizal	423	Janna	García	López	Female	76	PWD_ASSISTANCE	Cash for Work	Standard package	Community Organization - Special initiative. Contact: local coordinator	11/19/2021
Laguna	Alaminos	Masaya	606	Clara	Cruz	García	Male	25	SOCIAL_PENSION	Cash for Training	Basic assistance	Private Donor - Emergency response. Contact: main branch	01/10/2021
Laguna	Alaminos	Lingga	174	Juan	López	Cruz	Female	73	PWD_ASSISTANCE	Alternative Learning System	Basic assistance	World Vision - Pilot program. Contact: main branch	08/23/2023
Laguna	Pagsanjan	Mayapa	677	Ana	López	Galang	Female	31	DISASTER_RELIEF_ASSISTANCE	Vaccination	Basic assistance	Provincial Government - Regular program	03/29/2021
Laguna	Victoria	Uwisan	115	Pedro	López	Reyes	Female	35	SOCIAL_PENSION	Job Referral	Level 1 support	DSWD - Emergency response. Contact: local coordinator	12/06/2021
Laguna	Bay	Del Carmen	220	Juan	Gómez	Pérez	Male	72	KALAHI	Skills Training	Computer Literacy	DA - Pilot program. Contact: regional office	09/03/2024
Laguna	Pangil	Masili	956	Ana	Cruz	García	Female	47	AICS	GAD Trainings	2-day workshop	UNICEF - Pilot program. Contact: local coordinator	04/22/2025
Laguna	Luisiana	Timbao	31	Juan	Cruz	López	Female	50	SLP	Values Formation	3-day conference	Local Government - Annual assistance. Contact: local coordinator	05/31/2024
Laguna	Santa Cruz	Majada Labas	523	Janna	Cruz	Pérez	Female	51	DISASTER_RELIEF_ASSISTANCE	Dental Services	Standard package	Community Organization - Special initiative	11/18/2022
Laguna	Calauan	Barangay IV (Poblacion)	343	Juan	Reyes	Galang	Female	73	SUPPLEMENTAL_FEEDING	Burial Assistance	Level 1 support	World Vision - Pilot program. Contact: regional office	07/28/2021
Laguna	Rizal	Turbina	377	James	López	Galang	Male	61	EDUCATIONAL_ASSISTANCE	Transportation Allowance	Standard package	DSWD - Annual assistance. Contact: main branch	12/09/2023
Laguna	Cabuyao	Palma	130	Miguel	Reyes	Cruz	Female	66	EDUCATIONAL_ASSISTANCE	Activity Involvement/Advocacy	Enhanced support	Provincial Government - Annual assistance. Contact: regional office	04/09/2025
Laguna	Rizal	Santo Domingo	617	Juan	Carn	López	Male	51	MEDICAL_SERVICES	Activity Involvement/Advocacy	Standard package	DA - Emergency response	07/11/2023
Laguna	Los Baños	Santo Domingo	539	Ana	Cruz	Galang	Male	77	AICS	Parent Effectiveness Trainings	Basic assistance	DSWD - Special initiative. Contact: regional office	09/20/2021
Laguna	San Pablo	Makiling	739	Pedro	Gómez	Gómez	Male	66	MEDICAL_SERVICES	Parent Effectiveness Trainings	Enhanced support	DOH - Emergency response. Contact: local coordinator	05/14/2024
Laguna	Santa Maria	Milagrosa	2	Pedro	Pérez	Galang	Male	70	OTHER_PROGRAM	Insurance	Enhanced support	Anonymous Donor - Annual assistance	03/01/2025
Laguna	Nagcarlan	Milagrosa	871	Miguel	García	Reyes	Female	24	LIVELIHOOD_ASSISTANCE	Parent Effectiveness Trainings	Enhanced support	DOH - Emergency response. Contact: local coordinator	11/01/2022
Laguna	Calauan	Turbina	101	María	Gómez	Cruz	Female	23	AICS	Food for Work	Standard package	USAID - Special initiative. Contact: regional office	01/28/2025
Laguna	San Pablo	Pansol	533	Miguel	Santos	Cruz	Male	23	OTHER_CAPABILITY_BUILDING_SUPPORT	Burial Assistance	Standard package	DA - Annual assistance. Contact: regional office	01/20/2021
Laguna	Calamba	Lingga	58	Clara	Carn	López	Male	39	KALAHI	Job Referral	Basic assistance	UNICEF - Annual assistance. Contact: regional office	07/22/2022
Laguna	Pakil	Zapote	389	Juan	Pérez	Galang	Male	25	PWD_ASSISTANCE	Burial Assistance	Enhanced support	DOLE - Special initiative. Contact: main branch	08/28/2023
Laguna	Bay	San Gregorio	692	Pedro	Santos	Reyes	Female	54	SOCIAL_PENSION	Dental Services	Basic assistance	Local Government - Regular program. Contact: regional office	02/06/2024
Laguna	Calauan	San Miguel	941	Miguel	Santos	Santos	Male	32	OTHER_PROGRAM	Financial	"PHP 10,000"	DA - Annual assistance. Contact: regional office	05/20/2021
Laguna	Pila	San Roque	341	Juan	Cruz	García	Male	43	PWD_ASSISTANCE	Vaccination	Level 1 support	DOH - Annual assistance. Contact: main branch	01/20/2024
Laguna	Los Baños	San Cristóbal	861	Clara	García	Gómez	Male	56	SOCIAL_PENSION	Tutorial Sessions	Standard package	World Vision - Annual assistance. Contact: main branch	09/28/2021
Laguna	Majayjay	Majada Labas	20	Pedro	Santos	Pérez	Male	20	EDUCATIONAL_ASSISTANCE	Consultation/Medical Check-Up	"PHP 10,000"	Private Donor - Special initiative. Contact: local coordinator	09/14/2024
Laguna	Majayjay	Santo Domingo	255	Clara	López	Cruz	Male	74	DISASTER_RELIEF_ASSISTANCE	Dental Services	Standard package	UNICEF - Special initiative. Contact: local coordinator	05/18/2024
Laguna	Alaminos	Lingga	317	Juan	Pérez	Reyes	Female	27	EDUCATIONAL_ASSISTANCE	Alternative Learning System	Standard package	Caritas - Special initiative. Contact: regional office	01/18/2025
Laguna	Kalayaan	San Roque	38	Ana	Gómez	López	Male	20	OTHER_PROGRAM	Honorarium	Level 1 support	Community Organization - Special initiative. Contact: local coordinator	10/11/2021
Laguna	Santa Rosa	Barangay I (Poblacion)	660	Juan	Gómez	Reyes	Female	47	EDUCATIONAL_ASSISTANCE	Family Development Trainings	Week-long training	World Vision - Special initiative. Contact: local coordinator	01/01/2022
Laguna	Santa Maria	Del Carmen	537	Miguel	Santos	Galang	Female	63	EDUCATIONAL_ASSISTANCE	Scholarship Grants	Enhanced support	USAID - Annual assistance. Contact: regional office	04/29/2022
Laguna	Calauan	Ulango	386	Clara	Carn	Gómez	Female	39	EDUCATIONAL_ASSISTANCE	Honorarium	Level 1 support	Local Government - Special initiative. Contact: main branch	01/03/2021
Laguna	Majayjay	Del Carmen	633	Ana	García	García	Female	20	AICS	Cash for Training	Enhanced support	DA - Emergency response	10/01/2023
Laguna	Siniloan	Zapote	928	Ana	García	Cruz	Female	18	OTHER_PROGRAM	Family Development Trainings	Week-long training	DA - Annual assistance. Contact: main branch	02/23/2023
Laguna	Biñan	San Cristóbal	26	María	Gómez	Santos	Male	50	MEDICAL_SERVICES	Cash for Training	Level 1 support	DOH - Special initiative. Contact: main branch	06/13/2021
Laguna	Pakil	Santo Domingo	454	Pedro	Santos	Galang	Female	36	EDUCATIONAL_ASSISTANCE	Financial	"PHP 5,000"	USAID - Annual assistance. Contact: main branch	01/23/2022
Laguna	Santa Rosa	San José	681	James	García	Cruz	Female	53	EDUCATIONAL_ASSISTANCE	Technical Skills Training	Level 1 support	DOLE - Pilot program. Contact: local coordinator	09/22/2023
Laguna	Santa Maria	Casile	323	Ana	Carn	Pérez	Male	79	SOCIAL_PENSION	Medical Supplies	Crutches	DOH - Emergency response	10/30/2023
Laguna	Cabuyao	San Agustín (Antipolo)	737	Clara	Gómez	López	Female	51	KALAHI	Transportation Allowance	Level 1 support	DOH - Regular program. Contact: main branch	10/13/2023
Laguna	Pagsanjan	Punta	513	Pedro	Pérez	Cruz	Male	74	KALAHI	Parent Effectiveness Trainings	Basic assistance	Provincial Government - Emergency response. Contact: local coordinator	10/21/2024
Laguna	Santa Cruz	Punta	819	Janna	Carn	Reyes	Male	48	DISASTER_RELIEF_ASSISTANCE	Insurance	Standard package	Caritas - Annual assistance. Contact: main branch	01/12/2021
Laguna	Biñan	Barangay II (Poblacion)	773	Juan	Carn	Pérez	Male	60	EDUCATIONAL_ASSISTANCE	Capital/Starter Kit	Enhanced support	DOLE - Pilot program. Contact: local coordinator	03/15/2021
Laguna	Pagsanjan	Del Carmen	13	Miguel	López	García	Male	41	MEDICAL_SERVICES	Parent Effectiveness Trainings	Level 1 support	Provincial Government - Special initiative. Contact: regional office	08/26/2021
Laguna	Pakil	San Miguel	915	Clara	Cruz	Gómez	Male	29	MEDICAL_SERVICES	Leadership Skills Training	Basic assistance	Anonymous Donor - Pilot program	02/06/2024
Laguna	Cavinti	San Isidro	908	Janna	Santos	Santos	Female	30	DISASTER_RELIEF_ASSISTANCE	GAD Trainings	Week-long training	DOLE - Special initiative. Contact: regional office	07/04/2023
Laguna	Pakil	Mayapa	560	Clara	Pérez	García	Male	33	DISASTER_RELIEF_ASSISTANCE	Family Development Trainings	1-day seminar	Red Cross - Annual assistance. Contact: regional office	03/29/2025
Laguna	Kalayaan	San Cristóbal	921	Juan	Gómez	Reyes	Male	33	OTHER_PROGRAM	Consultation/Medical Check-Up	"PHP 10,000"	DOLE - Annual assistance. Contact: main branch	08/22/2021
Laguna	Alaminos	Punta	825	María	García	Santos	Female	68	DISASTER_RELIEF_ASSISTANCE	Medical Supplies	Medical Kit	World Vision - Pilot program. Contact: main branch	01/02/2025
Laguna	Famy	Majada Labas	371	Clara	Carn	Santos	Female	72	OTHER_CAPABILITY_BUILDING_SUPPORT	Medical Assistance	"PHP 10,000"	World Vision - Special initiative	02/13/2025
Laguna	Cavinti	Barangay I (Poblacion)	291	Ana	Gómez	Gómez	Female	69	SLP	Technical Skills Training	Standard package	Provincial Government - Annual assistance. Contact: regional office	01/21/2024
Laguna	Paete	Barangay II (Poblacion)	332	James	Santos	Galang	Female	70	OTHER_PROGRAM	Voucher	Level 1 support	Anonymous Donor - Annual assistance. Contact: main branch	05/22/2023
Laguna	Famy	San Agustín (Antipolo)	606	Ana	Pérez	Santos	Male	37	SUPPLEMENTAL_FEEDING	Vaccination	Standard package	Anonymous Donor - Regular program. Contact: main branch	05/06/2024
Laguna	Alaminos	Uwisan	261	Juan	Pérez	Cruz	Female	58	EDUCATIONAL_ASSISTANCE	Insurance	Basic assistance	DepEd - Pilot program. Contact: regional office	02/14/2024
Laguna	Los Baños	San Antonio	994	Clara	Santos	García	Male	65	SLP	Insurance	Basic assistance	Local Government - Annual assistance	10/20/2024
Laguna	Santa Rosa	Milagrosa	790	James	Cruz	López	Female	44	MEDICAL_SERVICES	Skills Training	Computer Literacy	Community Organization - Emergency response. Contact: local coordinator	06/02/2021
Laguna	San Pedro	San Andrés	871	Ana	López	López	Female	56	KALAHI	GAD Trainings	3-day conference	Red Cross - Emergency response. Contact: local coordinator	02/06/2024
Laguna	San Pedro	Zapote	205	James	García	García	Female	30	SUPPLEMENTAL_FEEDING	Family Development Trainings	2-day workshop	DepEd - Pilot program. Contact: main branch	06/12/2022
Laguna	Paete	Uwisan	697	Miguel	López	Galang	Female	21	EDUCATIONAL_ASSISTANCE	Agricultural and Fisheries	Enhanced support	DOLE - Emergency response. Contact: main branch	03/22/2023
Laguna	Rizal	Santa Rosa	687	Juan	Pérez	Santos	Female	49	SLP	Parent Effectiveness Trainings	Standard package	Anonymous Donor - Special initiative. Contact: local coordinator	02/25/2021
Laguna	Victoria	San Cristóbal	950	María	García	Reyes	Male	62	MEDICAL_SERVICES	"Non-Food Items (Hygiene Kits, Clothes, Household Items)"	Enhanced support	DSWD - Special initiative. Contact: local coordinator	01/15/2025
Laguna	Liliw	Barangay IV (Poblacion)	387	María	Pérez	Pérez	Male	57	MEDICAL_SERVICES	Skills Training	Computer Literacy	USAID - Emergency response. Contact: local coordinator	11/16/2024
Laguna	Biñan	Sirang Lupa	892	Clara	Carn	Pérez	Male	51	SOCIAL_PENSION	Cash for Training	Standard package	World Vision - Emergency response. Contact: main branch	09/07/2022
Laguna	Cavinti	Barangay IV (Poblacion)	821	Ana	Carn	Cruz	Female	56	OTHER_PROGRAM	Values Formation	Week-long training	Red Cross - Emergency response. Contact: regional office	05/16/2024
Laguna	Santa Rosa	Zapote	468	Janna	Santos	Galang	Male	60	SLP	Medical Supplies	Medical Kit	UNICEF - Pilot program. Contact: main branch	03/14/2025
Laguna	Majayjay	Parian	415	Juan	García	Pérez	Female	34	LIVELIHOOD_ASSISTANCE	Values Formation	3-day conference	Red Cross - Regular program. Contact: local coordinator	07/23/2023
Laguna	Santa Cruz	Barangay II (Poblacion)	69	Ana	García	Gómez	Female	41	SOCIAL_PENSION	Job Referral	Enhanced support	Community Organization - Special initiative	10/25/2022
Laguna	Majayjay	San Antonio	472	Ana	Pérez	Gómez	Male	46	KALAHI	Agricultural and Fisheries	Level 1 support	World Vision - Regular program. Contact: main branch	10/27/2021
Laguna	San Pedro	San Gregorio	104	María	López	Santos	Male	63	SUPPLEMENTAL_FEEDING	Technical Skills Training	Basic assistance	Provincial Government - Special initiative. Contact: main branch	09/03/2023
Laguna	Pakil	Barangay I (Poblacion)	758	Clara	Carn	López	Female	45	PWD_ASSISTANCE	Parent Effectiveness Trainings	Basic assistance	Anonymous Donor - Annual assistance. Contact: regional office	09/22/2022
Laguna	Santa Rosa	San José	161	James	Reyes	Reyes	Female	79	OTHER_PROGRAM	Alternative Learning System	Standard package	Community Organization - Regular program. Contact: regional office	07/26/2024
Laguna	Nagcarlan	Puting Lupa	200	Juan	Santos	Santos	Male	62	DISASTER_RELIEF_ASSISTANCE	Food Items	Rice (10kg)	Local Government - Pilot program	05/24/2021
Laguna	Bay	Santo Domingo	216	Miguel	Gómez	Galang	Female	64	SLP	Job Referral	Enhanced support	Caritas - Annual assistance	05/12/2024
Laguna	Alaminos	San Ildefonso	946	James	García	Gómez	Male	39	PWD_ASSISTANCE	Insurance	Level 1 support	DA - Pilot program. Contact: main branch	08/17/2021
Laguna	Majayjay	Ulango	212	Pedro	Cruz	Reyes	Male	45	KALAHI	Financial	"PHP 5,000"	Caritas - Annual assistance. Contact: regional office	07/12/2024
Laguna	Victoria	San Cristóbal	508	Pedro	Cruz	Pérez	Female	70	SUPPLEMENTAL_FEEDING	Vaccination	Standard package	Provincial Government - Regular program. Contact: regional office	04/11/2022
Laguna	Luisiana	Majada Labas	16	Juan	Reyes	Reyes	Female	42	SLP	Technical Skills Training	Basic assistance	UNICEF - Special initiative. Contact: local coordinator	05/17/2021
Laguna	Calamba	Santo Tomás (Calabuso)	498	Clara	Carn	Reyes	Female	58	EDUCATIONAL_ASSISTANCE	Job Referral	Level 1 support	Anonymous Donor - Emergency response. Contact: local coordinator	08/28/2021
Laguna	Calamba	Punta	884	Janna	Carn	Reyes	Female	20	SLP	Capital/Starter Kit	Standard package	DSWD - Annual assistance. Contact: local coordinator	03/25/2022
Laguna	Santa Maria	Súcol	332	Pedro	Carn	Gómez	Male	74	AICS	Technical Skills Training	Standard package	DepEd - Annual assistance	08/31/2024
Laguna	Rizal	Santa Rosa	717	María	López	Pérez	Female	30	LIVELIHOOD_ASSISTANCE	Transportation Allowance	Level 1 support	Community Organization - Pilot program. Contact: regional office	05/31/2021
Laguna	Kalayaan	Súcol	877	Janna	Pérez	Santos	Male	48	SOCIAL_PENSION	Cash for Work	Level 1 support	DOLE - Regular program. Contact: local coordinator	09/10/2024
Laguna	Kalayaan	Pansol	551	Ana	Cruz	Reyes	Male	30	EDUCATIONAL_ASSISTANCE	GAD Trainings	1-day seminar	Anonymous Donor - Special initiative. Contact: main branch	11/27/2024
Laguna	Biñan	San José	601	Pedro	Carn	Santos	Female	58	SUPPLEMENTAL_FEEDING	Capital/Starter Kit	Basic assistance	USAID - Pilot program. Contact: local coordinator	03/14/2023
Laguna	Pagsanjan	Looc	942	María	Cruz	Reyes	Male	35	OTHER_PROGRAM	Food for Work	Enhanced support	World Vision - Special initiative	12/19/2021
Laguna	Majayjay	San José	256	Ana	Reyes	Gómez	Female	54	SUPPLEMENTAL_FEEDING	Skills Training	Sewing	Caritas - Regular program. Contact: main branch	02/08/2024
Laguna	Majayjay	Lingga	992	Janna	Santos	Reyes	Female	60	PWD_ASSISTANCE	Cash for Work	Enhanced support	Anonymous Donor - Pilot program. Contact: local coordinator	04/11/2022
Laguna	Biñan	Barangay I (Poblacion)	766	Juan	Pérez	Galang	Male	51	AICS	Cash for Work	Level 1 support	Caritas - Emergency response. Contact: main branch	11/30/2023
Laguna	Pakil	San Ildefonso	728	Ana	López	Santos	Male	34	PWD_ASSISTANCE	Mental Health Support	Level 1 support	DOH - Special initiative. Contact: local coordinator	10/16/2022
Laguna	San Pablo	Milagrosa	880	James	García	López	Male	72	OTHER_PROGRAM	Alternative Learning System	Enhanced support	Red Cross - Pilot program. Contact: main branch	09/25/2024
Laguna	Pila	Palingon	815	Juan	Reyes	Gómez	Female	69	KALAHI	Alternative Learning System	Enhanced support	Community Organization - Annual assistance. Contact: local coordinator	10/27/2024
Laguna	San Pablo	Del Carmen	172	Juan	Pérez	Santos	Female	38	SLP	Vaccination	Basic assistance	Provincial Government - Emergency response. Contact: main branch	03/29/2025
Laguna	Alaminos	Palma	649	Janna	Cruz	Gómez	Male	53	MEDICAL_SERVICES	Agricultural and Fisheries	Enhanced support	DepEd - Pilot program. Contact: main branch	03/11/2025
Laguna	San Pablo	Sirang Lupa	498	Janna	Reyes	García	Female	71	PWD_ASSISTANCE	Medical Supplies	Wheelchair	Local Government - Annual assistance. Contact: main branch	02/22/2021
Laguna	Pakil	San Vicente	471	María	García	Pérez	Female	76	OTHER_CAPABILITY_BUILDING_SUPPORT	Capital/Starter Kit	Enhanced support	Community Organization - Pilot program	01/09/2024
Laguna	Los Baños	Lingga	384	María	Pérez	López	Male	67	MEDICAL_SERVICES	Consultation/Medical Check-Up	Wheelchair	DOLE - Emergency response	12/17/2021
Laguna	Nagcarlan	Parian	690	James	López	Galang	Female	73	DISASTER_RELIEF_ASSISTANCE	Parent Effectiveness Trainings	Enhanced support	Local Government - Regular program. Contact: regional office	04/24/2025
Laguna	Famy	Paciano Rizal	589	Juan	Gómez	Santos	Male	69	EDUCATIONAL_ASSISTANCE	Vaccination	Standard package	DOLE - Regular program	01/09/2023
Laguna	Cabuyao	Mayapa	700	Miguel	Santos	Galang	Male	57	SLP	Leadership Skills Training	Enhanced support	DepEd - Pilot program	12/06/2021
Laguna	Calauan	Majada Labas	507	Clara	García	López	Male	36	OTHER_PROGRAM	Vaccination	Basic assistance	DOH - Emergency response. Contact: main branch	02/19/2024
Laguna	Famy	San Vicente	992	James	Pérez	Galang	Female	29	SUPPLEMENTAL_FEEDING	Voucher	Level 1 support	DOLE - Emergency response. Contact: local coordinator	03/06/2021
Laguna	Pakil	San Vicente	527	James	López	Galang	Male	45	SLP	Alternative Learning System	Standard package	UNICEF - Pilot program. Contact: local coordinator	01/03/2025
Laguna	Victoria	Puting Lupa	804	Clara	Cruz	Cruz	Male	28	DISASTER_RELIEF_ASSISTANCE	"Non-Food Items (Hygiene Kits, Clothes, Household Items)"	Level 1 support	DOH - Emergency response	10/23/2021
Laguna	Biñan	Barangay I (Poblacion)	831	Clara	García	Santos	Male	65	PWD_ASSISTANCE	GAD Trainings	1-day seminar	Red Cross - Regular program. Contact: main branch	07/31/2023
Laguna	Majayjay	Palma	325	Clara	Gómez	Galang	Male	54	EDUCATIONAL_ASSISTANCE	Equipment/School Materials	Uniform	Community Organization - Regular program. Contact: regional office	07/24/2021
Laguna	Victoria	Mayapa	214	Janna	Reyes	Cruz	Female	45	MEDICAL_SERVICES	GAD Trainings	3-day conference	DSWD - Emergency response. Contact: main branch	10/09/2022
Laguna	San Pedro	Turbina	208	James	Carn	Cruz	Male	52	KALAHI	Medical Assistance	"PHP 10,000"	Anonymous Donor - Pilot program. Contact: regional office	07/25/2024
Laguna	Biñan	San José	169	James	Reyes	Gómez	Female	61	OTHER_CAPABILITY_BUILDING_SUPPORT	Cash for Work	Level 1 support	USAID - Pilot program. Contact: regional office	05/15/2021
Laguna	San Pedro	San José	330	Ana	Cruz	Reyes	Male	32	MEDICAL_SERVICES	Transportation Allowance	Level 1 support	DSWD - Special initiative	01/13/2022
Laguna	Siniloan	San Cristóbal	280	Clara	Pérez	Reyes	Female	33	KALAHI	Medical Supplies	"PHP 3,000"	DA - Regular program	12/12/2023
Laguna	Paete	Barangay II (Poblacion)	978	Clara	Gómez	Pérez	Female	62	SOCIAL_PENSION	Transportation Allowance	Level 1 support	Red Cross - Special initiative. Contact: local coordinator	05/18/2023
Laguna	Mabitac	Mapagong	305	María	Santos	López	Female	24	OTHER_PROGRAM	Transportation Allowance	Standard package	Anonymous Donor - Annual assistance. Contact: local coordinator	08/03/2022
Laguna	Paete	Punta	146	María	García	Santos	Female	64	MEDICAL_SERVICES	Food Items	Rice (10kg)	DSWD - Regular program. Contact: local coordinator	10/14/2023
Laguna	Bay	Barangay III (Poblacion)	775	Juan	Pérez	Reyes	Male	20	AICS	Vaccination	Standard package	Provincial Government - Pilot program. Contact: regional office	12/11/2022
Laguna	Pila	Palingon	516	María	Santos	López	Male	48	OTHER_PROGRAM	Cash for Work	Basic assistance	Provincial Government - Regular program. Contact: local coordinator	03/08/2021
Laguna	Biñan	Casile	90	Pedro	Cruz	Santos	Female	29	SOCIAL_PENSION	Scholarship Grants	Enhanced support	DOLE - Pilot program. Contact: regional office	01/03/2021
Laguna	Majayjay	Parian	453	Juan	García	López	Female	25	OTHER_PROGRAM	Surgical Procedures	"PHP 5,000"	DA - Pilot program. Contact: main branch	01/14/2025
Laguna	Siniloan	Barangay IV (Poblacion)	60	Miguel	López	Pérez	Female	42	OTHER_PROGRAM	Consultation/Medical Check-Up	Wheelchair	DOH - Emergency response. Contact: main branch	05/25/2022
Laguna	Kalayaan	Pansol	311	Clara	López	Pérez	Male	78	OTHER_CAPABILITY_BUILDING_SUPPORT	Activity Involvement/Advocacy	Enhanced support	Red Cross - Special initiative. Contact: main branch	01/01/2025
Laguna	Cabuyao	Palo-Alto	528	Ana	Pérez	Cruz	Female	61	OTHER_CAPABILITY_BUILDING_SUPPORT	Vaccination	Basic assistance	DOLE - Regular program. Contact: local coordinator	02/16/2023
Laguna	Alaminos	San Antonio	227	María	Reyes	Cruz	Female	67	SUPPLEMENTAL_FEEDING	Tutorial Sessions	Level 1 support	Caritas - Annual assistance	04/01/2025
Laguna	Cabuyao	Santo Domingo	474	Ana	Pérez	Santos	Male	52	MEDICAL_SERVICES	Transportation Allowance	Basic assistance	Anonymous Donor - Annual assistance. Contact: main branch	04/12/2021
Laguna	Alaminos	Palma	978	María	Reyes	López	Male	29	PWD_ASSISTANCE	Cash for Work	Enhanced support	Anonymous Donor - Special initiative. Contact: main branch	12/31/2024
Laguna	Mabitac	Uwisan	541	María	Gómez	López	Male	78	PWD_ASSISTANCE	Voucher	Basic assistance	Community Organization - Pilot program. Contact: local coordinator	03/10/2023
Laguna	Pangil	San Isidro	663	Ana	Cruz	Reyes	Male	72	KALAHI	"Non-Food Items (Hygiene Kits, Clothes, Household Items)"	Level 1 support	DSWD - Regular program	01/04/2023
Laguna	Majayjay	Sirang Lupa	757	James	López	Reyes	Male	38	OTHER_CAPABILITY_BUILDING_SUPPORT	Family Development Trainings	2-day workshop	UNICEF - Annual assistance. Contact: regional office	11/11/2023
Laguna	Pakil	Barangay I (Poblacion)	782	James	Gómez	Santos	Male	43	EDUCATIONAL_ASSISTANCE	Cash for Training	Basic assistance	DSWD - Regular program	01/22/2022
Laguna	San Pablo	Looc	79	James	García	García	Female	72	EDUCATIONAL_ASSISTANCE	Scholarship Grants	Level 1 support	DSWD - Annual assistance	06/17/2022
Laguna	Famy	San Andrés	433	Pedro	López	Reyes	Female	19	EDUCATIONAL_ASSISTANCE	Food for Work	Enhanced support	DOLE - Regular program. Contact: main branch	04/02/2021
Laguna	Cavinti	Palo-Alto	801	James	Reyes	Galang	Male	31	SLP	Medical Supplies	"PHP 10,000"	DSWD - Annual assistance. Contact: main branch	03/02/2024
Laguna	Biñan	Uwisan	153	María	Pérez	Reyes	Female	63	EDUCATIONAL_ASSISTANCE	Food for Work	Standard package	Community Organization - Regular program. Contact: main branch	04/19/2023
Laguna	Nagcarlan	Paciano Rizal	789	Clara	Cruz	García	Male	21	DISASTER_RELIEF_ASSISTANCE	Medical Supplies	Crutches	DA - Emergency response. Contact: local coordinator	05/20/2022
Laguna	Alaminos	Sirang Lupa	401	Janna	López	López	Female	34	PWD_ASSISTANCE	"Non-Food Items (Hygiene Kits, Clothes, Household Items)"	Enhanced support	Anonymous Donor - Pilot program. Contact: main branch	01/16/2025
Laguna	Majayjay	Punta	279	Ana	Gómez	Cruz	Male	64	EDUCATIONAL_ASSISTANCE	Vaccination	Enhanced support	Anonymous Donor - Pilot program. Contact: regional office	04/21/2023
Laguna	Luisiana	Barangay II (Poblacion)	57	Clara	Cruz	Gómez	Male	65	SOCIAL_PENSION	Scholarship Grants	Enhanced support	Local Government - Regular program	11/18/2022
Laguna	Santa Maria	San Benito (Palita)	977	Janna	Gómez	Gómez	Female	22	PWD_ASSISTANCE	Skills Training	Cooking	Red Cross - Annual assistance. Contact: local coordinator	12/26/2022
Laguna	Pagsanjan	San José	186	Clara	López	Cruz	Female	41	OTHER_PROGRAM	Activity Involvement/Advocacy	Basic assistance	Caritas - Special initiative. Contact: regional office	05/28/2021
Laguna	Pila	Ulango	398	Pedro	Pérez	López	Male	66	MEDICAL_SERVICES	Cash for Training	Basic assistance	Caritas - Emergency response. Contact: local coordinator	07/23/2023
Laguna	Rizal	Makiling	605	Janna	Santos	Cruz	Male	72	OTHER_PROGRAM	Agricultural and Fisheries	Standard package	DOH - Special initiative. Contact: local coordinator	06/09/2024
Laguna	Pila	Palingon	788	Miguel	Pérez	Reyes	Male	24	PWD_ASSISTANCE	Food Assistance	Basic Groceries	Provincial Government - Pilot program. Contact: main branch	06/03/2023
Laguna	Mabitac	Timbao	158	Juan	López	Pérez	Male	40	SUPPLEMENTAL_FEEDING	Transportation Allowance	Enhanced support	DOLE - Special initiative. Contact: local coordinator	04/03/2024
Laguna	Victoria	Súcol	787	James	Reyes	Cruz	Male	64	AICS	Values Formation	1-day seminar	Red Cross - Pilot program. Contact: local coordinator	11/10/2021
Laguna	Calauan	Lingga	693	Miguel	Pérez	Pérez	Male	34	OTHER_CAPABILITY_BUILDING_SUPPORT	Burial Assistance	Basic assistance	World Vision - Pilot program. Contact: main branch	10/19/2022
Laguna	Calauan	Uwisan	359	Pedro	García	García	Female	29	PWD_ASSISTANCE	Family Development Trainings	1-day seminar	World Vision - Emergency response	10/25/2021
Laguna	Lumban	San Gregorio	440	Clara	Reyes	Pérez	Female	28	SLP	Equipment/School Materials	Books	USAID - Annual assistance. Contact: main branch	08/11/2021
Laguna	Pagsanjan	Súcol	589	María	Reyes	García	Female	68	LIVELIHOOD_ASSISTANCE	Scholarship Grants	Basic assistance	DepEd - Emergency response. Contact: main branch	12/19/2021
Laguna	Pila	Sirang Lupa	466	James	Reyes	Reyes	Female	28	EDUCATIONAL_ASSISTANCE	Medical Supplies	Crutches	Provincial Government - Regular program. Contact: local coordinator	02/20/2022
Laguna	Famy	Paciano Rizal	663	Miguel	Cruz	López	Female	51	AICS	Financial	"PHP 2,000"	Red Cross - Regular program. Contact: regional office	03/03/2021
Laguna	Santa Maria	Pansol	446	James	Carn	Galang	Male	64	KALAHI	Equipment/School Materials	Tablet	DOLE - Special initiative. Contact: main branch	08/31/2022
Laguna	Santa Maria	San Juan	750	Janna	Carn	Reyes	Male	54	OTHER_CAPABILITY_BUILDING_SUPPORT	Agricultural and Fisheries	Level 1 support	World Vision - Emergency response	09/16/2022
Laguna	Bay	San Isidro	801	Juan	Santos	Cruz	Female	67	DISASTER_RELIEF_ASSISTANCE	Consultation/Medical Check-Up	"PHP 3,000"	Red Cross - Emergency response. Contact: main branch	01/11/2022
Laguna	Pangil	San Antonio	743	James	Gómez	Reyes	Male	46	DISASTER_RELIEF_ASSISTANCE	Mental Health Support	Enhanced support	Private Donor - Regular program. Contact: local coordinator	08/22/2022
Laguna	Victoria	San Antonio	488	Clara	Gómez	Gómez	Female	79	LIVELIHOOD_ASSISTANCE	Values Formation	1-day seminar	Private Donor - Annual assistance. Contact: local coordinator	02/09/2022
Laguna	Alaminos	Santo Tomás (Calabuso)	530	Clara	Reyes	Gómez	Female	70	SLP	Capital/Starter Kit	Level 1 support	Local Government - Special initiative. Contact: main branch	07/18/2023
Laguna	Santa Rosa	Turbina	73	Ana	Carn	García	Male	70	SOCIAL_PENSION	Skills Training	Carpentry	World Vision - Annual assistance. Contact: local coordinator	07/02/2024
Laguna	Magdalena	San Juan	929	Ana	Santos	Reyes	Male	65	OTHER_PROGRAM	Agricultural and Fisheries	Basic assistance	Red Cross - Regular program. Contact: regional office	01/14/2025
Laguna	Alaminos	Mapagong	928	James	Cruz	Reyes	Female	53	MEDICAL_SERVICES	Food Items	Rice (10kg)	USAID - Pilot program. Contact: main branch	01/25/2022
Laguna	Calamba	Puting Lupa	701	Janna	Reyes	Galang	Female	44	OTHER_PROGRAM	Transportation Allowance	Level 1 support	Caritas - Emergency response	02/05/2023
Laguna	Santa Rosa	Casile	950	Janna	García	García	Female	72	OTHER_CAPABILITY_BUILDING_SUPPORT	Family Development Trainings	2-day workshop	USAID - Regular program. Contact: main branch	12/14/2021
Laguna	Siniloan	Masili	17	María	Cruz	Santos	Female	59	PWD_ASSISTANCE	Capital/Starter Kit	Enhanced support	DA - Pilot program. Contact: local coordinator	03/06/2025
Laguna	Majayjay	Mayapa	531	Pedro	Santos	Santos	Male	39	OTHER_PROGRAM	Activity Involvement/Advocacy	Standard package	DOLE - Regular program. Contact: regional office	09/07/2024
Laguna	Pagsanjan	Masaya	731	Pedro	Cruz	García	Female	19	SUPPLEMENTAL_FEEDING	Cash for Training	Enhanced support	DSWD - Annual assistance. Contact: local coordinator	04/17/2025
Laguna	Cabuyao	San Miguel	326	Miguel	García	Santos	Male	64	OTHER_PROGRAM	Capital/Starter Kit	Enhanced support	Anonymous Donor - Pilot program. Contact: main branch	12/24/2023
Laguna	Biñan	San Agustín (Antipolo)	995	Pedro	Gómez	Cruz	Female	53	EDUCATIONAL_ASSISTANCE	Values Formation	3-day conference	Caritas - Pilot program. Contact: main branch	03/23/2024
Laguna	Nagcarlan	Masili	632	Juan	Cruz	Santos	Female	78	OTHER_PROGRAM	Food Assistance	Rice (10kg)	Local Government - Pilot program. Contact: local coordinator	08/16/2023
Laguna	Nagcarlan	Casile	613	Janna	Santos	Gómez	Male	65	LIVELIHOOD_ASSISTANCE	Scholarship Grants	Level 1 support	DOLE - Pilot program. Contact: main branch	06/01/2022
Laguna	Luisiana	San Isidro	546	María	Gómez	Cruz	Male	47	DISASTER_RELIEF_ASSISTANCE	Food Assistance	Food Pack	DepEd - Annual assistance. Contact: local coordinator	11/19/2024
Laguna	Santa Rosa	San Miguel	596	Ana	Gómez	García	Male	76	KALAHI	Equipment/School Materials	Tablet	DA - Emergency response. Contact: regional office	11/26/2021
Laguna	Victoria	Barangay I (Poblacion)	921	Clara	Gómez	Santos	Male	24	KALAHI	Surgical Procedures	"PHP 3,000"	DOLE - Annual assistance. Contact: regional office	01/26/2025
Laguna	Siniloan	Súcol	708	Pedro	García	Santos	Male	74	SLP	Insurance	Standard package	USAID - Emergency response. Contact: regional office	09/01/2023
Laguna	Mabitac	Sirang Lupa	842	Ana	García	López	Female	74	EDUCATIONAL_ASSISTANCE	Job Fair	Enhanced support	USAID - Special initiative. Contact: regional office	04/02/2021
Laguna	Pangil	Timbao	202	Ana	Gómez	Pérez	Female	29	OTHER_CAPABILITY_BUILDING_SUPPORT	Activity Involvement/Advocacy	Enhanced support	Red Cross - Special initiative	05/30/2024
Laguna	Calauan	San Antonio	344	James	Cruz	Cruz	Female	20	SUPPLEMENTAL_FEEDING	Technical Skills Training	Standard package	Local Government - Annual assistance. Contact: local coordinator	07/09/2021
Laguna	Biñan	Palingon	853	Juan	García	Cruz	Male	34	SOCIAL_PENSION	Food for Work	Basic assistance	DepEd - Special initiative	07/26/2022
Laguna	Santa Rosa	Palo-Alto	523	María	Pérez	Reyes	Male	58	OTHER_PROGRAM	GAD Trainings	3-day conference	Provincial Government - Annual assistance. Contact: main branch	07/24/2021
Laguna	Kalayaan	Turbina	859	Juan	Cruz	Galang	Male	49	PWD_ASSISTANCE	Medical Assistance	"PHP 10,000"	UNICEF - Annual assistance. Contact: local coordinator	07/31/2021
Laguna	Calamba	Del Carmen	400	James	Reyes	Gómez	Female	25	SLP	Food for Work	Standard package	Private Donor - Emergency response. Contact: regional office	02/09/2023
Laguna	San Pablo	Timbao	218	María	García	Santos	Male	40	KALAHI	Dental Services	Enhanced support	USAID - Special initiative. Contact: main branch	03/30/2021
Laguna	Siniloan	Uwisan	445	María	Cruz	López	Female	55	SLP	Food for Work	Basic assistance	Provincial Government - Annual assistance. Contact: regional office	08/13/2023
Laguna	Nagcarlan	Paciano Rizal	765	Janna	Reyes	Galang	Female	47	SUPPLEMENTAL_FEEDING	Vaccination	Enhanced support	Anonymous Donor - Annual assistance. Contact: regional office	12/29/2021
Laguna	Mabitac	San Miguel	222	Juan	García	Pérez	Female	32	DISASTER_RELIEF_ASSISTANCE	Burial Assistance	Enhanced support	DSWD - Regular program. Contact: regional office	10/26/2024
Laguna	Pangil	Punta	383	Juan	Reyes	Pérez	Male	27	KALAHI	Skills Training	Computer Literacy	Anonymous Donor - Emergency response. Contact: regional office	11/28/2021
Laguna	Biñan	San Vicente	881	Janna	López	Gómez	Female	72	SLP	Food Items	Rice (10kg)	Red Cross - Regular program. Contact: main branch	07/10/2023
Laguna	Santa Rosa	Calo	592	Miguel	García	López	Female	76	EDUCATIONAL_ASSISTANCE	Skills Training	Plumbing	DA - Regular program. Contact: local coordinator	12/09/2022
Laguna	Alaminos	Parian	7	Ana	López	Galang	Female	74	MEDICAL_SERVICES	Surgical Procedures	"PHP 10,000"	DSWD - Emergency response. Contact: regional office	12/20/2024
Laguna	Pakil	San Ildefonso	272	James	Santos	Gómez	Male	55	LIVELIHOOD_ASSISTANCE	Honorarium	Level 1 support	DSWD - Pilot program. Contact: regional office	04/24/2023
Laguna	Siniloan	Masili	739	Juan	Santos	Gómez	Female	32	SUPPLEMENTAL_FEEDING	Food for Work	Enhanced support	Local Government - Annual assistance. Contact: main branch	01/18/2025
Laguna	Pangil	Pansol	16	Janna	Cruz	Gómez	Male	47	SOCIAL_PENSION	Job Referral	Enhanced support	DOLE - Special initiative. Contact: main branch	11/26/2022
Laguna	Rizal	Barangay III (Poblacion)	424	Clara	Carn	Gómez	Male	63	SOCIAL_PENSION	Financial	"PHP 2,000"	Anonymous Donor - Annual assistance	02/26/2022
Laguna	Alaminos	Del Carmen	524	Miguel	López	Santos	Female	43	KALAHI	Medical Assistance	"PHP 10,000"	Caritas - Emergency response. Contact: regional office	02/02/2023
Laguna	Biñan	Sirang Lupa	803	María	López	Pérez	Female	68	AICS	Capital/Starter Kit	Basic assistance	DOH - Regular program. Contact: main branch	01/06/2023
Laguna	Paete	San José	753	Pedro	Santos	Gómez	Male	62	SOCIAL_PENSION	Tutorial Sessions	Standard package	DOLE - Emergency response. Contact: regional office	04/09/2024
Laguna	San Pedro	Pansol	21	Clara	López	López	Female	31	LIVELIHOOD_ASSISTANCE	Burial Assistance	Basic assistance	Provincial Government - Pilot program. Contact: regional office	12/11/2022
Laguna	Liliw	San Miguel	690	Janna	Carn	Cruz	Male	20	OTHER_CAPABILITY_BUILDING_SUPPORT	Financial	"PHP 2,000"	Private Donor - Special initiative	09/06/2021
Laguna	Pila	Mayapa	939	Pedro	Gómez	Reyes	Male	53	OTHER_CAPABILITY_BUILDING_SUPPORT	"Non-Food Items (Hygiene Kits, Clothes, Household Items)"	Standard package	Caritas - Pilot program. Contact: main branch	06/30/2021
Laguna	Santa Cruz	Punta	228	Ana	Reyes	López	Male	43	SLP	Dental Services	Enhanced support	Community Organization - Regular program. Contact: regional office	02/07/2025
Laguna	Biñan	Majada Labas	785	James	Reyes	García	Female	78	SLP	Equipment/School Materials	Uniform	Community Organization - Regular program. Contact: local coordinator	04/28/2022
Laguna	Famy	Masaya	288	Pedro	Carn	Pérez	Male	31	SLP	GAD Trainings	Week-long training	Provincial Government - Pilot program	11/08/2024
Laguna	Mabitac	San Benito (Palita)	809	Miguel	López	Gómez	Male	48	EDUCATIONAL_ASSISTANCE	Financial	"PHP 3,000"	Caritas - Special initiative. Contact: main branch	02/28/2023
Laguna	San Pablo	Barangay III (Poblacion)	134	Ana	López	Pérez	Female	31	SUPPLEMENTAL_FEEDING	Job Fair	Enhanced support	DA - Special initiative. Contact: main branch	11/28/2024
Laguna	Paete	Barangay III (Poblacion)	984	Pedro	López	Gómez	Female	75	OTHER_CAPABILITY_BUILDING_SUPPORT	Vaccination	Enhanced support	DepEd - Annual assistance. Contact: local coordinator	03/30/2024
Laguna	Magdalena	Santo Domingo	283	María	Pérez	Santos	Male	57	SOCIAL_PENSION	Food Items	Rice (5kg)	Private Donor - Emergency response. Contact: regional office	09/05/2021
Laguna	Pila	Palma	404	María	Cruz	Santos	Male	27	SUPPLEMENTAL_FEEDING	Parent Effectiveness Trainings	Level 1 support	Community Organization - Special initiative. Contact: main branch	11/15/2021
Laguna	Rizal	San Miguel	665	Miguel	García	García	Male	26	SOCIAL_PENSION	Tutorial Sessions	Enhanced support	DOLE - Regular program. Contact: main branch	08/22/2023
Laguna	Bay	Turbina	66	María	Carn	Pérez	Female	63	SOCIAL_PENSION	Cash for Training	Basic assistance	DepEd - Annual assistance. Contact: local coordinator	12/01/2022
Laguna	Santa Maria	San Andrés	649	María	Carn	Gómez	Male	57	MEDICAL_SERVICES	Leadership Skills Training	Basic assistance	USAID - Regular program. Contact: local coordinator	06/15/2022
Laguna	Liliw	Súcol	604	Janna	Pérez	Galang	Male	60	OTHER_CAPABILITY_BUILDING_SUPPORT	Family Development Trainings	Week-long training	DOH - Special initiative	02/11/2024
Laguna	Bay	Sirang Lupa	437	María	Carn	Reyes	Female	59	OTHER_PROGRAM	Financial	"PHP 5,000"	Anonymous Donor - Regular program	07/17/2022
Laguna	Santa Cruz	San Cristóbal	829	Clara	Gómez	Galang	Female	35	MEDICAL_SERVICES	Mental Health Support	Basic assistance	DOLE - Emergency response. Contact: local coordinator	09/29/2024
Laguna	Nagcarlan	Del Carmen	934	María	Gómez	García	Male	53	KALAHI	Job Referral	Standard package	World Vision - Emergency response	05/03/2021
Laguna	Famy	San Miguel	259	Clara	Carn	García	Female	53	SUPPLEMENTAL_FEEDING	Values Formation	Week-long training	Local Government - Annual assistance. Contact: regional office	01/20/2023
Laguna	Alaminos	Palma	980	Janna	Pérez	Reyes	Male	29	AICS	Dental Services	Basic assistance	DOLE - Special initiative. Contact: regional office	11/15/2021
Laguna	Kalayaan	Zapote	966	María	Carn	García	Male	67	SUPPLEMENTAL_FEEDING	Agricultural and Fisheries	Enhanced support	DSWD - Emergency response	02/10/2025
Laguna	Los Baños	San Ildefonso	103	Miguel	López	García	Female	78	AICS	Food Assistance	Canned Goods (10 pcs)	Anonymous Donor - Regular program	12/07/2024
Laguna	Pila	Paciano Rizal	993	Ana	Pérez	Pérez	Male	57	SLP	Honorarium	Standard package	Red Cross - Special initiative. Contact: main branch	08/09/2022
Laguna	Majayjay	Masili	567	Miguel	Cruz	López	Male	20	OTHER_PROGRAM	Financial	"PHP 10,000"	DOH - Emergency response. Contact: main branch	09/02/2021
Laguna	Cavinti	Masili	769	Ana	Santos	Gómez	Female	35	KALAHI	Transportation Allowance	Standard package	Provincial Government - Emergency response. Contact: main branch	06/28/2022
Laguna	Siniloan	Barangay I (Poblacion)	101	Juan	López	Pérez	Male	24	SUPPLEMENTAL_FEEDING	Alternative Learning System	Standard package	Local Government - Emergency response	01/20/2025
Laguna	Liliw	San Roque	198	Ana	Gómez	Reyes	Female	48	MEDICAL_SERVICES	Consultation/Medical Check-Up	"PHP 10,000"	UNICEF - Pilot program. Contact: main branch	06/02/2021
Laguna	Rizal	Turbina	813	James	López	Santos	Male	18	LIVELIHOOD_ASSISTANCE	Dental Services	Standard package	DSWD - Special initiative. Contact: regional office	10/18/2022
Laguna	Santa Cruz	Santa Rosa	226	James	García	Galang	Female	48	SUPPLEMENTAL_FEEDING	Burial Assistance	Level 1 support	Private Donor - Emergency response. Contact: local coordinator	01/15/2021
Laguna	Biñan	Real	943	James	Pérez	Santos	Female	71	OTHER_PROGRAM	Activity Involvement/Advocacy	Standard package	Red Cross - Emergency response. Contact: regional office	01/06/2025
Laguna	Paete	Milagrosa	463	Janna	Gómez	Santos	Female	30	MEDICAL_SERVICES	Job Referral	Enhanced support	DOLE - Emergency response. Contact: regional office	08/20/2024
Laguna	San Pedro	Parian	237	Miguel	Santos	López	Female	46	SUPPLEMENTAL_FEEDING	Financial	"PHP 1,500"	USAID - Annual assistance. Contact: regional office	09/02/2021
Laguna	San Pablo	San Gregorio	26	Ana	Carn	Galang	Female	20	PWD_ASSISTANCE	Surgical Procedures	"PHP 5,000"	DepEd - Emergency response	03/02/2023
Laguna	Lumban	Maunong	121	Miguel	Santos	Santos	Female	46	SOCIAL_PENSION	GAD Trainings	Week-long training	UNICEF - Annual assistance	07/21/2022
Laguna	Santa Rosa	San Gregorio	910	Clara	Cruz	Gómez	Male	52	EDUCATIONAL_ASSISTANCE	Scholarship Grants	Enhanced support	Red Cross - Annual assistance. Contact: local coordinator	07/08/2022
Laguna	Santa Cruz	Mayapa	506	James	Reyes	Reyes	Male	32	MEDICAL_SERVICES	Equipment/School Materials	Uniform	Private Donor - Annual assistance. Contact: local coordinator	06/18/2023
Laguna	Cavinti	Barangay I (Poblacion)	182	Juan	López	Galang	Female	38	AICS	Leadership Skills Training	Standard package	DepEd - Pilot program. Contact: main branch	01/18/2025
Laguna	San Pedro	San Vicente	711	Janna	Pérez	Cruz	Male	79	DISASTER_RELIEF_ASSISTANCE	Dental Services	Level 1 support	Caritas - Special initiative. Contact: main branch	10/14/2024
Laguna	Cabuyao	Majada Labas	814	Juan	Pérez	López	Female	36	SLP	Agricultural and Fisheries	Level 1 support	USAID - Emergency response. Contact: local coordinator	02/21/2021
Laguna	Lumban	Santa Rosa	767	Ana	Santos	Gómez	Female	45	SLP	Surgical Procedures	Medical Kit	DOLE - Pilot program	01/11/2021
Laguna	Pakil	Barangay III (Poblacion)	634	María	García	Santos	Male	21	KALAHI	Skills Training	Computer Literacy	DepEd - Emergency response. Contact: regional office	04/03/2023
Laguna	Alaminos	Maunong	543	Juan	Gómez	Gómez	Female	62	DISASTER_RELIEF_ASSISTANCE	Family Development Trainings	3-day conference	Red Cross - Annual assistance. Contact: regional office	08/15/2021
Laguna	Famy	Turbina	984	María	Cruz	Gómez	Male	30	OTHER_CAPABILITY_BUILDING_SUPPORT	Cash for Work	Basic assistance	Red Cross - Regular program. Contact: local coordinator	04/24/2021
Laguna	Mabitac	Parian	315	Janna	Reyes	García	Female	32	SOCIAL_PENSION	Food Assistance	Food Pack	World Vision - Annual assistance. Contact: regional office	04/10/2025
Laguna	Majayjay	Santa Rosa	991	Juan	Cruz	Galang	Female	68	DISASTER_RELIEF_ASSISTANCE	Cash for Work	Basic assistance	UNICEF - Special initiative. Contact: local coordinator	08/27/2022
Laguna	Mabitac	Del Carmen	797	Juan	Pérez	Cruz	Male	65	AICS	Financial	"PHP 1,500"	Red Cross - Annual assistance	01/16/2024
Laguna	Luisiana	Barangay II (Poblacion)	618	Pedro	Carn	García	Female	56	PWD_ASSISTANCE	Family Development Trainings	Week-long training	Local Government - Pilot program. Contact: main branch	08/16/2022
Laguna	Pagsanjan	Lingga	736	Janna	Reyes	Gómez	Female	49	OTHER_CAPABILITY_BUILDING_SUPPORT	Family Development Trainings	1-day seminar	DepEd - Annual assistance	06/27/2024
Laguna	Rizal	San Juan	273	Janna	Gómez	Cruz	Female	20	SLP	GAD Trainings	1-day seminar	DOLE - Special initiative. Contact: main branch	06/27/2024
Laguna	Magdalena	Barangay III (Poblacion)	910	James	Gómez	Gómez	Male	47	EDUCATIONAL_ASSISTANCE	Food Assistance	Basic Groceries	Caritas - Regular program. Contact: main branch	07/26/2023
Laguna	Santa Rosa	Parian	232	Ana	Pérez	Santos	Male	75	OTHER_CAPABILITY_BUILDING_SUPPORT	Agricultural and Fisheries	Standard package	Local Government - Emergency response. Contact: regional office	12/15/2024
Laguna	Bay	San Benito (Palita)	420	Juan	García	Gómez	Male	37	SUPPLEMENTAL_FEEDING	Job Fair	Enhanced support	World Vision - Special initiative	07/29/2021
Laguna	Bay	Súcol	768	Miguel	Reyes	García	Male	19	SOCIAL_PENSION	Activity Involvement/Advocacy	Standard package	Caritas - Pilot program. Contact: regional office	08/09/2023
Laguna	Rizal	Milagrosa	442	Juan	Pérez	Santos	Male	67	MEDICAL_SERVICES	GAD Trainings	1-day seminar	Anonymous Donor - Annual assistance	03/25/2025
Laguna	Pila	Santa Rosa	496	Clara	García	García	Female	42	OTHER_CAPABILITY_BUILDING_SUPPORT	GAD Trainings	1-day seminar	Caritas - Annual assistance. Contact: local coordinator	10/02/2023
Laguna	Pagsanjan	San Andrés	24	Janna	Carn	Galang	Male	28	MEDICAL_SERVICES	Financial	"PHP 1,500"	USAID - Pilot program. Contact: main branch	09/03/2022
Laguna	San Pedro	San Juan	109	Miguel	García	Gómez	Male	18	EDUCATIONAL_ASSISTANCE	Tutorial Sessions	Enhanced support	UNICEF - Annual assistance. Contact: main branch	04/21/2025
Laguna	Santa Cruz	Real	703	Janna	Cruz	Pérez	Female	65	OTHER_PROGRAM	Surgical Procedures	Medical Kit	UNICEF - Emergency response. Contact: main branch	12/17/2023
Laguna	Victoria	Casile	502	Ana	Santos	Reyes	Female	66	LIVELIHOOD_ASSISTANCE	Food Items	Food Pack	Red Cross - Pilot program. Contact: regional office	12/23/2023
Laguna	Siniloan	Timbao	859	Janna	Cruz	Pérez	Male	65	OTHER_PROGRAM	Tutorial Sessions	Enhanced support	UNICEF - Emergency response. Contact: regional office	12/04/2021
Laguna	Pila	Santo Domingo	25	María	Gómez	Reyes	Female	27	DISASTER_RELIEF_ASSISTANCE	Tutorial Sessions	Level 1 support	USAID - Regular program. Contact: regional office	12/26/2022
Laguna	Santa Cruz	Mapagong	187	María	Pérez	Pérez	Female	34	SUPPLEMENTAL_FEEDING	Medical Supplies	Wheelchair	DSWD - Pilot program. Contact: regional office	03/26/2023
Laguna	Santa Cruz	Barangay I (Poblacion)	288	Pedro	Pérez	Cruz	Female	47	SOCIAL_PENSION	Cash for Work	Standard package	Community Organization - Regular program. Contact: local coordinator	06/16/2022
Laguna	Pila	Saimsim	628	María	López	López	Male	52	SOCIAL_PENSION	Transportation Allowance	Standard package	DA - Pilot program. Contact: regional office	01/29/2023
Laguna	Nagcarlan	San José	338	María	Cruz	García	Female	67	DISASTER_RELIEF_ASSISTANCE	Alternative Learning System	Standard package	Anonymous Donor - Emergency response. Contact: local coordinator	01/06/2021
Laguna	Pakil	Calo	878	Ana	Reyes	Santos	Female	36	PWD_ASSISTANCE	Alternative Learning System	Enhanced support	Red Cross - Emergency response. Contact: regional office	08/08/2022
Laguna	Liliw	San Isidro	914	Juan	Gómez	López	Male	63	MEDICAL_SERVICES	Cash for Training	Enhanced support	UNICEF - Emergency response. Contact: main branch	09/11/2022
Laguna	Calauan	Uwisan	37	María	Carn	Galang	Female	70	SOCIAL_PENSION	Mental Health Support	Level 1 support	World Vision - Regular program. Contact: regional office	03/15/2025
Laguna	Magdalena	Palingon	794	Miguel	Gómez	Galang	Female	74	OTHER_PROGRAM	Values Formation	Week-long training	Provincial Government - Emergency response. Contact: main branch	03/08/2023
Laguna	Pila	Santo Tomás (Calabuso)	137	Pedro	López	Galang	Male	51	PWD_ASSISTANCE	Tutorial Sessions	Enhanced support	DOLE - Special initiative. Contact: local coordinator	01/24/2025
Laguna	Los Baños	Barangay IV (Poblacion)	508	Janna	López	Reyes	Male	49	PWD_ASSISTANCE	Food for Work	Basic assistance	Caritas - Emergency response. Contact: main branch	12/22/2021
Laguna	Santa Rosa	San Gregorio	227	María	López	Santos	Male	29	MEDICAL_SERVICES	Cash for Training	Standard package	DSWD - Annual assistance. Contact: local coordinator	08/07/2021
Laguna	Calamba	Palma	320	Pedro	Pérez	Galang	Female	60	KALAHI	Insurance	Level 1 support	DOLE - Emergency response	01/02/2022
Laguna	Alaminos	Ulango	840	Ana	Santos	Galang	Male	79	DISASTER_RELIEF_ASSISTANCE	Values Formation	3-day conference	DOLE - Emergency response. Contact: local coordinator	06/08/2023
Laguna	Famy	San Juan	916	Clara	García	Pérez	Male	34	OTHER_CAPABILITY_BUILDING_SUPPORT	Food Items	Rice (5kg)	DOH - Annual assistance. Contact: local coordinator	07/15/2022
Laguna	Pangil	Santa Rosa	182	Clara	Reyes	Cruz	Female	76	LIVELIHOOD_ASSISTANCE	Scholarship Grants	Standard package	USAID - Annual assistance	12/30/2021
Laguna	Santa Rosa	Uwisan	874	Clara	Gómez	García	Female	23	SOCIAL_PENSION	Medical Supplies	Medical Kit	USAID - Special initiative	11/14/2024
Laguna	Luisiana	San Roque	86	Janna	Pérez	García	Female	68	AICS	"Non-Food Items (Hygiene Kits, Clothes, Household Items)"	Basic assistance	DepEd - Pilot program. Contact: regional office	08/11/2024
Laguna	Luisiana	San Juan	467	Pedro	Gómez	Gómez	Female	30	OTHER_PROGRAM	Capital/Starter Kit	Basic assistance	DepEd - Emergency response. Contact: main branch	05/20/2022
Laguna	Calamba	Santo Tomás (Calabuso)	926	María	Carn	García	Female	56	EDUCATIONAL_ASSISTANCE	GAD Trainings	Week-long training	World Vision - Pilot program. Contact: regional office	08/04/2024
Laguna	Cavinti	Maunong	53	Juan	Pérez	López	Male	39	LIVELIHOOD_ASSISTANCE	Equipment/School Materials	Uniform	Red Cross - Annual assistance. Contact: regional office	06/26/2021
Laguna	Cabuyao	Turbina	860	Janna	Santos	Pérez	Male	28	MEDICAL_SERVICES	Capital/Starter Kit	Level 1 support	DOH - Emergency response	08/15/2024
Laguna	Calauan	San Andrés	867	Janna	Gómez	Pérez	Male	24	SUPPLEMENTAL_FEEDING	Medical Assistance	"PHP 10,000"	World Vision - Annual assistance. Contact: main branch	07/31/2024
Laguna	Lumban	San Agustín (Antipolo)	235	Clara	Pérez	Cruz	Female	62	SOCIAL_PENSION	Vaccination	Level 1 support	Caritas - Annual assistance. Contact: regional office	03/24/2023
Laguna	Pakil	Barangay II (Poblacion)	959	Juan	Pérez	Reyes	Male	62	PWD_ASSISTANCE	Cash for Work	Level 1 support	Local Government - Special initiative. Contact: main branch	07/31/2022
Laguna	Victoria	Lingga	779	Clara	Cruz	López	Female	38	DISASTER_RELIEF_ASSISTANCE	Scholarship Grants	Basic assistance	Local Government - Emergency response. Contact: local coordinator	03/29/2023
Laguna	Magdalena	San Andrés	799	Janna	Carn	Cruz	Female	18	KALAHI	Financial	"PHP 2,000"	Provincial Government - Annual assistance. Contact: regional office	12/14/2023
Laguna	Biñan	San Miguel	433	María	López	Galang	Male	47	SOCIAL_PENSION	Financial	"PHP 1,500"	DOH - Regular program. Contact: local coordinator	03/30/2023
Laguna	Rizal	Barangay III (Poblacion)	496	Clara	Carn	Santos	Male	36	AICS	Financial	"PHP 5,000"	Private Donor - Special initiative	09/05/2024
Laguna	Famy	Maunong	999	Clara	Carn	López	Female	68	DISASTER_RELIEF_ASSISTANCE	Insurance	Standard package	DepEd - Pilot program. Contact: regional office	04/24/2022
Laguna	Pakil	Barangay II (Poblacion)	100	Miguel	Cruz	López	Female	72	PWD_ASSISTANCE	Financial	"PHP 2,000"	Local Government - Special initiative	04/15/2025
Laguna	Majayjay	Looc	990	Clara	García	Galang	Male	64	KALAHI	Agricultural and Fisheries	Basic assistance	Anonymous Donor - Annual assistance	12/23/2022
Laguna	Lumban	San Gregorio	599	Janna	Pérez	Galang	Male	63	OTHER_CAPABILITY_BUILDING_SUPPORT	GAD Trainings	3-day conference	Provincial Government - Pilot program	05/29/2024
Laguna	Paete	Barangay II (Poblacion)	403	María	Reyes	Santos	Female	46	PWD_ASSISTANCE	Food Assistance	Rice (10kg)	DepEd - Special initiative	09/28/2024
Laguna	Santa Rosa	Maunong	396	Juan	López	García	Female	52	OTHER_CAPABILITY_BUILDING_SUPPORT	Scholarship Grants	Basic assistance	USAID - Special initiative	05/22/2024
Laguna	Liliw	Ulango	527	James	Gómez	López	Female	76	OTHER_CAPABILITY_BUILDING_SUPPORT	Transportation Allowance	Basic assistance	USAID - Regular program	09/07/2024
Laguna	Victoria	Súcol	415	Juan	García	Cruz	Female	70	DISASTER_RELIEF_ASSISTANCE	Job Fair	Standard package	Red Cross - Pilot program. Contact: regional office	08/04/2022
Laguna	Pagsanjan	Punta	939	María	Santos	Reyes	Male	37	KALAHI	Food Items	Food Pack	Anonymous Donor - Regular program. Contact: regional office	01/16/2023
Laguna	Nagcarlan	Santa Rosa	613	Ana	Pérez	Galang	Male	53	LIVELIHOOD_ASSISTANCE	Scholarship Grants	Basic assistance	DA - Emergency response. Contact: regional office	11/05/2023
Laguna	San Pablo	San Isidro	677	Clara	López	Galang	Female	78	SOCIAL_PENSION	GAD Trainings	3-day conference	DOLE - Emergency response. Contact: main branch	02/12/2025
Laguna	Pagsanjan	Barangay II (Poblacion)	463	Juan	Reyes	Reyes	Female	56	AICS	Food for Work	Enhanced support	Caritas - Special initiative. Contact: main branch	05/28/2023
Laguna	Santa Rosa	Calo	541	Ana	Pérez	Cruz	Male	18	MEDICAL_SERVICES	Tutorial Sessions	Standard package	USAID - Regular program. Contact: regional office	05/14/2021
Laguna	Santa Cruz	Makiling	626	Ana	Santos	Gómez	Female	40	KALAHI	Mental Health Support	Basic assistance	USAID - Pilot program. Contact: regional office	12/19/2022
Laguna	Rizal	Sirang Lupa	619	María	Cruz	Galang	Female	48	PWD_ASSISTANCE	Voucher	Enhanced support	DOH - Emergency response. Contact: local coordinator	11/14/2023
Laguna	Santa Cruz	Pansol	922	María	García	Reyes	Female	73	SOCIAL_PENSION	Mental Health Support	Enhanced support	DepEd - Annual assistance	01/12/2022
Laguna	Calamba	Barangay I (Poblacion)	364	Miguel	Pérez	Pérez	Female	68	OTHER_CAPABILITY_BUILDING_SUPPORT	Voucher	Level 1 support	UNICEF - Regular program. Contact: main branch	03/11/2024
Laguna	Santa Cruz	Maunong	130	Clara	López	Galang	Female	52	OTHER_CAPABILITY_BUILDING_SUPPORT	Cash for Work	Standard package	Provincial Government - Special initiative	10/14/2022
Laguna	Pangil	San Benito (Palita)	84	James	Carn	García	Female	69	PWD_ASSISTANCE	Values Formation	1-day seminar	DOLE - Emergency response. Contact: main branch	01/02/2025
Laguna	Victoria	Santo Domingo	271	Pedro	Gómez	García	Male	64	OTHER_CAPABILITY_BUILDING_SUPPORT	Food Items	Food Pack	Provincial Government - Regular program. Contact: regional office	09/09/2024
Laguna	Rizal	Barangay IV (Poblacion)	244	Janna	Gómez	Galang	Female	62	SUPPLEMENTAL_FEEDING	Financial	"PHP 2,000"	UNICEF - Special initiative	02/20/2024
Laguna	Kalayaan	San Ildefonso	388	Juan	Gómez	Pérez	Male	39	MEDICAL_SERVICES	Medical Assistance	Crutches	Anonymous Donor - Annual assistance. Contact: local coordinator	08/16/2024
Laguna	Luisiana	San José	214	María	Reyes	Galang	Male	63	SOCIAL_PENSION	Cash for Training	Enhanced support	Local Government - Pilot program. Contact: main branch	09/26/2024
Laguna	Pangil	San Gregorio	818	Juan	Pérez	Gómez	Male	24	EDUCATIONAL_ASSISTANCE	Tutorial Sessions	Basic assistance	Community Organization - Special initiative. Contact: local coordinator	04/17/2024
Laguna	Alaminos	San José	166	Pedro	Gómez	Gómez	Female	50	EDUCATIONAL_ASSISTANCE	Family Development Trainings	1-day seminar	DA - Pilot program	05/16/2024
Laguna	Santa Cruz	Santa Rosa	791	Pedro	López	García	Female	62	DISASTER_RELIEF_ASSISTANCE	Family Development Trainings	2-day workshop	Community Organization - Pilot program. Contact: main branch	06/15/2021
Laguna	Santa Cruz	Majada Labas	59	Clara	Carn	Gómez	Female	53	PWD_ASSISTANCE	Cash for Work	Standard package	DA - Special initiative. Contact: main branch	12/01/2023
Laguna	Alaminos	Santo Domingo	602	Ana	López	Pérez	Male	61	OTHER_CAPABILITY_BUILDING_SUPPORT	Transportation Allowance	Level 1 support	Red Cross - Annual assistance. Contact: local coordinator	01/04/2024
Laguna	Magdalena	Majada Labas	883	Clara	Pérez	Gómez	Male	24	DISASTER_RELIEF_ASSISTANCE	Medical Assistance	"PHP 3,000"	Caritas - Regular program. Contact: main branch	02/12/2025
Laguna	Bay	San Vicente	843	Janna	Santos	Galang	Female	44	OTHER_PROGRAM	Vaccination	Enhanced support	Local Government - Pilot program	10/03/2024
Laguna	Victoria	San Roque	924	James	Carn	Pérez	Female	19	EDUCATIONAL_ASSISTANCE	Surgical Procedures	"PHP 3,000"	Community Organization - Annual assistance. Contact: main branch	09/29/2021
Laguna	Pila	Casile	504	Juan	Carn	Cruz	Male	34	LIVELIHOOD_ASSISTANCE	Voucher	Basic assistance	Anonymous Donor - Special initiative. Contact: regional office	09/17/2023
Laguna	Majayjay	Punta	706	Janna	López	Cruz	Male	18	DISASTER_RELIEF_ASSISTANCE	Technical Skills Training	Standard package	DepEd - Emergency response. Contact: local coordinator	06/15/2021
Laguna	San Pedro	Santo Tomás (Calabuso)	123	Miguel	Cruz	Santos	Male	75	LIVELIHOOD_ASSISTANCE	Food for Work	Basic assistance	DOLE - Emergency response. Contact: local coordinator	02/01/2023
Laguna	Famy	Zapote	648	James	Pérez	Cruz	Female	63	OTHER_CAPABILITY_BUILDING_SUPPORT	Surgical Procedures	"PHP 5,000"	Anonymous Donor - Emergency response. Contact: main branch	01/15/2024
Laguna	Lumban	Majada Labas	413	Juan	Gómez	López	Male	47	OTHER_PROGRAM	Family Development Trainings	2-day workshop	DSWD - Special initiative. Contact: regional office	10/11/2022
Laguna	Pangil	Casile	139	Janna	Cruz	Pérez	Male	39	OTHER_CAPABILITY_BUILDING_SUPPORT	Job Referral	Basic assistance	Anonymous Donor - Pilot program. Contact: main branch	04/25/2023
Laguna	Alaminos	San Miguel	229	María	García	López	Male	45	KALAHI	Equipment/School Materials	School Supplies Kit	USAID - Special initiative. Contact: regional office	07/05/2022
Laguna	Majayjay	Calo	274	Juan	Gómez	López	Female	70	OTHER_PROGRAM	Equipment/School Materials	Tablet	Anonymous Donor - Special initiative. Contact: local coordinator	08/22/2022
Laguna	Siniloan	Barangay III (Poblacion)	439	Janna	Santos	Galang	Female	50	OTHER_PROGRAM	Leadership Skills Training	Enhanced support	DA - Annual assistance. Contact: local coordinator	06/04/2021
Laguna	Cavinti	Barangay II (Poblacion)	562	Pedro	Cruz	Galang	Female	43	OTHER_PROGRAM	Job Referral	Level 1 support	Private Donor - Pilot program	05/31/2024
Laguna	Calamba	Looc	910	James	López	Reyes	Male	52	SUPPLEMENTAL_FEEDING	Dental Services	Enhanced support	Community Organization - Emergency response. Contact: regional office	02/21/2022
Laguna	Pila	Punta	118	Janna	Pérez	Pérez	Male	28	KALAHI	Cash for Training	Standard package	Provincial Government - Emergency response. Contact: regional office	10/17/2024
Laguna	Siniloan	Barangay II (Poblacion)	714	María	Cruz	López	Male	24	SLP	Food Items	Canned Goods (10 pcs)	UNICEF - Special initiative. Contact: regional office	10/01/2024
Laguna	Rizal	San Roque	995	Clara	García	López	Male	45	OTHER_PROGRAM	Vaccination	Standard package	Caritas - Pilot program. Contact: regional office	03/15/2024
Laguna	Biñan	Zapote	905	Juan	Reyes	Cruz	Female	42	SUPPLEMENTAL_FEEDING	Consultation/Medical Check-Up	Crutches	DepEd - Emergency response. Contact: regional office	03/08/2021
Laguna	Luisiana	Santo Domingo	483	Miguel	García	García	Male	78	OTHER_CAPABILITY_BUILDING_SUPPORT	Surgical Procedures	"PHP 5,000"	UNICEF - Special initiative. Contact: main branch	06/01/2022
Laguna	Santa Cruz	Punta	395	Juan	Carn	Pérez	Male	58	SUPPLEMENTAL_FEEDING	Activity Involvement/Advocacy	Standard package	Private Donor - Annual assistance. Contact: main branch	12/19/2023
Laguna	Majayjay	Turbina	703	Juan	Gómez	García	Female	48	SOCIAL_PENSION	GAD Trainings	2-day workshop	Community Organization - Regular program. Contact: regional office	10/04/2023
Laguna	Pagsanjan	Lingga	876	María	Pérez	Pérez	Male	71	LIVELIHOOD_ASSISTANCE	Alternative Learning System	Enhanced support	DOLE - Pilot program	08/11/2022
Laguna	Calamba	Turbina	460	James	Carn	Pérez	Male	20	OTHER_PROGRAM	Voucher	Basic assistance	Private Donor - Regular program. Contact: regional office	02/11/2023
Laguna	Pila	San Andrés	835	Juan	Cruz	Santos	Male	50	AICS	Burial Assistance	Enhanced support	DOLE - Pilot program. Contact: main branch	01/30/2023
Laguna	San Pedro	Barangay IV (Poblacion)	693	James	Cruz	Reyes	Female	68	MEDICAL_SERVICES	Vaccination	Level 1 support	Local Government - Emergency response. Contact: regional office	11/06/2023
Laguna	Siniloan	Palma	935	Janna	García	García	Male	75	DISASTER_RELIEF_ASSISTANCE	Agricultural and Fisheries	Standard package	World Vision - Special initiative	02/18/2025
Laguna	Mabitac	Casile	78	Pedro	García	Santos	Female	51	OTHER_CAPABILITY_BUILDING_SUPPORT	Mental Health Support	Basic assistance	UNICEF - Special initiative. Contact: main branch	06/25/2021
Laguna	Santa Rosa	Mayapa	952	Miguel	López	Cruz	Male	76	PWD_ASSISTANCE	Food for Work	Level 1 support	DepEd - Annual assistance	11/18/2021
Laguna	Calamba	Timbao	412	Pedro	Santos	Reyes	Female	38	LIVELIHOOD_ASSISTANCE	Financial	"PHP 2,000"	DOLE - Annual assistance. Contact: main branch	01/24/2025
Laguna	Magdalena	Milagrosa	75	James	López	Reyes	Female	73	LIVELIHOOD_ASSISTANCE	Surgical Procedures	"PHP 3,000"	Local Government - Regular program. Contact: main branch	05/16/2021
Laguna	Nagcarlan	San Juan	295	James	Carn	López	Female	54	PWD_ASSISTANCE	Alternative Learning System	Enhanced support	Local Government - Emergency response	03/04/2022
Laguna	Victoria	Calo	793	Pedro	López	Pérez	Male	66	DISASTER_RELIEF_ASSISTANCE	Mental Health Support	Enhanced support	Red Cross - Emergency response	07/20/2023
Laguna	Mabitac	San Vicente	21	Juan	García	Gómez	Male	36	LIVELIHOOD_ASSISTANCE	Dental Services	Basic assistance	Community Organization - Annual assistance. Contact: main branch	06/30/2023
Laguna	Victoria	Casile	906	Ana	Pérez	Pérez	Female	77	SUPPLEMENTAL_FEEDING	Tutorial Sessions	Level 1 support	DSWD - Regular program. Contact: main branch	11/11/2022
Laguna	Pakil	Palo-Alto	171	Ana	López	Galang	Female	54	SOCIAL_PENSION	Honorarium	Level 1 support	Anonymous Donor - Emergency response. Contact: regional office	04/15/2025
Laguna	Calamba	San Isidro	15	María	Reyes	Pérez	Male	72	EDUCATIONAL_ASSISTANCE	Capital/Starter Kit	Enhanced support	Anonymous Donor - Emergency response. Contact: local coordinator	11/18/2021
Laguna	Luisiana	Zapote	211	Miguel	Gómez	Pérez	Female	38	SUPPLEMENTAL_FEEDING	Vaccination	Enhanced support	World Vision - Annual assistance. Contact: regional office	09/21/2024
Laguna	Majayjay	Real	560	Clara	Santos	Pérez	Male	31	OTHER_PROGRAM	Medical Supplies	"PHP 10,000"	DOH - Emergency response	02/20/2023
Laguna	Santa Cruz	Pansol	86	Pedro	García	López	Male	27	LIVELIHOOD_ASSISTANCE	Burial Assistance	Standard package	Anonymous Donor - Regular program	03/17/2025
Laguna	Santa Cruz	Lingga	149	Pedro	Pérez	Cruz	Female	70	SUPPLEMENTAL_FEEDING	Agricultural and Fisheries	Basic assistance	DOLE - Emergency response	06/20/2021
Laguna	Majayjay	Majada Labas	700	María	Cruz	Pérez	Female	24	EDUCATIONAL_ASSISTANCE	Parent Effectiveness Trainings	Enhanced support	DepEd - Emergency response	07/13/2023
Laguna	Pangil	Sirang Lupa	372	Miguel	Gómez	Gómez	Male	46	SOCIAL_PENSION	Surgical Procedures	Crutches	DepEd - Special initiative. Contact: local coordinator	05/09/2021
Laguna	Cavinti	Palo-Alto	480	Ana	López	López	Male	57	OTHER_CAPABILITY_BUILDING_SUPPORT	Job Referral	Standard package	USAID - Regular program	11/11/2022
Laguna	Cabuyao	Santo Domingo	818	Janna	García	Gómez	Male	79	SOCIAL_PENSION	Transportation Allowance	Enhanced support	DA - Special initiative. Contact: local coordinator	12/12/2024
Laguna	Alaminos	Lingga	151	Juan	Cruz	Reyes	Female	25	AICS	Cash for Training	Standard package	Red Cross - Special initiative. Contact: local coordinator	02/01/2022
Laguna	Victoria	Punta	141	Juan	Cruz	López	Male	56	SUPPLEMENTAL_FEEDING	Insurance	Basic assistance	Private Donor - Regular program. Contact: local coordinator	03/02/2021
Laguna	Victoria	Santo Domingo	69	Janna	Carn	Pérez	Female	30	PWD_ASSISTANCE	Food Items	Rice (5kg)	Provincial Government - Emergency response	02/15/2024
Laguna	Calamba	Saimsim	260	Janna	Carn	Santos	Female	63	OTHER_PROGRAM	Tutorial Sessions	Enhanced support	Red Cross - Regular program. Contact: main branch	04/18/2022
Laguna	Rizal	Santa Rosa	988	Miguel	Pérez	López	Male	36	SOCIAL_PENSION	Scholarship Grants	Enhanced support	Anonymous Donor - Special initiative. Contact: main branch	01/08/2023
Laguna	Santa Cruz	Santo Domingo	846	Ana	García	García	Female	28	DISASTER_RELIEF_ASSISTANCE	Skills Training	Carpentry	Anonymous Donor - Regular program. Contact: regional office	02/01/2022
Laguna	Liliw	Milagrosa	968	María	Gómez	Cruz	Female	19	SUPPLEMENTAL_FEEDING	Values Formation	1-day seminar	Red Cross - Regular program. Contact: local coordinator	03/15/2023
Laguna	Pila	Sirang Lupa	521	Janna	Pérez	Cruz	Female	66	OTHER_CAPABILITY_BUILDING_SUPPORT	Capital/Starter Kit	Basic assistance	DepEd - Special initiative. Contact: regional office	08/15/2023
Laguna	Calamba	Calo	633	María	García	Reyes	Female	23	OTHER_PROGRAM	Equipment/School Materials	Laptop	World Vision - Special initiative. Contact: local coordinator	05/26/2024
Laguna	Cabuyao	Makiling	371	Miguel	Reyes	López	Male	46	PWD_ASSISTANCE	Job Fair	Level 1 support	Local Government - Regular program. Contact: main branch	10/17/2022
Laguna	Bay	Mayapa	419	Clara	Santos	Gómez	Male	58	KALAHI	Tutorial Sessions	Level 1 support	USAID - Regular program. Contact: local coordinator	02/09/2025
Laguna	Pakil	San Isidro	101	James	Santos	Gómez	Female	68	PWD_ASSISTANCE	Voucher	Standard package	Provincial Government - Regular program. Contact: regional office	08/25/2022
Laguna	Liliw	Palma	661	Juan	Gómez	Reyes	Female	22	MEDICAL_SERVICES	Medical Supplies	"PHP 3,000"	USAID - Emergency response. Contact: local coordinator	09/25/2021
Laguna	Santa Cruz	Barangay III (Poblacion)	954	Ana	García	Reyes	Female	58	OTHER_CAPABILITY_BUILDING_SUPPORT	Medical Supplies	"PHP 3,000"	UNICEF - Regular program. Contact: regional office	03/17/2021
Laguna	Pagsanjan	San Ildefonso	658	Juan	Carn	Santos	Female	79	AICS	Surgical Procedures	"PHP 5,000"	USAID - Pilot program	12/29/2023
Laguna	Santa Cruz	Lingga	865	Ana	Gómez	Galang	Female	47	SLP	Food Items	Rice (10kg)	Caritas - Pilot program. Contact: regional office	01/08/2025
Laguna	Alaminos	Casile	968	Miguel	López	Reyes	Male	74	DISASTER_RELIEF_ASSISTANCE	GAD Trainings	1-day seminar	Anonymous Donor - Annual assistance. Contact: main branch	08/14/2024
Laguna	San Pablo	Masaya	243	James	Pérez	Galang	Male	56	SOCIAL_PENSION	Tutorial Sessions	Basic assistance	Community Organization - Regular program. Contact: local coordinator	02/06/2025
Laguna	Calamba	Maunong	753	Juan	Reyes	Gómez	Male	79	SOCIAL_PENSION	Family Development Trainings	2-day workshop	Anonymous Donor - Annual assistance. Contact: local coordinator	03/29/2024
Laguna	Lumban	Masili	512	James	Santos	Galang	Male	53	AICS	Skills Training	Hairdressing	DSWD - Pilot program. Contact: main branch	06/17/2023
Laguna	Cabuyao	Súcol	849	Miguel	García	Cruz	Female	44	SUPPLEMENTAL_FEEDING	Mental Health Support	Standard package	DOLE - Emergency response	10/29/2023
Laguna	Majayjay	Barangay III (Poblacion)	555	Ana	Carn	Gómez	Female	67	EDUCATIONAL_ASSISTANCE	Job Referral	Enhanced support	Community Organization - Regular program. Contact: local coordinator	02/17/2025
Laguna	San Pablo	Punta	95	Janna	Carn	García	Male	35	KALAHI	Dental Services	Level 1 support	Community Organization - Annual assistance. Contact: regional office	04/02/2023
Laguna	Majayjay	Paciano Rizal	226	Clara	Carn	Gómez	Male	69	PWD_ASSISTANCE	Financial	"PHP 2,000"	Red Cross - Special initiative. Contact: main branch	03/29/2021
Laguna	Rizal	Calo	518	Juan	Pérez	García	Male	66	SOCIAL_PENSION	Vaccination	Standard package	Provincial Government - Pilot program. Contact: main branch	03/10/2024
Laguna	Bay	Majada Labas	214	James	López	López	Female	79	SUPPLEMENTAL_FEEDING	Parent Effectiveness Trainings	Standard package	World Vision - Emergency response	04/14/2025
Laguna	Nagcarlan	Barangay I (Poblacion)	718	Pedro	Cruz	Santos	Female	53	SLP	Surgical Procedures	"PHP 10,000"	Provincial Government - Special initiative	06/09/2022
Laguna	Santa Rosa	Del Carmen	67	Juan	Gómez	Santos	Female	77	MEDICAL_SERVICES	Food Items	Rice (5kg)	DepEd - Regular program. Contact: main branch	04/06/2023
Laguna	Santa Maria	Santa Rosa	396	Juan	Pérez	García	Male	79	AICS	Medical Assistance	Crutches	Provincial Government - Special initiative	07/29/2022
Laguna	Pakil	Zapote	612	Juan	López	López	Male	76	AICS	Vaccination	Basic assistance	USAID - Emergency response	09/28/2024
Laguna	San Pablo	Timbao	12	María	Carn	Gómez	Female	71	LIVELIHOOD_ASSISTANCE	Food for Work	Enhanced support	Provincial Government - Special initiative. Contact: regional office	11/18/2022
Laguna	Luisiana	Casile	237	James	García	Pérez	Female	33	AICS	Transportation Allowance	Standard package	Local Government - Emergency response. Contact: local coordinator	09/02/2023
Laguna	Paete	San Ildefonso	834	James	Gómez	García	Female	71	DISASTER_RELIEF_ASSISTANCE	Consultation/Medical Check-Up	Wheelchair	Caritas - Pilot program. Contact: local coordinator	05/24/2024
Laguna	Biñan	San Isidro	770	Juan	Reyes	Gómez	Male	72	LIVELIHOOD_ASSISTANCE	Transportation Allowance	Level 1 support	USAID - Regular program. Contact: regional office	05/21/2022
Laguna	Santa Rosa	Uwisan	399	Miguel	López	López	Female	22	AICS	Capital/Starter Kit	Standard package	DepEd - Pilot program. Contact: main branch	03/15/2021
Laguna	Alaminos	Súcol	407	Miguel	García	López	Female	26	OTHER_PROGRAM	Medical Supplies	Wheelchair	Local Government - Emergency response. Contact: local coordinator	03/17/2023
Laguna	Alaminos	San Antonio	925	Janna	Pérez	López	Male	51	DISASTER_RELIEF_ASSISTANCE	Leadership Skills Training	Standard package	World Vision - Special initiative. Contact: regional office	08/04/2022
Laguna	Siniloan	San Isidro	849	Juan	Pérez	López	Female	51	OTHER_PROGRAM	Activity Involvement/Advocacy	Standard package	World Vision - Special initiative. Contact: main branch	12/29/2023
Laguna	Pagsanjan	Paciano Rizal	480	María	Gómez	Cruz	Female	53	OTHER_PROGRAM	Medical Supplies	Wheelchair	Local Government - Annual assistance. Contact: main branch	08/11/2021
Laguna	Los Baños	Mayapa	647	Ana	Carn	Gómez	Female	48	LIVELIHOOD_ASSISTANCE	Medical Supplies	Wheelchair	DA - Pilot program. Contact: regional office	06/16/2023
Laguna	Calamba	Makiling	222	María	Reyes	Cruz	Female	69	PWD_ASSISTANCE	Consultation/Medical Check-Up	Medical Kit	DSWD - Regular program	01/21/2022
Laguna	Luisiana	Timbao	156	Miguel	Santos	García	Male	37	AICS	Dental Services	Level 1 support	DepEd - Annual assistance. Contact: local coordinator	08/01/2024
Laguna	Biñan	San Cristóbal	654	Janna	Santos	López	Female	34	SOCIAL_PENSION	Medical Supplies	"PHP 3,000"	Community Organization - Pilot program	05/02/2021
Laguna	Alaminos	Looc	428	Miguel	Pérez	Reyes	Male	37	SUPPLEMENTAL_FEEDING	Cash for Work	Enhanced support	DepEd - Regular program. Contact: main branch	01/03/2023
Laguna	Alaminos	Del Carmen	158	Miguel	García	López	Female	45	OTHER_CAPABILITY_BUILDING_SUPPORT	Cash for Work	Enhanced support	Provincial Government - Pilot program. Contact: main branch	01/04/2025
Laguna	Famy	Turbina	977	Miguel	Reyes	Reyes	Male	38	OTHER_CAPABILITY_BUILDING_SUPPORT	Vaccination	Standard package	DOLE - Pilot program. Contact: regional office	04/03/2023
Laguna	Liliw	San Cristóbal	416	Juan	García	Cruz	Female	74	LIVELIHOOD_ASSISTANCE	GAD Trainings	3-day conference	DA - Regular program. Contact: regional office	04/02/2022
Laguna	Los Baños	Barangay I (Poblacion)	326	Miguel	Reyes	López	Female	36	DISASTER_RELIEF_ASSISTANCE	Vaccination	Level 1 support	USAID - Regular program. Contact: main branch	06/13/2021
Laguna	Luisiana	Barangay IV (Poblacion)	371	James	Reyes	Galang	Male	20	OTHER_PROGRAM	Consultation/Medical Check-Up	Crutches	Caritas - Annual assistance. Contact: regional office	07/10/2024
Laguna	Siniloan	Turbina	344	Clara	Pérez	García	Female	47	PWD_ASSISTANCE	Leadership Skills Training	Level 1 support	Private Donor - Special initiative. Contact: local coordinator	04/02/2021
Laguna	Lumban	Masaya	262	Pedro	García	López	Female	22	DISASTER_RELIEF_ASSISTANCE	Medical Supplies	Medical Kit	USAID - Regular program. Contact: main branch	12/02/2021
Laguna	Luisiana	Paciano Rizal	283	Juan	Pérez	Santos	Male	59	SLP	Transportation Allowance	Basic assistance	World Vision - Emergency response. Contact: main branch	08/09/2022
Laguna	Mabitac	Santa Rosa	850	Janna	Gómez	Reyes	Female	23	LIVELIHOOD_ASSISTANCE	Parent Effectiveness Trainings	Standard package	Provincial Government - Pilot program. Contact: regional office	07/24/2023
Laguna	Bay	Del Carmen	856	James	Reyes	Pérez	Female	20	EDUCATIONAL_ASSISTANCE	Voucher	Basic assistance	Anonymous Donor - Regular program. Contact: main branch	11/10/2021
Laguna	Siniloan	Casile	229	María	López	Pérez	Female	66	SUPPLEMENTAL_FEEDING	Food for Work	Standard package	Anonymous Donor - Regular program	08/25/2022
Laguna	Pagsanjan	Paciano Rizal	888	Miguel	Carn	López	Female	59	SLP	Family Development Trainings	Week-long training	Red Cross - Annual assistance. Contact: main branch	09/21/2023
Laguna	Paete	Masaya	280	Ana	Gómez	Gómez	Female	41	PWD_ASSISTANCE	Insurance	Basic assistance	Private Donor - Annual assistance	06/29/2023
Laguna	Biñan	San Cristóbal	870	Ana	Reyes	Galang	Male	61	SLP	Family Development Trainings	1-day seminar	UNICEF - Regular program. Contact: regional office	01/29/2025
Laguna	Rizal	San José	290	Clara	López	Reyes	Male	18	KALAHI	Tutorial Sessions	Basic assistance	Local Government - Special initiative. Contact: main branch	11/25/2024
Laguna	Nagcarlan	Puting Lupa	680	Juan	Reyes	Galang	Female	67	DISASTER_RELIEF_ASSISTANCE	"Non-Food Items (Hygiene Kits, Clothes, Household Items)"	Standard package	Community Organization - Pilot program	07/15/2022
Laguna	Santa Cruz	Masili	47	María	López	Pérez	Female	68	KALAHI	Values Formation	2-day workshop	DepEd - Special initiative. Contact: main branch	04/30/2022
Laguna	Famy	Masili	975	Clara	García	García	Male	71	OTHER_CAPABILITY_BUILDING_SUPPORT	Alternative Learning System	Level 1 support	World Vision - Annual assistance	10/18/2022
Laguna	Siniloan	Barangay III (Poblacion)	715	Pedro	Santos	Pérez	Male	69	PWD_ASSISTANCE	Honorarium	Level 1 support	UNICEF - Pilot program. Contact: main branch	09/19/2022
Laguna	Santa Cruz	Súcol	214	Pedro	Cruz	García	Male	53	OTHER_PROGRAM	Medical Assistance	Medical Kit	DSWD - Pilot program	07/24/2024
Laguna	Liliw	Palo-Alto	758	Clara	Gómez	García	Male	32	SOCIAL_PENSION	Family Development Trainings	2-day workshop	World Vision - Emergency response. Contact: regional office	03/07/2021
Laguna	Santa Cruz	San Miguel	24	Janna	Reyes	Cruz	Male	58	AICS	Parent Effectiveness Trainings	Level 1 support	DepEd - Special initiative	07/20/2021
Laguna	Victoria	Casile	321	Ana	Cruz	Pérez	Male	55	SOCIAL_PENSION	Mental Health Support	Basic assistance	World Vision - Annual assistance. Contact: local coordinator	04/13/2022
Laguna	Bay	Ulango	274	María	Reyes	Gómez	Female	61	LIVELIHOOD_ASSISTANCE	Medical Assistance	Crutches	Private Donor - Annual assistance. Contact: main branch	03/10/2022
Laguna	Pagsanjan	Lingga	556	Juan	García	Pérez	Female	35	SLP	Vaccination	Basic assistance	UNICEF - Pilot program	05/18/2021
Laguna	Kalayaan	Ulango	844	Miguel	García	Galang	Female	40	EDUCATIONAL_ASSISTANCE	Family Development Trainings	Week-long training	DSWD - Regular program	10/13/2023
Laguna	Cavinti	Milagrosa	313	James	López	López	Female	64	MEDICAL_SERVICES	Family Development Trainings	1-day seminar	Caritas - Annual assistance. Contact: local coordinator	12/12/2023
Laguna	Cabuyao	San Antonio	363	Juan	Reyes	Santos	Female	46	EDUCATIONAL_ASSISTANCE	Insurance	Basic assistance	Local Government - Special initiative	01/15/2025
Laguna	Santa Cruz	Timbao	668	Juan	García	Santos	Male	68	OTHER_PROGRAM	Medical Supplies	Wheelchair	Anonymous Donor - Annual assistance. Contact: local coordinator	03/27/2024
Laguna	Pangil	Looc	380	María	García	Gómez	Male	58	EDUCATIONAL_ASSISTANCE	Family Development Trainings	2-day workshop	World Vision - Regular program	03/13/2023
Laguna	Paete	Sirang Lupa	711	Ana	Reyes	García	Male	39	SUPPLEMENTAL_FEEDING	Dental Services	Level 1 support	DOLE - Annual assistance. Contact: regional office	05/12/2023
Laguna	Lumban	San Ildefonso	919	María	López	Gómez	Male	41	MEDICAL_SERVICES	Technical Skills Training	Standard package	Provincial Government - Pilot program. Contact: local coordinator	05/14/2024
Laguna	Los Baños	Barangay I (Poblacion)	981	James	López	Santos	Male	62	SLP	Medical Assistance	Medical Kit	DA - Special initiative. Contact: main branch	09/27/2024
Laguna	Siniloan	Majada Labas	674	Clara	López	Gómez	Male	65	LIVELIHOOD_ASSISTANCE	Honorarium	Level 1 support	Local Government - Regular program. Contact: main branch	09/01/2024
Laguna	San Pablo	Masaya	907	María	López	Reyes	Female	30	AICS	Transportation Allowance	Enhanced support	Provincial Government - Special initiative. Contact: local coordinator	05/16/2021
Laguna	Cabuyao	Lingga	470	Janna	Santos	Galang	Female	50	DISASTER_RELIEF_ASSISTANCE	Food Assistance	Food Pack	World Vision - Pilot program. Contact: main branch	01/04/2024
Laguna	San Pedro	Zapote	746	Juan	Reyes	Galang	Male	67	SOCIAL_PENSION	Burial Assistance	Level 1 support	Local Government - Emergency response. Contact: regional office	03/25/2022
Laguna	Pangil	Santa Rosa	675	Ana	Pérez	Gómez	Female	39	SLP	Vaccination	Standard package	World Vision - Annual assistance	03/10/2021
Laguna	Siniloan	Looc	116	Miguel	Santos	Galang	Male	52	SUPPLEMENTAL_FEEDING	Dental Services	Standard package	DOH - Annual assistance. Contact: regional office	08/11/2023
Laguna	San Pedro	San Miguel	605	Pedro	García	Reyes	Female	34	AICS	Consultation/Medical Check-Up	Medical Kit	Anonymous Donor - Regular program. Contact: local coordinator	03/24/2023
Laguna	Cabuyao	Real	42	James	Santos	López	Male	39	SUPPLEMENTAL_FEEDING	Honorarium	Level 1 support	DOLE - Regular program. Contact: regional office	05/10/2024
Laguna	Liliw	Punta	796	Pedro	Gómez	Cruz	Male	22	OTHER_PROGRAM	Capital/Starter Kit	Level 1 support	DepEd - Annual assistance. Contact: local coordinator	10/12/2023
Laguna	Calamba	Puting Lupa	379	Juan	Pérez	Reyes	Female	78	EDUCATIONAL_ASSISTANCE	Food Items	Rice (5kg)	DOLE - Emergency response. Contact: main branch	04/05/2024
Laguna	Kalayaan	Ulango	722	María	Pérez	Galang	Male	42	AICS	Cash for Work	Basic assistance	DSWD - Pilot program. Contact: local coordinator	02/19/2024
Laguna	San Pablo	Santo Domingo	206	Pedro	Pérez	Galang	Female	23	PWD_ASSISTANCE	Capital/Starter Kit	Basic assistance	DOH - Regular program. Contact: local coordinator	04/07/2021
Laguna	Biñan	San Cristóbal	466	Janna	López	Pérez	Female	70	PWD_ASSISTANCE	Financial	"PHP 3,000"	DOLE - Annual assistance	01/12/2022
Laguna	Nagcarlan	Parian	732	María	García	Galang	Male	34	SOCIAL_PENSION	Transportation Allowance	Basic assistance	UNICEF - Special initiative. Contact: local coordinator	02/23/2025
Laguna	Biñan	Pansol	280	Juan	Santos	López	Male	48	EDUCATIONAL_ASSISTANCE	Voucher	Standard package	DOLE - Pilot program	12/13/2023
Laguna	Majayjay	Turbina	648	Pedro	Santos	Santos	Male	34	AICS	Vaccination	Enhanced support	DA - Annual assistance. Contact: main branch	01/09/2021
Laguna	Cabuyao	San José	618	Miguel	Gómez	Cruz	Female	76	SOCIAL_PENSION	Transportation Allowance	Basic assistance	World Vision - Special initiative. Contact: local coordinator	10/02/2023
Laguna	Paete	Sirang Lupa	118	Clara	Reyes	Reyes	Female	50	OTHER_CAPABILITY_BUILDING_SUPPORT	Job Referral	Enhanced support	DSWD - Emergency response. Contact: local coordinator	11/27/2021
Laguna	Nagcarlan	Masili	237	James	Santos	Gómez	Male	56	DISASTER_RELIEF_ASSISTANCE	Capital/Starter Kit	Basic assistance	Caritas - Pilot program. Contact: regional office	09/08/2021
Laguna	Cavinti	Sirang Lupa	309	Pedro	Gómez	Galang	Male	71	OTHER_PROGRAM	Cash for Training	Basic assistance	DepEd - Annual assistance	12/26/2021
Laguna	San Pablo	Maunong	456	Miguel	García	Pérez	Male	79	SOCIAL_PENSION	GAD Trainings	3-day conference	World Vision - Regular program	12/15/2021
Laguna	Rizal	San José	900	Clara	López	Pérez	Male	65	SLP	Values Formation	2-day workshop	USAID - Annual assistance	05/04/2021
Laguna	Victoria	Barangay II (Poblacion)	475	Clara	Reyes	García	Male	54	OTHER_CAPABILITY_BUILDING_SUPPORT	Cash for Work	Standard package	Caritas - Regular program. Contact: local coordinator	09/26/2022
Laguna	Calamba	Real	100	Pedro	Gómez	Cruz	Male	65	KALAHI	Food for Work	Level 1 support	Caritas - Annual assistance. Contact: main branch	07/18/2021
Laguna	Luisiana	Súcol	261	Ana	Santos	Pérez	Male	21	KALAHI	Burial Assistance	Basic assistance	World Vision - Pilot program. Contact: regional office	04/09/2023
Laguna	Nagcarlan	Mayapa	993	Pedro	Reyes	García	Female	60	EDUCATIONAL_ASSISTANCE	Alternative Learning System	Level 1 support	Community Organization - Special initiative. Contact: local coordinator	12/05/2024
Laguna	Rizal	Parian	305	Juan	Cruz	Cruz	Female	31	DISASTER_RELIEF_ASSISTANCE	Financial	"PHP 3,000"	DOLE - Special initiative. Contact: local coordinator	11/04/2024
Laguna	Lumban	San Agustín (Antipolo)	354	Clara	Reyes	Galang	Male	78	KALAHI	Alternative Learning System	Enhanced support	Provincial Government - Emergency response. Contact: local coordinator	07/07/2023
Laguna	Rizal	Ulango	286	James	Pérez	Cruz	Male	30	OTHER_PROGRAM	Leadership Skills Training	Standard package	DA - Pilot program. Contact: local coordinator	03/09/2025
Laguna	San Pedro	Palma	328	Juan	López	Cruz	Female	44	MEDICAL_SERVICES	Job Referral	Enhanced support	Provincial Government - Special initiative. Contact: regional office	01/24/2024
Laguna	Biñan	Maunong	103	Janna	Pérez	Gómez	Male	41	SUPPLEMENTAL_FEEDING	Vaccination	Enhanced support	Red Cross - Special initiative	01/30/2021
Laguna	Kalayaan	San Agustín (Antipolo)	63	María	Cruz	Galang	Female	44	MEDICAL_SERVICES	Vaccination	Level 1 support	DOH - Regular program. Contact: regional office	01/21/2024
Laguna	Victoria	San Juan	687	Pedro	Pérez	López	Female	25	EDUCATIONAL_ASSISTANCE	Capital/Starter Kit	Basic assistance	Red Cross - Pilot program. Contact: regional office	08/19/2022
Laguna	Nagcarlan	San Roque	282	Ana	Cruz	Pérez	Male	70	SUPPLEMENTAL_FEEDING	Family Development Trainings	Week-long training	Provincial Government - Regular program. Contact: regional office	11/05/2023
Laguna	Nagcarlan	Makiling	441	James	Reyes	García	Female	69	SOCIAL_PENSION	Job Referral	Standard package	DepEd - Annual assistance. Contact: main branch	10/17/2022
Laguna	Victoria	Súcol	293	Ana	García	Gómez	Female	64	SLP	Job Fair	Standard package	Local Government - Regular program. Contact: regional office	04/01/2023
Laguna	Pakil	Casile	738	Ana	López	Gómez	Male	67	KALAHI	Dental Services	Standard package	Private Donor - Annual assistance. Contact: local coordinator	04/05/2022
Laguna	Majayjay	San Roque	7	Ana	García	López	Male	56	OTHER_CAPABILITY_BUILDING_SUPPORT	Medical Supplies	Crutches	Local Government - Annual assistance	01/23/2021
Laguna	San Pedro	Palo-Alto	639	Pedro	López	García	Female	38	OTHER_CAPABILITY_BUILDING_SUPPORT	Honorarium	Level 1 support	Local Government - Annual assistance. Contact: local coordinator	11/22/2021
Laguna	Pila	Santa Rosa	936	James	Gómez	Santos	Male	68	MEDICAL_SERVICES	Burial Assistance	Enhanced support	UNICEF - Regular program	05/27/2023
Laguna	Lumban	Paciano Rizal	92	James	López	Pérez	Female	74	AICS	Food Assistance	Food Pack	Community Organization - Regular program. Contact: local coordinator	01/16/2024
Laguna	Santa Maria	San Benito (Palita)	935	Clara	Pérez	García	Female	58	DISASTER_RELIEF_ASSISTANCE	Equipment/School Materials	Books	DOH - Pilot program. Contact: regional office	05/01/2024
Laguna	Pagsanjan	San José	190	Ana	Pérez	García	Female	28	AICS	Tutorial Sessions	Basic assistance	World Vision - Annual assistance. Contact: main branch	11/16/2022
Laguna	Nagcarlan	Palma	871	Clara	García	Cruz	Female	48	AICS	Leadership Skills Training	Enhanced support	Caritas - Special initiative. Contact: main branch	09/20/2021
Laguna	Cabuyao	Casile	476	Clara	Carn	Santos	Female	44	KALAHI	Values Formation	2-day workshop	Red Cross - Regular program. Contact: local coordinator	12/23/2024
Laguna	Luisiana	Palo-Alto	511	María	Gómez	Galang	Female	59	SOCIAL_PENSION	Medical Supplies	Crutches	USAID - Special initiative. Contact: main branch	03/18/2023
Laguna	Siniloan	Del Carmen	462	Pedro	Cruz	Galang	Male	63	LIVELIHOOD_ASSISTANCE	Tutorial Sessions	Enhanced support	Anonymous Donor - Emergency response. Contact: main branch	10/15/2024
Laguna	Kalayaan	Lingga	53	Pedro	Pérez	Reyes	Male	65	AICS	Food Assistance	Food Pack	Provincial Government - Special initiative	03/09/2022
Laguna	Pagsanjan	San José	754	Juan	Gómez	Santos	Male	44	SLP	Values Formation	1-day seminar	Provincial Government - Regular program. Contact: local coordinator	07/14/2022
Laguna	Luisiana	Santo Tomás (Calabuso)	486	Miguel	Pérez	Cruz	Male	25	LIVELIHOOD_ASSISTANCE	Burial Assistance	Enhanced support	Community Organization - Emergency response. Contact: local coordinator	05/23/2022
Laguna	Kalayaan	Uwisan	644	Clara	Pérez	Reyes	Female	50	SOCIAL_PENSION	Skills Training	Hairdressing	World Vision - Special initiative. Contact: regional office	02/18/2021
Laguna	Cavinti	San José	490	Pedro	Reyes	Reyes	Female	29	DISASTER_RELIEF_ASSISTANCE	GAD Trainings	Week-long training	DOLE - Emergency response. Contact: local coordinator	06/17/2021
Laguna	Santa Rosa	Puting Lupa	978	Ana	García	Galang	Female	52	OTHER_CAPABILITY_BUILDING_SUPPORT	Transportation Allowance	Level 1 support	Community Organization - Special initiative. Contact: regional office	03/17/2022
Laguna	Mabitac	San Miguel	364	Miguel	García	García	Female	51	SOCIAL_PENSION	Agricultural and Fisheries	Basic assistance	DOH - Pilot program. Contact: main branch	08/17/2022
Laguna	Pakil	Masaya	112	Janna	Pérez	Cruz	Female	33	MEDICAL_SERVICES	Activity Involvement/Advocacy	Standard package	DOLE - Emergency response. Contact: local coordinator	08/16/2021
Laguna	Pagsanjan	Barangay III (Poblacion)	409	Ana	Reyes	Gómez	Male	53	OTHER_PROGRAM	Cash for Work	Basic assistance	Anonymous Donor - Special initiative. Contact: regional office	08/02/2021
Laguna	Santa Cruz	Real	7	James	Pérez	Gómez	Male	19	SLP	Tutorial Sessions	Basic assistance	Provincial Government - Pilot program. Contact: local coordinator	05/30/2023
Laguna	Magdalena	Timbao	742	Pedro	Cruz	Santos	Male	29	KALAHI	Equipment/School Materials	Tablet	UNICEF - Emergency response. Contact: local coordinator	03/23/2024
Laguna	Majayjay	Pansol	668	Miguel	Reyes	Reyes	Female	44	EDUCATIONAL_ASSISTANCE	Alternative Learning System	Enhanced support	USAID - Regular program. Contact: local coordinator	08/31/2022
Laguna	Pangil	Turbina	197	Pedro	Pérez	Cruz	Female	73	LIVELIHOOD_ASSISTANCE	Food Assistance	Rice (5kg)	Anonymous Donor - Annual assistance. Contact: regional office	12/01/2024
Laguna	Calamba	Looc	835	Juan	López	Galang	Male	34	SUPPLEMENTAL_FEEDING	Vaccination	Level 1 support	DepEd - Annual assistance. Contact: main branch	01/20/2023
Laguna	Biñan	Maunong	876	Clara	Carn	Reyes	Female	37	EDUCATIONAL_ASSISTANCE	Transportation Allowance	Enhanced support	DOH - Annual assistance. Contact: local coordinator	11/08/2023
Laguna	Luisiana	Palingon	735	Janna	López	Reyes	Female	38	KALAHI	Honorarium	Basic assistance	DOH - Emergency response. Contact: local coordinator	04/12/2022
Laguna	San Pedro	Masaya	367	Pedro	Carn	López	Male	47	AICS	Activity Involvement/Advocacy	Level 1 support	Anonymous Donor - Special initiative. Contact: regional office	12/10/2021
Laguna	Pakil	San Roque	250	Juan	Reyes	Galang	Female	59	DISASTER_RELIEF_ASSISTANCE	Tutorial Sessions	Standard package	Caritas - Special initiative. Contact: main branch	11/20/2021
Laguna	Santa Maria	San Antonio	916	Juan	López	Gómez	Male	37	MEDICAL_SERVICES	Burial Assistance	Standard package	Private Donor - Annual assistance. Contact: regional office	06/23/2024
Laguna	Pangil	Calo	595	Janna	Cruz	López	Male	25	SUPPLEMENTAL_FEEDING	Insurance	Basic assistance	DA - Special initiative. Contact: main branch	12/20/2023
Laguna	Cabuyao	Real	240	Ana	Gómez	Galang	Male	35	SOCIAL_PENSION	Agricultural and Fisheries	Enhanced support	Provincial Government - Emergency response. Contact: main branch	02/26/2025
Laguna	Pangil	Palo-Alto	380	Ana	López	Galang	Male	74	OTHER_CAPABILITY_BUILDING_SUPPORT	Honorarium	Basic assistance	Anonymous Donor - Regular program. Contact: local coordinator	05/12/2023
Laguna	Rizal	Parian	907	Ana	García	López	Female	35	SOCIAL_PENSION	Equipment/School Materials	Tablet	Local Government - Annual assistance. Contact: regional office	12/09/2023
Laguna	Majayjay	Paciano Rizal	872	María	Gómez	Gómez	Female	35	SOCIAL_PENSION	Honorarium	Standard package	Caritas - Special initiative. Contact: regional office	11/09/2022
Laguna	San Pedro	Ulango	835	Clara	Gómez	Pérez	Female	78	SLP	Family Development Trainings	3-day conference	Red Cross - Emergency response. Contact: local coordinator	11/11/2022
Laguna	Cavinti	Real	471	Miguel	Carn	Cruz	Male	19	OTHER_PROGRAM	Activity Involvement/Advocacy	Basic assistance	Red Cross - Emergency response	06/30/2024
Laguna	Lumban	Palingon	775	Clara	Carn	Cruz	Female	29	MEDICAL_SERVICES	"Non-Food Items (Hygiene Kits, Clothes, Household Items)"	Level 1 support	Provincial Government - Pilot program	04/28/2023
Laguna	Pangil	San Ildefonso	919	Ana	Pérez	Pérez	Male	49	MEDICAL_SERVICES	Family Development Trainings	3-day conference	Private Donor - Pilot program	11/07/2024
Laguna	Liliw	Looc	701	Janna	Cruz	Cruz	Female	59	AICS	Cash for Work	Level 1 support	Red Cross - Annual assistance. Contact: main branch	08/25/2024
Laguna	Santa Cruz	San Roque	455	María	Carn	García	Female	25	AICS	Voucher	Level 1 support	Provincial Government - Pilot program. Contact: main branch	07/30/2022
Laguna	Cavinti	Mayapa	366	Clara	Carn	Reyes	Male	68	EDUCATIONAL_ASSISTANCE	Dental Services	Basic assistance	USAID - Pilot program. Contact: regional office	06/29/2022
Laguna	Mabitac	San Isidro	290	Ana	Pérez	Cruz	Female	27	MEDICAL_SERVICES	Burial Assistance	Basic assistance	USAID - Special initiative. Contact: local coordinator	02/27/2021
Laguna	Santa Cruz	San Agustín (Antipolo)	874	María	Cruz	García	Male	28	OTHER_CAPABILITY_BUILDING_SUPPORT	Parent Effectiveness Trainings	Level 1 support	Red Cross - Special initiative. Contact: local coordinator	03/05/2021
Laguna	Calamba	San Benito (Palita)	403	Miguel	López	Reyes	Male	31	AICS	Consultation/Medical Check-Up	"PHP 3,000"	Caritas - Emergency response	06/18/2023
Laguna	Biñan	Barangay I (Poblacion)	58	Janna	Reyes	Cruz	Female	43	DISASTER_RELIEF_ASSISTANCE	Medical Assistance	Medical Kit	DSWD - Pilot program. Contact: local coordinator	05/05/2021
Laguna	Rizal	San Isidro	521	Ana	López	Galang	Female	64	OTHER_PROGRAM	"Non-Food Items (Hygiene Kits, Clothes, Household Items)"	Basic assistance	Private Donor - Regular program. Contact: regional office	03/02/2021
Laguna	Siniloan	Barangay IV (Poblacion)	304	Miguel	García	Pérez	Female	47	EDUCATIONAL_ASSISTANCE	Scholarship Grants	Enhanced support	DepEd - Regular program. Contact: regional office	01/15/2022
Laguna	Los Baños	Real	115	James	García	Santos	Female	73	SUPPLEMENTAL_FEEDING	Technical Skills Training	Standard package	Community Organization - Regular program. Contact: local coordinator	09/05/2023
Laguna	Los Baños	San Vicente	210	Miguel	Carn	Cruz	Male	72	SLP	Voucher	Enhanced support	DSWD - Special initiative	03/07/2024
Laguna	Paete	Barangay I (Poblacion)	41	Pedro	Gómez	Santos	Male	59	LIVELIHOOD_ASSISTANCE	Transportation Allowance	Level 1 support	Caritas - Pilot program	03/07/2021
Laguna	Magdalena	Looc	816	Janna	García	Cruz	Female	21	SLP	Job Fair	Standard package	DOH - Annual assistance	04/17/2024
Laguna	Luisiana	San Ildefonso	173	Miguel	Reyes	Galang	Female	56	OTHER_CAPABILITY_BUILDING_SUPPORT	Activity Involvement/Advocacy	Enhanced support	Red Cross - Emergency response. Contact: local coordinator	03/09/2023
Laguna	Kalayaan	Del Carmen	234	Miguel	Carn	Pérez	Female	28	SUPPLEMENTAL_FEEDING	Job Referral	Standard package	Local Government - Regular program. Contact: main branch	04/09/2024
Laguna	Liliw	Palma	793	Juan	Pérez	Gómez	Male	41	DISASTER_RELIEF_ASSISTANCE	Equipment/School Materials	Uniform	USAID - Pilot program. Contact: main branch	01/25/2023
Laguna	Santa Cruz	San Gregorio	884	Juan	García	Pérez	Female	71	OTHER_PROGRAM	GAD Trainings	3-day conference	DSWD - Pilot program. Contact: main branch	09/24/2022
Laguna	Luisiana	Palo-Alto	590	Miguel	Gómez	Santos	Male	39	OTHER_PROGRAM	Dental Services	Basic assistance	Provincial Government - Pilot program. Contact: regional office	09/29/2024
Laguna	Nagcarlan	Ulango	620	Miguel	Pérez	García	Female	20	OTHER_CAPABILITY_BUILDING_SUPPORT	Transportation Allowance	Enhanced support	Community Organization - Emergency response. Contact: regional office	04/25/2024
Laguna	Siniloan	Del Carmen	793	Janna	Santos	Galang	Female	54	SOCIAL_PENSION	Mental Health Support	Standard package	Local Government - Regular program. Contact: local coordinator	08/16/2023
Laguna	Calauan	Palo-Alto	403	Juan	Santos	Santos	Male	75	PWD_ASSISTANCE	Values Formation	1-day seminar	World Vision - Annual assistance. Contact: local coordinator	08/15/2021
Laguna	Cavinti	Palo-Alto	39	Clara	Santos	Santos	Male	19	OTHER_PROGRAM	Honorarium	Standard package	DepEd - Pilot program. Contact: regional office	07/13/2024
Laguna	Mabitac	San Antonio	119	Janna	Pérez	López	Female	29	MEDICAL_SERVICES	Surgical Procedures	Medical Kit	Provincial Government - Regular program. Contact: regional office	07/11/2021
Laguna	Lumban	Súcol	335	James	Santos	López	Male	38	SLP	Honorarium	Enhanced support	Red Cross - Regular program. Contact: local coordinator	01/22/2023
Laguna	Famy	Majada Labas	336	Janna	López	Galang	Male	22	PWD_ASSISTANCE	GAD Trainings	3-day conference	DOLE - Annual assistance. Contact: local coordinator	02/24/2024
Laguna	Liliw	Barangay II (Poblacion)	539	Ana	Santos	Galang	Female	24	KALAHI	Parent Effectiveness Trainings	Standard package	DSWD - Regular program. Contact: regional office	08/14/2023
Laguna	Kalayaan	Turbina	616	Ana	Carn	Galang	Male	21	MEDICAL_SERVICES	Leadership Skills Training	Enhanced support	Red Cross - Annual assistance	02/06/2025
Laguna	Paete	Casile	74	María	Cruz	Reyes	Male	79	SOCIAL_PENSION	Consultation/Medical Check-Up	Crutches	DSWD - Pilot program. Contact: main branch	04/09/2021
Laguna	Santa Maria	Looc	191	Juan	López	García	Female	60	SOCIAL_PENSION	Medical Supplies	Crutches	USAID - Special initiative. Contact: local coordinator	12/10/2021
Laguna	Santa Cruz	San Antonio	324	Miguel	Gómez	Cruz	Female	71	SOCIAL_PENSION	Cash for Work	Level 1 support	DOLE - Regular program	08/31/2021
Laguna	Bay	Ulango	147	Pedro	Cruz	Gómez	Male	58	AICS	Tutorial Sessions	Basic assistance	Private Donor - Emergency response	01/20/2021
Laguna	Calamba	Barangay IV (Poblacion)	767	Juan	Carn	López	Female	53	LIVELIHOOD_ASSISTANCE	Tutorial Sessions	Level 1 support	Community Organization - Special initiative	12/25/2021
Laguna	Siniloan	Palma	284	Clara	Gómez	Pérez	Male	76	SOCIAL_PENSION	Scholarship Grants	Basic assistance	World Vision - Annual assistance. Contact: local coordinator	03/09/2022
Laguna	Calamba	San Cristóbal	213	Janna	Carn	Pérez	Male	79	MEDICAL_SERVICES	Cash for Work	Basic assistance	DA - Emergency response. Contact: regional office	09/27/2023
Laguna	Calauan	Sirang Lupa	635	Pedro	Reyes	Santos	Male	39	MEDICAL_SERVICES	Values Formation	3-day conference	Red Cross - Regular program. Contact: main branch	09/03/2022
Laguna	Pagsanjan	Santo Domingo	718	Pedro	Gómez	López	Female	46	EDUCATIONAL_ASSISTANCE	Values Formation	1-day seminar	Private Donor - Pilot program. Contact: main branch	05/02/2022
Laguna	Famy	Santa Rosa	929	Miguel	López	Cruz	Male	77	SLP	Agricultural and Fisheries	Enhanced support	Red Cross - Annual assistance. Contact: local coordinator	11/26/2021
Laguna	Majayjay	Milagrosa	752	Miguel	Cruz	Galang	Male	26	LIVELIHOOD_ASSISTANCE	Job Fair	Enhanced support	Community Organization - Regular program	08/23/2024
Laguna	Lumban	Barangay I (Poblacion)	394	Juan	Santos	Pérez	Male	43	KALAHI	Transportation Allowance	Basic assistance	Provincial Government - Special initiative. Contact: regional office	07/04/2021
Laguna	Alaminos	Barangay II (Poblacion)	339	Pedro	Carn	López	Female	29	SLP	Dental Services	Standard package	DepEd - Annual assistance. Contact: local coordinator	12/01/2021
Laguna	Pila	Del Carmen	798	Pedro	Santos	García	Female	65	OTHER_CAPABILITY_BUILDING_SUPPORT	Job Referral	Enhanced support	Private Donor - Regular program. Contact: regional office	05/21/2022
Laguna	Pakil	Barangay I (Poblacion)	22	Ana	Gómez	García	Female	18	OTHER_CAPABILITY_BUILDING_SUPPORT	Cash for Training	Basic assistance	USAID - Special initiative. Contact: local coordinator	04/08/2022
Laguna	Nagcarlan	San Andrés	771	James	Cruz	Gómez	Male	25	LIVELIHOOD_ASSISTANCE	Technical Skills Training	Standard package	Caritas - Regular program. Contact: main branch	09/22/2023
Laguna	Cavinti	Lingga	869	Miguel	Pérez	Reyes	Male	50	SUPPLEMENTAL_FEEDING	"Non-Food Items (Hygiene Kits, Clothes, Household Items)"	Basic assistance	DSWD - Regular program	01/03/2021
Laguna	San Pedro	Puting Lupa	105	Janna	López	López	Female	69	AICS	Scholarship Grants	Basic assistance	DOLE - Regular program. Contact: regional office	10/31/2022
Laguna	Lumban	San José	466	Juan	García	Galang	Male	68	PWD_ASSISTANCE	Medical Supplies	Wheelchair	UNICEF - Emergency response. Contact: local coordinator	06/24/2021
Laguna	Cabuyao	Timbao	459	Miguel	Pérez	Santos	Male	21	OTHER_CAPABILITY_BUILDING_SUPPORT	Dental Services	Basic assistance	DOLE - Emergency response	04/06/2025
Laguna	Cabuyao	San Antonio	432	Ana	Gómez	Gómez	Male	31	SOCIAL_PENSION	Tutorial Sessions	Enhanced support	DOH - Special initiative. Contact: main branch	09/27/2023
Laguna	Calauan	San Vicente	770	Clara	Gómez	Gómez	Male	72	KALAHI	GAD Trainings	Week-long training	Local Government - Annual assistance. Contact: local coordinator	10/25/2021
Laguna	Santa Rosa	Timbao	716	Miguel	Pérez	Reyes	Female	46	KALAHI	Mental Health Support	Level 1 support	Community Organization - Pilot program. Contact: main branch	04/28/2021
Laguna	Pagsanjan	San Cristóbal	822	Clara	García	Galang	Female	31	OTHER_CAPABILITY_BUILDING_SUPPORT	Alternative Learning System	Basic assistance	DSWD - Pilot program. Contact: regional office	02/28/2023
Laguna	Siniloan	San José	774	María	Gómez	Gómez	Female	26	SOCIAL_PENSION	Technical Skills Training	Level 1 support	DepEd - Regular program	10/04/2022
Laguna	Luisiana	Masili	619	Pedro	Gómez	Reyes	Male	26	SLP	Insurance	Level 1 support	World Vision - Annual assistance	07/25/2021
Laguna	Pila	Masili	763	Pedro	Carn	López	Male	43	MEDICAL_SERVICES	Agricultural and Fisheries	Level 1 support	Provincial Government - Pilot program. Contact: local coordinator	03/04/2024
Laguna	Cavinti	Barangay II (Poblacion)	936	Juan	Reyes	Cruz	Female	66	KALAHI	Scholarship Grants	Enhanced support	UNICEF - Emergency response. Contact: local coordinator	05/11/2024
Laguna	Santa Maria	Paciano Rizal	221	James	Gómez	Gómez	Female	64	SOCIAL_PENSION	Transportation Allowance	Enhanced support	Local Government - Regular program	11/25/2023
Laguna	Liliw	San José	379	James	Santos	Pérez	Female	59	SOCIAL_PENSION	Agricultural and Fisheries	Level 1 support	DOH - Special initiative. Contact: regional office	01/30/2021
Laguna	Santa Cruz	Puting Lupa	222	Juan	Carn	López	Male	34	AICS	Job Fair	Standard package	Provincial Government - Special initiative	12/22/2024
Laguna	Pagsanjan	Turbina	258	Juan	Reyes	Galang	Female	58	EDUCATIONAL_ASSISTANCE	Technical Skills Training	Standard package	Provincial Government - Pilot program	07/31/2023
Laguna	Cavinti	Puting Lupa	713	Ana	Santos	Santos	Male	21	SOCIAL_PENSION	Transportation Allowance	Standard package	Community Organization - Annual assistance. Contact: local coordinator	04/03/2023
Laguna	Victoria	Pansol	367	Clara	Cruz	Santos	Female	77	PWD_ASSISTANCE	Job Fair	Enhanced support	Community Organization - Emergency response. Contact: local coordinator	09/14/2021
Laguna	Biñan	San Juan	770	Juan	Pérez	Galang	Male	78	SUPPLEMENTAL_FEEDING	Surgical Procedures	Medical Kit	World Vision - Special initiative	11/05/2024
Laguna	Lumban	Maunong	349	Clara	Pérez	Reyes	Male	63	KALAHI	Voucher	Enhanced support	Private Donor - Emergency response. Contact: local coordinator	07/01/2021
Laguna	Lumban	Turbina	225	Miguel	García	García	Female	20	AICS	GAD Trainings	Week-long training	DOH - Emergency response. Contact: main branch	07/27/2021
Laguna	Paete	San Antonio	714	Miguel	Reyes	Galang	Male	46	SLP	Medical Supplies	Wheelchair	Provincial Government - Special initiative. Contact: main branch	05/29/2023
Laguna	Santa Rosa	Masaya	738	María	Santos	Pérez	Male	42	KALAHI	Cash for Training	Level 1 support	Red Cross - Pilot program. Contact: regional office	01/02/2025
Laguna	Victoria	Barangay III (Poblacion)	236	Clara	Gómez	Gómez	Female	38	EDUCATIONAL_ASSISTANCE	Scholarship Grants	Standard package	Community Organization - Emergency response. Contact: main branch	12/08/2021
Laguna	Santa Cruz	Uwisan	183	Ana	Carn	López	Female	29	SUPPLEMENTAL_FEEDING	Honorarium	Enhanced support	DSWD - Annual assistance. Contact: local coordinator	01/13/2022
Laguna	Pakil	San Cristóbal	712	Miguel	Santos	Santos	Female	71	KALAHI	Burial Assistance	Standard package	DA - Emergency response. Contact: main branch	02/15/2022
Laguna	Santa Rosa	Milagrosa	869	Pedro	Carn	Cruz	Male	18	OTHER_PROGRAM	Surgical Procedures	"PHP 5,000"	Red Cross - Special initiative. Contact: main branch	03/31/2025
Laguna	Famy	Pansol	758	Pedro	Pérez	Santos	Male	18	MEDICAL_SERVICES	Parent Effectiveness Trainings	Level 1 support	DepEd - Annual assistance. Contact: local coordinator	01/18/2022
Laguna	Siniloan	San Isidro	444	Miguel	García	García	Female	62	DISASTER_RELIEF_ASSISTANCE	Food for Work	Standard package	DOLE - Annual assistance. Contact: main branch	01/28/2025
Laguna	Kalayaan	Punta	865	Miguel	Gómez	Gómez	Female	63	MEDICAL_SERVICES	Skills Training	Cooking	DA - Pilot program. Contact: regional office	11/17/2024
Laguna	Cavinti	Barangay II (Poblacion)	623	Miguel	García	Santos	Male	65	OTHER_PROGRAM	"Non-Food Items (Hygiene Kits, Clothes, Household Items)"	Standard package	DepEd - Special initiative	04/17/2023
Laguna	Alaminos	Puting Lupa	6	Clara	Santos	García	Female	24	SUPPLEMENTAL_FEEDING	Transportation Allowance	Enhanced support	Community Organization - Pilot program. Contact: main branch	07/25/2022
Laguna	Biñan	San José	236	Pedro	Santos	Gómez	Female	27	LIVELIHOOD_ASSISTANCE	Job Referral	Standard package	Local Government - Special initiative	03/20/2024
Laguna	Lumban	San Miguel	127	Pedro	Carn	Pérez	Male	32	MEDICAL_SERVICES	Financial	"PHP 3,000"	Community Organization - Annual assistance. Contact: regional office	01/04/2022
Laguna	Santa Rosa	San Andrés	104	Janna	Carn	Gómez	Male	57	OTHER_CAPABILITY_BUILDING_SUPPORT	Vaccination	Standard package	DepEd - Special initiative. Contact: main branch	02/05/2024
Laguna	Victoria	San José	749	Miguel	Reyes	Galang	Female	28	PWD_ASSISTANCE	Equipment/School Materials	Laptop	Caritas - Emergency response. Contact: regional office	03/08/2024
Laguna	San Pedro	San Juan	915	María	Pérez	Santos	Male	73	OTHER_PROGRAM	Mental Health Support	Enhanced support	Red Cross - Special initiative	10/07/2021
Laguna	Santa Rosa	Palma	480	Miguel	Reyes	Reyes	Male	63	PWD_ASSISTANCE	Medical Supplies	Medical Kit	DSWD - Emergency response. Contact: main branch	03/13/2021
Laguna	Nagcarlan	Makiling	155	Ana	Reyes	López	Female	62	AICS	Medical Supplies	"PHP 3,000"	DOH - Special initiative. Contact: local coordinator	09/15/2022
Laguna	San Pedro	San Isidro	257	Ana	Santos	Reyes	Female	40	OTHER_PROGRAM	GAD Trainings	3-day conference	DOLE - Special initiative	05/20/2022
Laguna	San Pablo	Masaya	235	Pedro	López	López	Female	30	KALAHI	Medical Assistance	"PHP 10,000"	DA - Regular program. Contact: local coordinator	08/08/2023
Laguna	Alaminos	Majada Labas	500	Miguel	López	Santos	Male	44	SOCIAL_PENSION	Job Referral	Standard package	Anonymous Donor - Emergency response	04/16/2021
Laguna	Calauan	Sirang Lupa	289	James	López	Pérez	Female	58	LIVELIHOOD_ASSISTANCE	Insurance	Basic assistance	Anonymous Donor - Special initiative	03/05/2025
Laguna	Pangil	Palingon	510	Ana	López	Santos	Male	34	EDUCATIONAL_ASSISTANCE	Surgical Procedures	"PHP 5,000"	USAID - Pilot program. Contact: local coordinator	06/08/2021
Laguna	Calauan	San José	552	Miguel	Reyes	López	Female	67	EDUCATIONAL_ASSISTANCE	Medical Supplies	Crutches	Anonymous Donor - Annual assistance. Contact: regional office	03/19/2024
Laguna	Santa Cruz	San Benito (Palita)	800	María	Santos	Pérez	Male	78	DISASTER_RELIEF_ASSISTANCE	Parent Effectiveness Trainings	Level 1 support	UNICEF - Emergency response. Contact: local coordinator	01/14/2021
Laguna	Luisiana	Masili	709	Juan	López	Cruz	Male	68	DISASTER_RELIEF_ASSISTANCE	Family Development Trainings	Week-long training	USAID - Emergency response	01/05/2021
Laguna	Lumban	San José	785	Miguel	Gómez	Pérez	Female	30	SOCIAL_PENSION	Technical Skills Training	Standard package	DOLE - Special initiative	10/16/2023
Laguna	Lumban	Sirang Lupa	894	María	García	Santos	Male	29	PWD_ASSISTANCE	Honorarium	Standard package	Community Organization - Emergency response. Contact: main branch	07/20/2024
Laguna	Siniloan	Súcol	776	Pedro	Cruz	Cruz	Female	46	SLP	Medical Assistance	Medical Kit	DOLE - Emergency response. Contact: regional office	09/23/2024
Laguna	Magdalena	San José	569	Pedro	García	Cruz	Female	38	KALAHI	Honorarium	Standard package	Anonymous Donor - Emergency response	07/30/2021
Laguna	Pangil	San Cristóbal	298	Janna	Santos	López	Male	37	AICS	Family Development Trainings	3-day conference	World Vision - Special initiative	11/23/2021
Laguna	Majayjay	San Miguel	610	Clara	Santos	Cruz	Male	37	OTHER_CAPABILITY_BUILDING_SUPPORT	Dental Services	Standard package	DOLE - Special initiative. Contact: main branch	05/08/2023
Laguna	Pila	Parian	137	Ana	Cruz	Cruz	Male	48	DISASTER_RELIEF_ASSISTANCE	Cash for Work	Enhanced support	DOLE - Special initiative. Contact: local coordinator	04/11/2022
Laguna	Pangil	San Antonio	376	Clara	Carn	Galang	Female	25	OTHER_PROGRAM	Honorarium	Basic assistance	DOLE - Regular program	01/08/2024
Laguna	Los Baños	Calo	87	Miguel	Carn	Pérez	Female	41	MEDICAL_SERVICES	Cash for Work	Level 1 support	DOH - Regular program. Contact: local coordinator	01/16/2023
Laguna	Santa Rosa	Palingon	419	Clara	Gómez	Gómez	Female	28	SUPPLEMENTAL_FEEDING	Food Assistance	Basic Groceries	Private Donor - Regular program. Contact: main branch	06/26/2021
Laguna	Calamba	Barangay III (Poblacion)	754	Ana	Carn	Reyes	Female	56	LIVELIHOOD_ASSISTANCE	Values Formation	2-day workshop	Caritas - Emergency response	05/12/2021
Laguna	Cabuyao	Saimsim	199	Ana	Reyes	Cruz	Female	50	SLP	Skills Training	Carpentry	Private Donor - Special initiative. Contact: main branch	02/16/2023
Laguna	Biñan	San Roque	463	Miguel	Carn	Gómez	Female	59	OTHER_PROGRAM	Financial	"PHP 5,000"	Anonymous Donor - Pilot program	08/08/2024
Laguna	Pagsanjan	Makiling	437	Pedro	Pérez	Reyes	Male	32	MEDICAL_SERVICES	Food for Work	Level 1 support	DOLE - Pilot program. Contact: main branch	11/02/2024
Laguna	Pakil	San Isidro	310	Ana	Reyes	Gómez	Female	21	PWD_ASSISTANCE	Cash for Training	Enhanced support	DA - Pilot program	02/20/2022
Laguna	San Pedro	Maunong	596	James	Reyes	Cruz	Female	18	PWD_ASSISTANCE	GAD Trainings	3-day conference	Caritas - Regular program. Contact: local coordinator	12/10/2021
Laguna	Paete	Makiling	754	James	Gómez	Reyes	Female	49	AICS	Dental Services	Level 1 support	Anonymous Donor - Emergency response	11/01/2024
Laguna	Magdalena	San Miguel	281	Juan	Carn	Santos	Female	28	SOCIAL_PENSION	Alternative Learning System	Enhanced support	DOLE - Regular program. Contact: local coordinator	04/30/2022
Laguna	Kalayaan	Real	323	Ana	Carn	Santos	Male	47	PWD_ASSISTANCE	Medical Supplies	"PHP 5,000"	DA - Regular program. Contact: main branch	03/15/2024
Laguna	Nagcarlan	Masili	764	Janna	Gómez	Reyes	Male	54	EDUCATIONAL_ASSISTANCE	Equipment/School Materials	Laptop	DA - Regular program. Contact: local coordinator	04/05/2025
Laguna	Mabitac	Puting Lupa	702	Juan	Cruz	Pérez	Male	36	LIVELIHOOD_ASSISTANCE	Technical Skills Training	Level 1 support	Local Government - Special initiative. Contact: regional office	08/12/2024
Laguna	Magdalena	Uwisan	951	Pedro	López	Cruz	Female	68	EDUCATIONAL_ASSISTANCE	Surgical Procedures	"PHP 5,000"	Red Cross - Special initiative. Contact: main branch	08/01/2022
Laguna	Alaminos	San Gregorio	942	Ana	Gómez	Galang	Female	53	SUPPLEMENTAL_FEEDING	Transportation Allowance	Level 1 support	DepEd - Pilot program. Contact: local coordinator	12/11/2021
Laguna	Pangil	Casile	152	James	Cruz	Gómez	Female	51	AICS	GAD Trainings	1-day seminar	Anonymous Donor - Regular program	11/21/2024
Laguna	Pila	Sirang Lupa	994	Janna	Reyes	Pérez	Male	24	SUPPLEMENTAL_FEEDING	Alternative Learning System	Basic assistance	UNICEF - Pilot program	04/20/2022
Laguna	Pila	Uwisan	302	Miguel	Cruz	Reyes	Female	77	PWD_ASSISTANCE	Dental Services	Level 1 support	USAID - Annual assistance	06/09/2022
Laguna	Biñan	Paciano Rizal	278	Juan	Reyes	Pérez	Female	62	SOCIAL_PENSION	Honorarium	Level 1 support	DepEd - Emergency response. Contact: main branch	02/15/2021
Laguna	Majayjay	Mayapa	651	Janna	Santos	Gómez	Male	37	DISASTER_RELIEF_ASSISTANCE	Parent Effectiveness Trainings	Enhanced support	Private Donor - Emergency response	09/08/2023
Laguna	Rizal	Masaya	688	Ana	Reyes	García	Male	70	KALAHI	Food for Work	Enhanced support	World Vision - Pilot program	12/22/2024
Laguna	San Pedro	Puting Lupa	8	María	Reyes	Galang	Female	29	MEDICAL_SERVICES	Agricultural and Fisheries	Standard package	DSWD - Emergency response. Contact: local coordinator	05/31/2024
Laguna	Los Baños	Looc	807	Janna	Cruz	Gómez	Male	79	MEDICAL_SERVICES	Voucher	Enhanced support	Community Organization - Special initiative	01/23/2021
Laguna	Luisiana	San Agustín (Antipolo)	235	Janna	López	García	Female	49	AICS	Scholarship Grants	Standard package	UNICEF - Special initiative	03/08/2021
Laguna	Liliw	San Gregorio	675	Pedro	Santos	Gómez	Female	19	OTHER_PROGRAM	Mental Health Support	Standard package	Provincial Government - Pilot program. Contact: main branch	09/18/2022
Laguna	Majayjay	Pansol	561	James	García	Gómez	Male	39	OTHER_PROGRAM	Leadership Skills Training	Level 1 support	Private Donor - Special initiative. Contact: local coordinator	02/15/2025
Laguna	Famy	Sirang Lupa	302	Miguel	García	Reyes	Female	58	EDUCATIONAL_ASSISTANCE	Voucher	Enhanced support	Caritas - Pilot program	07/25/2021
Laguna	Calauan	Santa Rosa	38	Ana	López	Cruz	Male	65	EDUCATIONAL_ASSISTANCE	Capital/Starter Kit	Basic assistance	UNICEF - Special initiative. Contact: regional office	09/15/2021
Laguna	Luisiana	San Ildefonso	136	Janna	García	Pérez	Male	57	MEDICAL_SERVICES	Food Assistance	Canned Goods (10 pcs)	DepEd - Special initiative. Contact: regional office	06/30/2022
Laguna	San Pablo	Looc	822	Ana	Santos	Pérez	Female	41	KALAHI	Financial	"PHP 3,000"	DA - Special initiative	03/19/2023
Laguna	Santa Rosa	San Vicente	421	James	Carn	García	Male	67	SLP	GAD Trainings	1-day seminar	DepEd - Regular program	09/10/2021
Laguna	Pangil	Santo Tomás (Calabuso)	219	Pedro	Santos	Pérez	Female	48	LIVELIHOOD_ASSISTANCE	Alternative Learning System	Basic assistance	UNICEF - Annual assistance. Contact: main branch	04/27/2024
Laguna	Famy	Real	348	Ana	Cruz	Reyes	Female	21	SUPPLEMENTAL_FEEDING	Honorarium	Level 1 support	DSWD - Emergency response. Contact: regional office	06/02/2021
Laguna	Santa Cruz	Masaya	808	Clara	Gómez	Galang	Male	41	KALAHI	Capital/Starter Kit	Basic assistance	UNICEF - Special initiative. Contact: regional office	03/18/2021
Laguna	Santa Rosa	Sirang Lupa	546	James	Pérez	Cruz	Male	60	EDUCATIONAL_ASSISTANCE	Dental Services	Level 1 support	Anonymous Donor - Regular program. Contact: main branch	12/04/2022
Laguna	Cabuyao	Maunong	864	James	Reyes	García	Male	34	SOCIAL_PENSION	Skills Training	Hairdressing	DA - Emergency response	06/24/2022
Laguna	Santa Cruz	Maunong	79	Miguel	Reyes	Pérez	Female	57	MEDICAL_SERVICES	Insurance	Enhanced support	Caritas - Special initiative. Contact: local coordinator	12/26/2022
Laguna	Famy	Santa Rosa	748	Juan	Gómez	Reyes	Female	36	LIVELIHOOD_ASSISTANCE	Medical Supplies	Crutches	DA - Emergency response	01/04/2022
Laguna	Santa Cruz	Palma	895	Pedro	Cruz	Cruz	Female	57	KALAHI	Financial	"PHP 3,000"	Community Organization - Special initiative	07/22/2022
Laguna	Santa Rosa	Casile	273	Pedro	Cruz	Cruz	Female	55	SUPPLEMENTAL_FEEDING	Job Referral	Basic assistance	DOLE - Annual assistance. Contact: regional office	09/16/2022
Laguna	Paete	Parian	161	Miguel	Pérez	Santos	Female	72	KALAHI	Insurance	Enhanced support	World Vision - Pilot program. Contact: regional office	03/23/2024
Laguna	Santa Rosa	Sirang Lupa	687	Clara	Pérez	Cruz	Female	51	KALAHI	Transportation Allowance	Basic assistance	Private Donor - Pilot program	06/04/2021
Laguna	Santa Rosa	Puting Lupa	878	Ana	Reyes	Gómez	Female	64	OTHER_PROGRAM	"Non-Food Items (Hygiene Kits, Clothes, Household Items)"	Standard package	DSWD - Pilot program	03/05/2023
Laguna	Calamba	Del Carmen	308	María	Pérez	Reyes	Male	50	MEDICAL_SERVICES	Vaccination	Level 1 support	DA - Annual assistance. Contact: main branch	09/28/2021
Laguna	Kalayaan	Majada Labas	374	Clara	Pérez	Galang	Female	23	OTHER_CAPABILITY_BUILDING_SUPPORT	Cash for Work	Enhanced support	DSWD - Emergency response. Contact: main branch	07/16/2022
Laguna	Cabuyao	Ulango	976	Juan	Pérez	López	Female	77	LIVELIHOOD_ASSISTANCE	Insurance	Standard package	Community Organization - Regular program. Contact: main branch	03/13/2025
Laguna	Santa Maria	Mayapa	733	Pedro	Gómez	Santos	Male	68	AICS	Scholarship Grants	Basic assistance	Local Government - Emergency response	11/14/2024
Laguna	Pila	Uwisan	9	James	López	Reyes	Female	53	EDUCATIONAL_ASSISTANCE	Family Development Trainings	1-day seminar	Community Organization - Emergency response. Contact: main branch	12/28/2023
Laguna	Nagcarlan	San Benito (Palita)	801	Pedro	Carn	Reyes	Female	30	DISASTER_RELIEF_ASSISTANCE	Technical Skills Training	Basic assistance	UNICEF - Emergency response	05/12/2021
Laguna	Kalayaan	Del Carmen	444	Clara	Pérez	Reyes	Male	64	EDUCATIONAL_ASSISTANCE	Insurance	Enhanced support	World Vision - Annual assistance	04/25/2023
Laguna	Alaminos	Mayapa	113	María	Carn	García	Female	26	SUPPLEMENTAL_FEEDING	Medical Assistance	"PHP 3,000"	USAID - Emergency response. Contact: main branch	09/22/2021
Laguna	Pangil	Majada Labas	989	Janna	Carn	Pérez	Male	52	MEDICAL_SERVICES	Medical Assistance	Wheelchair	Anonymous Donor - Regular program. Contact: local coordinator	08/08/2021
Laguna	Pakil	Súcol	205	Janna	Cruz	García	Female	51	OTHER_PROGRAM	Skills Training	Computer Literacy	DOH - Pilot program. Contact: local coordinator	04/25/2025
Laguna	Lumban	Sirang Lupa	405	Miguel	Pérez	Gómez	Female	33	LIVELIHOOD_ASSISTANCE	Dental Services	Enhanced support	Private Donor - Regular program	06/18/2023
Laguna	Santa Rosa	San Benito (Palita)	698	Pedro	Reyes	Galang	Male	35	DISASTER_RELIEF_ASSISTANCE	Values Formation	1-day seminar	Private Donor - Special initiative. Contact: regional office	07/26/2023
Laguna	Majayjay	Súcol	853	Pedro	López	Gómez	Male	35	SLP	Burial Assistance	Standard package	DOLE - Regular program. Contact: regional office	09/16/2023
Laguna	Siniloan	Turbina	197	Juan	Reyes	Reyes	Female	55	EDUCATIONAL_ASSISTANCE	Job Fair	Basic assistance	Caritas - Emergency response. Contact: main branch	10/16/2021
Laguna	Lumban	Majada Labas	778	Pedro	Pérez	Pérez	Female	67	PWD_ASSISTANCE	Burial Assistance	Enhanced support	Anonymous Donor - Emergency response. Contact: regional office	01/08/2024
Laguna	Mabitac	Pansol	774	María	Reyes	Gómez	Male	60	OTHER_CAPABILITY_BUILDING_SUPPORT	Scholarship Grants	Standard package	DepEd - Special initiative. Contact: main branch	01/21/2023
Laguna	Biñan	San Vicente	760	Pedro	Pérez	García	Female	49	SLP	Consultation/Medical Check-Up	"PHP 3,000"	Anonymous Donor - Pilot program. Contact: main branch	11/16/2021
Laguna	Siniloan	Zapote	115	Ana	López	García	Male	24	PWD_ASSISTANCE	Insurance	Enhanced support	Red Cross - Special initiative. Contact: local coordinator	11/14/2021
Laguna	Calauan	San Miguel	121	Clara	Santos	García	Male	40	OTHER_CAPABILITY_BUILDING_SUPPORT	Capital/Starter Kit	Enhanced support	Provincial Government - Emergency response. Contact: main branch	05/02/2022
Laguna	Paete	Barangay IV (Poblacion)	653	Miguel	López	Galang	Male	40	OTHER_PROGRAM	Values Formation	Week-long training	Red Cross - Special initiative. Contact: regional office	11/15/2024
Laguna	Pagsanjan	San Benito (Palita)	65	María	Gómez	Galang	Female	63	SOCIAL_PENSION	Mental Health Support	Level 1 support	Anonymous Donor - Special initiative. Contact: main branch	08/11/2022
Laguna	Calamba	Barangay II (Poblacion)	276	Juan	Santos	Reyes	Female	78	OTHER_CAPABILITY_BUILDING_SUPPORT	Family Development Trainings	3-day conference	Community Organization - Special initiative. Contact: local coordinator	02/08/2021
Laguna	Magdalena	Zapote	825	Ana	García	Santos	Female	35	DISASTER_RELIEF_ASSISTANCE	Food Items	Rice (10kg)	DOH - Pilot program. Contact: regional office	05/07/2024
Laguna	San Pedro	Turbina	239	Ana	Santos	Gómez	Male	24	OTHER_CAPABILITY_BUILDING_SUPPORT	Voucher	Standard package	Provincial Government - Special initiative. Contact: main branch	08/01/2023
Laguna	Bay	Palma	302	Clara	Carn	Reyes	Female	59	LIVELIHOOD_ASSISTANCE	Values Formation	3-day conference	UNICEF - Pilot program	04/15/2021
Laguna	Liliw	Barangay IV (Poblacion)	392	Janna	Gómez	García	Male	57	KALAHI	Cash for Training	Standard package	DOLE - Pilot program. Contact: regional office	05/22/2022
Laguna	San Pablo	Turbina	522	María	Carn	López	Male	41	EDUCATIONAL_ASSISTANCE	Burial Assistance	Basic assistance	DSWD - Emergency response. Contact: main branch	07/24/2022
Laguna	Victoria	Pansol	969	Clara	Gómez	Gómez	Female	31	EDUCATIONAL_ASSISTANCE	Agricultural and Fisheries	Standard package	Caritas - Special initiative	11/25/2021
Laguna	Paete	Del Carmen	369	Ana	López	Pérez	Female	67	KALAHI	Insurance	Enhanced support	UNICEF - Pilot program. Contact: main branch	09/11/2023
Laguna	Santa Maria	Turbina	233	Juan	Carn	García	Male	22	OTHER_PROGRAM	Insurance	Basic assistance	UNICEF - Annual assistance. Contact: regional office	11/04/2021
Laguna	Lumban	San Miguel	195	Clara	Carn	Cruz	Female	63	PWD_ASSISTANCE	Voucher	Level 1 support	World Vision - Annual assistance. Contact: local coordinator	08/10/2021
Laguna	Calamba	Real	907	Janna	García	López	Male	71	PWD_ASSISTANCE	Capital/Starter Kit	Standard package	DSWD - Pilot program. Contact: local coordinator	10/18/2022
Laguna	Rizal	Timbao	12	Ana	Carn	López	Female	74	SOCIAL_PENSION	Financial	"PHP 2,000"	USAID - Emergency response. Contact: regional office	11/17/2023
Laguna	San Pablo	Palma	906	Clara	Cruz	Pérez	Male	39	PWD_ASSISTANCE	Vaccination	Enhanced support	Red Cross - Special initiative. Contact: regional office	11/04/2022
Laguna	Alaminos	San Ildefonso	921	María	Cruz	Reyes	Female	75	OTHER_PROGRAM	Activity Involvement/Advocacy	Level 1 support	DSWD - Annual assistance	05/31/2021
Laguna	Pila	Majada Labas	689	Janna	Cruz	García	Male	39	OTHER_CAPABILITY_BUILDING_SUPPORT	Food Assistance	Food Pack	Provincial Government - Emergency response	06/22/2021
Laguna	Alaminos	Real	177	María	Santos	García	Female	27	SOCIAL_PENSION	Food Assistance	Canned Goods (10 pcs)	DSWD - Annual assistance	12/24/2022
Laguna	Paete	Masili	217	María	López	Santos	Male	43	OTHER_PROGRAM	Technical Skills Training	Enhanced support	World Vision - Regular program. Contact: local coordinator	09/06/2023
Laguna	Magdalena	Zapote	11	María	López	Cruz	Male	32	AICS	Voucher	Basic assistance	UNICEF - Regular program. Contact: main branch	11/12/2023
Laguna	Nagcarlan	San Juan	446	Clara	Reyes	Reyes	Male	55	KALAHI	Dental Services	Enhanced support	UNICEF - Annual assistance. Contact: main branch	03/21/2023
Laguna	Los Baños	Timbao	630	Janna	García	Galang	Male	58	SUPPLEMENTAL_FEEDING	Medical Assistance	Medical Kit	Local Government - Pilot program. Contact: regional office	05/27/2023
Laguna	Pangil	Looc	164	Clara	Cruz	Reyes	Male	59	PWD_ASSISTANCE	Job Referral	Standard package	DSWD - Special initiative. Contact: regional office	04/18/2025
Laguna	Santa Cruz	Masaya	551	Clara	Cruz	Gómez	Male	72	DISASTER_RELIEF_ASSISTANCE	Financial	"PHP 1,500"	Red Cross - Annual assistance. Contact: main branch	09/13/2022
Laguna	San Pedro	Del Carmen	53	Clara	Carn	Gómez	Female	66	EDUCATIONAL_ASSISTANCE	Honorarium	Level 1 support	DepEd - Pilot program	11/18/2024
Laguna	Pila	Majada Labas	218	Ana	Cruz	López	Male	18	KALAHI	Dental Services	Level 1 support	UNICEF - Regular program. Contact: main branch	02/16/2021
Laguna	Santa Maria	San Isidro	718	Pedro	Carn	Reyes	Male	31	SUPPLEMENTAL_FEEDING	Dental Services	Level 1 support	DOLE - Emergency response	02/23/2024
Laguna	Santa Maria	San Juan	999	James	Carn	Santos	Female	53	PWD_ASSISTANCE	Skills Training	Computer Literacy	Anonymous Donor - Regular program. Contact: regional office	09/20/2024
Laguna	Nagcarlan	Punta	824	Ana	Reyes	Reyes	Female	48	MEDICAL_SERVICES	Parent Effectiveness Trainings	Level 1 support	DOLE - Emergency response. Contact: regional office	08/11/2024
Laguna	Lumban	Uwisan	360	Janna	Santos	Santos	Male	45	SLP	Honorarium	Basic assistance	Caritas - Pilot program. Contact: regional office	06/09/2023
Laguna	Alaminos	Saimsim	385	James	Carn	López	Female	51	OTHER_PROGRAM	Voucher	Standard package	DSWD - Special initiative	04/20/2023
Laguna	Bay	Uwisan	56	James	Carn	Santos	Female	52	LIVELIHOOD_ASSISTANCE	Tutorial Sessions	Level 1 support	Caritas - Regular program. Contact: local coordinator	04/10/2025
Laguna	Kalayaan	Punta	118	James	López	Pérez	Male	77	OTHER_CAPABILITY_BUILDING_SUPPORT	Equipment/School Materials	Laptop	World Vision - Special initiative. Contact: regional office	07/24/2022
Laguna	Biñan	Barangay IV (Poblacion)	900	Pedro	Reyes	Pérez	Male	56	OTHER_PROGRAM	Transportation Allowance	Level 1 support	USAID - Emergency response. Contact: local coordinator	06/22/2022
Laguna	Alaminos	San Gregorio	253	Clara	Carn	Gómez	Female	79	DISASTER_RELIEF_ASSISTANCE	Insurance	Enhanced support	Red Cross - Special initiative	08/13/2024
Laguna	Pangil	Majada Labas	798	Miguel	García	García	Female	40	KALAHI	Job Fair	Level 1 support	DSWD - Annual assistance. Contact: regional office	02/13/2021
Laguna	Majayjay	Santa Rosa	780	Juan	Santos	Galang	Female	63	SOCIAL_PENSION	Tutorial Sessions	Basic assistance	Community Organization - Emergency response	08/20/2022
Laguna	Rizal	Santa Rosa	803	Janna	Gómez	López	Female	61	AICS	Cash for Training	Level 1 support	Red Cross - Annual assistance. Contact: regional office	01/22/2021
Laguna	Calauan	Calo	845	Miguel	García	Gómez	Female	36	OTHER_PROGRAM	Food for Work	Basic assistance	Local Government - Emergency response. Contact: local coordinator	08/14/2021
Laguna	Santa Rosa	Punta	180	Pedro	Cruz	Santos	Female	78	OTHER_PROGRAM	Transportation Allowance	Level 1 support	DA - Regular program	07/03/2022
Laguna	Nagcarlan	San Cristóbal	415	Pedro	Santos	Cruz	Male	35	OTHER_PROGRAM	Job Fair	Basic assistance	DA - Special initiative. Contact: regional office	01/09/2022
Laguna	Calamba	San Ildefonso	870	Juan	Cruz	López	Female	32	SUPPLEMENTAL_FEEDING	Surgical Procedures	"PHP 10,000"	DSWD - Special initiative. Contact: regional office	09/05/2022
Laguna	Calamba	Palma	235	James	López	Cruz	Male	78	OTHER_CAPABILITY_BUILDING_SUPPORT	"Non-Food Items (Hygiene Kits, Clothes, Household Items)"	Enhanced support	Local Government - Annual assistance. Contact: main branch	10/16/2022
Laguna	Calauan	San Agustín (Antipolo)	855	Clara	Pérez	Galang	Male	78	OTHER_CAPABILITY_BUILDING_SUPPORT	Dental Services	Enhanced support	Private Donor - Emergency response. Contact: main branch	10/25/2023
Laguna	Biñan	San José	708	Juan	Pérez	Santos	Female	18	OTHER_CAPABILITY_BUILDING_SUPPORT	Surgical Procedures	Wheelchair	Community Organization - Special initiative	01/24/2021
Laguna	Pangil	Makiling	820	Miguel	Pérez	López	Male	42	MEDICAL_SERVICES	Parent Effectiveness Trainings	Level 1 support	DOLE - Pilot program. Contact: regional office	04/13/2023
Laguna	Rizal	Parian	80	Miguel	Carn	López	Female	43	SUPPLEMENTAL_FEEDING	Financial	"PHP 3,000"	Anonymous Donor - Special initiative. Contact: regional office	09/07/2024
Laguna	Calamba	San Roque	647	Juan	Reyes	Galang	Male	52	LIVELIHOOD_ASSISTANCE	Technical Skills Training	Enhanced support	Anonymous Donor - Regular program	06/23/2022
Laguna	Pangil	Uwisan	22	Pedro	García	García	Female	74	SOCIAL_PENSION	Food Assistance	Food Pack	DSWD - Annual assistance. Contact: local coordinator	01/07/2022
Laguna	Calamba	Súcol	477	Janna	Cruz	Cruz	Male	32	MEDICAL_SERVICES	Skills Training	Cooking	Provincial Government - Pilot program	10/20/2024
Laguna	Liliw	Calo	843	María	Carn	López	Female	21	SUPPLEMENTAL_FEEDING	Food Items	Basic Groceries	Caritas - Annual assistance. Contact: regional office	07/02/2023
Laguna	Liliw	Masili	440	Clara	Pérez	Reyes	Male	32	AICS	Dental Services	Standard package	Caritas - Special initiative. Contact: regional office	12/29/2023
Laguna	Pagsanjan	Santo Tomás (Calabuso)	737	Miguel	García	Cruz	Female	59	KALAHI	Tutorial Sessions	Enhanced support	Community Organization - Regular program	02/04/2025
Laguna	Nagcarlan	San Isidro	570	Miguel	García	Gómez	Male	55	OTHER_PROGRAM	"Non-Food Items (Hygiene Kits, Clothes, Household Items)"	Basic assistance	Provincial Government - Special initiative. Contact: regional office	03/09/2025
Laguna	Pangil	Barangay III (Poblacion)	93	Juan	López	Santos	Male	62	OTHER_CAPABILITY_BUILDING_SUPPORT	Scholarship Grants	Basic assistance	Private Donor - Regular program	08/29/2024
Laguna	Mabitac	San Andrés	192	Clara	López	Galang	Male	56	OTHER_PROGRAM	Transportation Allowance	Level 1 support	USAID - Regular program	01/01/2024
Laguna	Kalayaan	Sirang Lupa	103	Juan	Pérez	Gómez	Female	75	SUPPLEMENTAL_FEEDING	GAD Trainings	3-day conference	DOLE - Annual assistance	06/23/2024
Laguna	Mabitac	Parian	396	James	Cruz	Cruz	Female	79	EDUCATIONAL_ASSISTANCE	Skills Training	Sewing	Private Donor - Pilot program. Contact: regional office	01/28/2023
Laguna	Alaminos	Paciano Rizal	7	Clara	Pérez	Reyes	Female	71	DISASTER_RELIEF_ASSISTANCE	Cash for Work	Basic assistance	Red Cross - Special initiative. Contact: local coordinator	01/02/2024
Laguna	Pagsanjan	San Ildefonso	640	James	Pérez	Pérez	Female	18	MEDICAL_SERVICES	Alternative Learning System	Standard package	DepEd - Pilot program. Contact: main branch	02/25/2023
Laguna	Lumban	Looc	567	Miguel	Carn	Reyes	Female	39	LIVELIHOOD_ASSISTANCE	Transportation Allowance	Standard package	Caritas - Special initiative	04/01/2025
Laguna	Lumban	Turbina	231	Pedro	Reyes	Gómez	Male	28	OTHER_CAPABILITY_BUILDING_SUPPORT	Mental Health Support	Level 1 support	Red Cross - Emergency response. Contact: main branch	10/11/2023
Laguna	Cabuyao	San Cristóbal	874	James	Pérez	Galang	Female	63	AICS	Transportation Allowance	Enhanced support	Anonymous Donor - Emergency response. Contact: local coordinator	02/09/2021
Laguna	Victoria	San Roque	574	Clara	Cruz	Gómez	Female	55	MEDICAL_SERVICES	Medical Supplies	Wheelchair	DA - Emergency response. Contact: main branch	11/29/2023
Laguna	Alaminos	Calo	240	Ana	García	Galang	Male	54	SOCIAL_PENSION	Surgical Procedures	Crutches	DA - Regular program. Contact: regional office	12/16/2023
Laguna	Nagcarlan	San Benito (Palita)	90	Clara	García	Pérez	Female	68	LIVELIHOOD_ASSISTANCE	Parent Effectiveness Trainings	Level 1 support	World Vision - Annual assistance. Contact: local coordinator	06/04/2023
Laguna	Famy	San Cristóbal	232	Juan	Gómez	Cruz	Female	43	SOCIAL_PENSION	Food Items	Rice (10kg)	Local Government - Regular program. Contact: regional office	01/15/2023
Laguna	Bay	San Ildefonso	457	James	Santos	Santos	Female	68	OTHER_CAPABILITY_BUILDING_SUPPORT	Skills Training	Computer Literacy	Community Organization - Pilot program. Contact: regional office	07/20/2022
Laguna	Santa Rosa	Santo Domingo	233	Janna	Pérez	García	Female	44	SOCIAL_PENSION	Honorarium	Basic assistance	Local Government - Special initiative. Contact: regional office	04/10/2024
Laguna	Famy	Majada Labas	354	Ana	Gómez	Reyes	Female	75	SUPPLEMENTAL_FEEDING	Financial	"PHP 2,000"	DOH - Regular program. Contact: regional office	10/29/2021
Laguna	Cavinti	Puting Lupa	333	Pedro	Gómez	Galang	Female	30	DISASTER_RELIEF_ASSISTANCE	Skills Training	Carpentry	USAID - Special initiative. Contact: local coordinator	02/22/2025
Laguna	Santa Cruz	Majada Labas	439	María	Carn	García	Male	24	SOCIAL_PENSION	"Non-Food Items (Hygiene Kits, Clothes, Household Items)"	Level 1 support	DA - Pilot program	12/26/2024
Laguna	Santa Cruz	Palma	375	Juan	Santos	Gómez	Female	25	SLP	Voucher	Basic assistance	Provincial Government - Emergency response. Contact: regional office	08/20/2023
Laguna	Bay	Santa Rosa	292	Juan	López	García	Female	63	SLP	Technical Skills Training	Basic assistance	DOLE - Regular program. Contact: regional office	07/23/2023
Laguna	Pila	Palma	345	Janna	Reyes	García	Female	68	EDUCATIONAL_ASSISTANCE	Burial Assistance	Basic assistance	UNICEF - Emergency response. Contact: main branch	07/09/2022
Laguna	Pila	San Gregorio	664	María	Cruz	Santos	Male	68	LIVELIHOOD_ASSISTANCE	Surgical Procedures	"PHP 10,000"	Community Organization - Regular program. Contact: regional office	01/04/2021
Laguna	Biñan	Parian	428	Miguel	Pérez	Galang	Male	40	EDUCATIONAL_ASSISTANCE	Voucher	Standard package	DepEd - Emergency response. Contact: main branch	07/08/2024
Laguna	Santa Maria	Barangay I (Poblacion)	657	María	García	Gómez	Male	43	DISASTER_RELIEF_ASSISTANCE	Burial Assistance	Enhanced support	World Vision - Regular program. Contact: local coordinator	05/31/2023
Laguna	Paete	San Agustín (Antipolo)	130	Pedro	Carn	Reyes	Male	61	KALAHI	Voucher	Basic assistance	USAID - Emergency response	04/22/2025
Laguna	Luisiana	Mapagong	141	Pedro	García	Galang	Female	72	AICS	Consultation/Medical Check-Up	Medical Kit	Provincial Government - Emergency response	02/14/2022
Laguna	Alaminos	Real	415	Ana	Pérez	Cruz	Male	44	DISASTER_RELIEF_ASSISTANCE	Capital/Starter Kit	Enhanced support	Red Cross - Regular program. Contact: regional office	09/22/2021
Laguna	Pila	Masili	93	Miguel	López	Gómez	Female	26	PWD_ASSISTANCE	Mental Health Support	Enhanced support	Community Organization - Annual assistance. Contact: local coordinator	01/15/2021
Laguna	Luisiana	Lingga	626	Juan	Santos	Reyes	Female	63	MEDICAL_SERVICES	Surgical Procedures	Medical Kit	DOLE - Pilot program. Contact: local coordinator	03/29/2021
Laguna	Calamba	Makiling	284	James	Pérez	Gómez	Female	55	EDUCATIONAL_ASSISTANCE	Food for Work	Basic assistance	World Vision - Pilot program. Contact: main branch	04/09/2021
Laguna	Victoria	Real	956	Pedro	Santos	Galang	Male	64	SUPPLEMENTAL_FEEDING	Parent Effectiveness Trainings	Enhanced support	World Vision - Annual assistance	10/05/2023
Laguna	Victoria	Calo	923	Janna	Cruz	Reyes	Female	30	AICS	Values Formation	Week-long training	Provincial Government - Emergency response. Contact: regional office	08/05/2021
Laguna	Santa Maria	Turbina	655	Janna	Carn	Cruz	Male	24	PWD_ASSISTANCE	Mental Health Support	Basic assistance	Community Organization - Emergency response. Contact: main branch	02/14/2022
Laguna	San Pedro	Masaya	223	Janna	López	López	Female	28	DISASTER_RELIEF_ASSISTANCE	Parent Effectiveness Trainings	Basic assistance	Red Cross - Pilot program. Contact: local coordinator	07/10/2021
Laguna	Nagcarlan	Looc	744	Clara	Carn	Reyes	Male	27	SLP	Food for Work	Basic assistance	DA - Emergency response. Contact: main branch	05/23/2024
Laguna	Majayjay	Mapagong	463	Miguel	Cruz	López	Male	50	OTHER_CAPABILITY_BUILDING_SUPPORT	Insurance	Enhanced support	Private Donor - Special initiative. Contact: local coordinator	09/09/2022
Laguna	Magdalena	Mayapa	545	Miguel	López	García	Female	56	MEDICAL_SERVICES	Leadership Skills Training	Basic assistance	World Vision - Pilot program. Contact: main branch	11/17/2023
Laguna	Rizal	San Ildefonso	276	Pedro	Gómez	Pérez	Female	67	SOCIAL_PENSION	Medical Assistance	Wheelchair	Anonymous Donor - Pilot program. Contact: regional office	04/20/2024
Laguna	Magdalena	Súcol	682	Pedro	López	Gómez	Female	72	OTHER_PROGRAM	Skills Training	Computer Literacy	Private Donor - Emergency response	08/18/2022
Laguna	Calamba	Timbao	140	Janna	Santos	Santos	Male	20	LIVELIHOOD_ASSISTANCE	Activity Involvement/Advocacy	Standard package	Red Cross - Pilot program. Contact: local coordinator	03/28/2024
Laguna	Pangil	Paciano Rizal	357	Miguel	Santos	Cruz	Male	58	SLP	Scholarship Grants	Level 1 support	World Vision - Pilot program. Contact: regional office	08/18/2021
Laguna	Mabitac	Santo Tomás (Calabuso)	713	Miguel	Santos	Reyes	Male	46	OTHER_CAPABILITY_BUILDING_SUPPORT	Food Items	Rice (10kg)	USAID - Pilot program	06/12/2024
Laguna	Bay	Masaya	23	Pedro	García	Cruz	Female	54	EDUCATIONAL_ASSISTANCE	Job Fair	Enhanced support	DepEd - Emergency response. Contact: local coordinator	03/11/2023
Laguna	Los Baños	Palingon	968	Clara	Gómez	García	Male	72	AICS	Equipment/School Materials	Tablet	USAID - Annual assistance. Contact: main branch	11/10/2024
Laguna	Pagsanjan	Súcol	736	James	Reyes	López	Female	73	AICS	Consultation/Medical Check-Up	"PHP 3,000"	World Vision - Emergency response. Contact: local coordinator	06/14/2022
Laguna	Cavinti	San Cristóbal	880	James	Pérez	Santos	Male	62	KALAHI	Activity Involvement/Advocacy	Standard package	DSWD - Special initiative	07/31/2024
Laguna	Calauan	Pansol	270	Ana	Santos	Cruz	Male	33	KALAHI	Food Items	Rice (10kg)	DA - Emergency response. Contact: main branch	03/12/2021
Laguna	Santa Rosa	Masili	859	Miguel	Reyes	López	Male	33	OTHER_PROGRAM	Values Formation	1-day seminar	Private Donor - Pilot program. Contact: main branch	03/08/2025
Laguna	Bay	San Miguel	665	Juan	Reyes	García	Female	61	AICS	Food Items	Canned Goods (10 pcs)	Private Donor - Special initiative. Contact: main branch	05/23/2024
Laguna	Calauan	Milagrosa	333	James	Carn	García	Female	67	SUPPLEMENTAL_FEEDING	Transportation Allowance	Enhanced support	DOH - Pilot program. Contact: local coordinator	04/27/2021
Laguna	Paete	Palingon	85	Ana	Cruz	García	Female	60	KALAHI	Food Assistance	Food Pack	DSWD - Pilot program. Contact: local coordinator	04/10/2021
Laguna	Bay	Santa Rosa	621	María	García	Gómez	Male	66	EDUCATIONAL_ASSISTANCE	Consultation/Medical Check-Up	Wheelchair	Anonymous Donor - Annual assistance	08/23/2022
Laguna	Paete	Saimsim	31	Juan	Reyes	Pérez	Male	24	KALAHI	Surgical Procedures	"PHP 5,000"	DepEd - Annual assistance. Contact: local coordinator	05/10/2023
Laguna	Victoria	Majada Labas	741	Miguel	Pérez	Gómez	Male	32	DISASTER_RELIEF_ASSISTANCE	GAD Trainings	1-day seminar	Red Cross - Pilot program	10/22/2021
Laguna	Magdalena	Barangay IV (Poblacion)	240	James	García	López	Male	55	AICS	Consultation/Medical Check-Up	Wheelchair	Community Organization - Emergency response. Contact: main branch	04/15/2024
Laguna	Santa Maria	Looc	890	Clara	Carn	Reyes	Female	23	AICS	Burial Assistance	Basic assistance	DepEd - Special initiative. Contact: local coordinator	03/01/2024
Laguna	Pagsanjan	Masaya	363	María	Santos	Galang	Male	35	DISASTER_RELIEF_ASSISTANCE	Vaccination	Standard package	UNICEF - Annual assistance. Contact: regional office	10/02/2023
Laguna	Bay	Looc	822	Ana	López	Cruz	Male	36	DISASTER_RELIEF_ASSISTANCE	Medical Assistance	"PHP 3,000"	UNICEF - Pilot program	09/26/2022
Laguna	Pakil	Barangay III (Poblacion)	389	James	Reyes	Pérez	Female	69	PWD_ASSISTANCE	Job Referral	Standard package	USAID - Emergency response	02/26/2021
Laguna	San Pedro	Majada Labas	653	Miguel	Cruz	Galang	Female	68	MEDICAL_SERVICES	Cash for Training	Level 1 support	World Vision - Special initiative. Contact: regional office	11/03/2023
Laguna	Calauan	San Miguel	668	James	López	García	Female	19	MEDICAL_SERVICES	Burial Assistance	Basic assistance	DepEd - Emergency response. Contact: regional office	07/12/2021
Laguna	Alaminos	San Juan	299	Pedro	Carn	Galang	Male	20	MEDICAL_SERVICES	Mental Health Support	Enhanced support	USAID - Emergency response	09/21/2023
Laguna	San Pablo	San José	857	María	García	López	Female	63	KALAHI	Activity Involvement/Advocacy	Level 1 support	Local Government - Annual assistance	03/14/2025
Laguna	Magdalena	Mapagong	371	James	Pérez	Gómez	Male	71	OTHER_PROGRAM	Voucher	Standard package	Community Organization - Special initiative. Contact: local coordinator	03/22/2024
Laguna	Santa Rosa	Palma	99	Janna	Gómez	García	Female	42	AICS	Scholarship Grants	Standard package	DOH - Regular program. Contact: local coordinator	11/13/2023
Laguna	Victoria	San Antonio	47	Clara	Santos	Gómez	Male	53	OTHER_PROGRAM	Job Fair	Enhanced support	Caritas - Pilot program	01/30/2021
Laguna	Rizal	Zapote	999	Pedro	García	Pérez	Male	71	OTHER_CAPABILITY_BUILDING_SUPPORT	Tutorial Sessions	Basic assistance	UNICEF - Regular program. Contact: regional office	10/24/2024
Laguna	Liliw	Paciano Rizal	839	Pedro	Cruz	García	Male	66	MEDICAL_SERVICES	Values Formation	3-day conference	Community Organization - Pilot program. Contact: local coordinator	11/15/2024
Laguna	Pagsanjan	Puting Lupa	422	James	Reyes	Santos	Male	45	AICS	Honorarium	Enhanced support	DA - Special initiative. Contact: main branch	11/06/2021
Laguna	Nagcarlan	Palingon	480	Clara	Cruz	Santos	Male	55	PWD_ASSISTANCE	Tutorial Sessions	Level 1 support	DOH - Regular program. Contact: local coordinator	11/25/2024
Laguna	Calamba	San Isidro	579	Pedro	García	Pérez	Male	45	OTHER_PROGRAM	Scholarship Grants	Basic assistance	Anonymous Donor - Emergency response. Contact: local coordinator	10/08/2024
Laguna	Siniloan	Puting Lupa	62	Juan	García	López	Female	49	DISASTER_RELIEF_ASSISTANCE	Mental Health Support	Enhanced support	Anonymous Donor - Regular program. Contact: local coordinator	07/26/2022
Laguna	Cabuyao	San Andrés	109	María	López	López	Male	68	OTHER_PROGRAM	Transportation Allowance	Level 1 support	Red Cross - Emergency response. Contact: local coordinator	03/07/2021
Laguna	Liliw	Puting Lupa	679	Juan	Cruz	Galang	Male	58	AICS	Technical Skills Training	Level 1 support	DepEd - Annual assistance. Contact: main branch	06/15/2021
Laguna	San Pablo	San Benito (Palita)	549	Ana	Cruz	Pérez	Male	53	OTHER_PROGRAM	Parent Effectiveness Trainings	Basic assistance	Anonymous Donor - Emergency response. Contact: main branch	02/24/2025
Laguna	Nagcarlan	San Agustín (Antipolo)	119	Juan	Cruz	Gómez	Male	56	LIVELIHOOD_ASSISTANCE	Financial	"PHP 3,000"	DA - Emergency response	07/18/2022
Laguna	Liliw	San Juan	598	Clara	Santos	Cruz	Female	53	DISASTER_RELIEF_ASSISTANCE	Agricultural and Fisheries	Basic assistance	USAID - Regular program. Contact: regional office	06/29/2021
Laguna	Nagcarlan	Santo Tomás (Calabuso)	382	Janna	Pérez	Pérez	Male	60	KALAHI	Food Items	Canned Goods (10 pcs)	World Vision - Emergency response. Contact: regional office	06/28/2022
Laguna	Santa Rosa	Parian	392	Pedro	García	Galang	Male	71	KALAHI	Cash for Training	Basic assistance	DSWD - Annual assistance. Contact: main branch	12/27/2022
Laguna	Pakil	Parian	977	Clara	Carn	López	Female	79	SOCIAL_PENSION	Technical Skills Training	Basic assistance	Community Organization - Emergency response	02/16/2023
Laguna	San Pablo	San Cristóbal	52	Pedro	Santos	Cruz	Male	40	PWD_ASSISTANCE	Skills Training	Hairdressing	DOH - Emergency response. Contact: regional office	11/07/2023
Laguna	Calamba	Calo	603	Miguel	Santos	Pérez	Female	19	OTHER_CAPABILITY_BUILDING_SUPPORT	Alternative Learning System	Basic assistance	DA - Pilot program. Contact: regional office	05/06/2021
Laguna	Bay	Makiling	289	Janna	Santos	Galang	Male	27	DISASTER_RELIEF_ASSISTANCE	Dental Services	Standard package	Anonymous Donor - Special initiative. Contact: main branch	03/23/2021
Laguna	Calauan	Makiling	337	Pedro	López	Reyes	Male	23	MEDICAL_SERVICES	Alternative Learning System	Level 1 support	DOLE - Emergency response. Contact: local coordinator	11/30/2023
Laguna	Pangil	San Andrés	810	Juan	Gómez	Gómez	Female	25	SUPPLEMENTAL_FEEDING	Parent Effectiveness Trainings	Enhanced support	DSWD - Regular program. Contact: regional office	05/27/2024
Laguna	Bay	Casile	204	Miguel	Pérez	Reyes	Female	32	EDUCATIONAL_ASSISTANCE	Insurance	Enhanced support	Anonymous Donor - Emergency response. Contact: local coordinator	08/29/2023
Laguna	Lumban	Saimsim	880	Miguel	Pérez	Gómez	Female	62	AICS	Voucher	Enhanced support	Red Cross - Special initiative. Contact: regional office	04/20/2024
Laguna	Victoria	San Agustín (Antipolo)	238	Ana	Carn	Cruz	Male	46	LIVELIHOOD_ASSISTANCE	Technical Skills Training	Level 1 support	World Vision - Annual assistance	03/14/2022
Laguna	Los Baños	San Ildefonso	382	Miguel	Gómez	Santos	Female	45	EDUCATIONAL_ASSISTANCE	Voucher	Basic assistance	DSWD - Special initiative. Contact: regional office	08/26/2023
Laguna	Los Baños	San Juan	667	Miguel	Cruz	Gómez	Female	39	MEDICAL_SERVICES	Skills Training	Carpentry	Caritas - Pilot program. Contact: local coordinator	06/14/2022
Laguna	Majayjay	San Miguel	752	James	López	Cruz	Male	51	SLP	Activity Involvement/Advocacy	Level 1 support	World Vision - Annual assistance. Contact: main branch	03/30/2024
Laguna	Los Baños	Zapote	136	Janna	García	Galang	Male	37	OTHER_CAPABILITY_BUILDING_SUPPORT	Food Assistance	Food Pack	DOH - Regular program. Contact: local coordinator	07/23/2023
Laguna	Pagsanjan	Calo	407	Juan	Gómez	García	Male	50	DISASTER_RELIEF_ASSISTANCE	Insurance	Enhanced support	Private Donor - Pilot program. Contact: main branch	01/04/2023
Laguna	Magdalena	Ulango	508	Clara	Reyes	Reyes	Female	32	OTHER_PROGRAM	Parent Effectiveness Trainings	Enhanced support	DSWD - Pilot program. Contact: regional office	07/11/2022
Laguna	San Pedro	San Andrés	362	Juan	López	García	Male	24	DISASTER_RELIEF_ASSISTANCE	Job Referral	Enhanced support	Local Government - Pilot program. Contact: main branch	04/25/2024
Laguna	Rizal	Uwisan	381	Juan	Reyes	Reyes	Female	41	DISASTER_RELIEF_ASSISTANCE	Surgical Procedures	"PHP 5,000"	Anonymous Donor - Special initiative. Contact: main branch	10/09/2024
Laguna	Rizal	Zapote	881	James	García	Galang	Female	43	KALAHI	Food Assistance	Food Pack	Red Cross - Special initiative. Contact: regional office	10/30/2024
Laguna	Majayjay	San José	576	María	Carn	Reyes	Female	67	MEDICAL_SERVICES	Dental Services	Standard package	DOH - Special initiative	01/30/2025
Laguna	Los Baños	San Roque	635	Pedro	Pérez	Cruz	Female	27	KALAHI	Transportation Allowance	Enhanced support	DA - Annual assistance. Contact: local coordinator	08/29/2021
Laguna	Pila	Masili	254	Pedro	Reyes	García	Male	32	MEDICAL_SERVICES	GAD Trainings	Week-long training	DA - Regular program	11/30/2021
Laguna	Majayjay	Turbina	477	Clara	Santos	López	Male	54	SOCIAL_PENSION	Alternative Learning System	Standard package	Red Cross - Emergency response. Contact: main branch	02/17/2021
Laguna	Famy	Palo-Alto	114	Miguel	López	García	Female	76	SUPPLEMENTAL_FEEDING	"Non-Food Items (Hygiene Kits, Clothes, Household Items)"	Standard package	Provincial Government - Pilot program	02/09/2024
Laguna	Cabuyao	Sirang Lupa	20	Ana	Gómez	Galang	Female	41	KALAHI	Technical Skills Training	Level 1 support	USAID - Annual assistance	02/02/2024
Laguna	Famy	Palma	528	Clara	Gómez	López	Male	28	EDUCATIONAL_ASSISTANCE	Alternative Learning System	Enhanced support	DSWD - Emergency response	04/08/2022
Laguna	Cabuyao	Palo-Alto	145	María	Reyes	García	Male	57	OTHER_PROGRAM	Activity Involvement/Advocacy	Enhanced support	UNICEF - Emergency response	01/03/2024
Laguna	San Pablo	Palma	208	Pedro	García	Gómez	Female	38	OTHER_PROGRAM	Agricultural and Fisheries	Basic assistance	Caritas - Pilot program. Contact: local coordinator	11/13/2021
Laguna	San Pedro	Makiling	531	Ana	Pérez	Pérez	Female	57	SOCIAL_PENSION	GAD Trainings	1-day seminar	DA - Special initiative. Contact: local coordinator	01/02/2021
Laguna	Biñan	Del Carmen	376	Clara	Santos	Gómez	Female	79	MEDICAL_SERVICES	Surgical Procedures	"PHP 5,000"	Provincial Government - Emergency response. Contact: regional office	01/07/2022
Laguna	Biñan	Makiling	504	Ana	Gómez	Galang	Female	55	PWD_ASSISTANCE	Agricultural and Fisheries	Basic assistance	DepEd - Emergency response. Contact: main branch	02/01/2025
Laguna	Santa Maria	San Cristóbal	904	Juan	Reyes	Pérez	Female	32	SUPPLEMENTAL_FEEDING	Mental Health Support	Level 1 support	Private Donor - Special initiative	10/31/2023
Laguna	Siniloan	Masili	166	Janna	Pérez	Santos	Male	32	KALAHI	Consultation/Medical Check-Up	"PHP 3,000"	Private Donor - Regular program. Contact: local coordinator	08/11/2022
Laguna	Paete	Looc	550	Juan	García	Cruz	Female	54	SOCIAL_PENSION	Family Development Trainings	2-day workshop	World Vision - Annual assistance. Contact: local coordinator	02/27/2022
Laguna	Siniloan	San Antonio	181	James	Carn	Gómez	Male	62	OTHER_PROGRAM	Burial Assistance	Level 1 support	USAID - Pilot program. Contact: local coordinator	07/05/2024
Laguna	Santa Cruz	San José	861	Miguel	García	Reyes	Female	31	DISASTER_RELIEF_ASSISTANCE	Cash for Work	Standard package	DepEd - Emergency response	04/13/2023
Laguna	Pagsanjan	San Benito (Palita)	617	Pedro	Carn	Pérez	Male	60	SUPPLEMENTAL_FEEDING	Burial Assistance	Standard package	Red Cross - Annual assistance. Contact: local coordinator	08/20/2023
Laguna	Pagsanjan	Lingga	612	Ana	Gómez	Reyes	Female	69	PWD_ASSISTANCE	Insurance	Level 1 support	UNICEF - Emergency response	12/28/2022
Laguna	Pangil	Paciano Rizal	602	Clara	Pérez	Reyes	Male	38	MEDICAL_SERVICES	Transportation Allowance	Level 1 support	Provincial Government - Regular program. Contact: main branch	04/21/2022
Laguna	Calamba	Barangay IV (Poblacion)	927	Miguel	Pérez	Santos	Male	61	SOCIAL_PENSION	Surgical Procedures	Wheelchair	Red Cross - Annual assistance	09/02/2021
Laguna	Paete	San Isidro	812	Janna	Santos	Cruz	Female	37	MEDICAL_SERVICES	Voucher	Level 1 support	Anonymous Donor - Emergency response	09/22/2024
Laguna	Santa Rosa	Casile	444	Clara	García	García	Female	50	SOCIAL_PENSION	Scholarship Grants	Basic assistance	UNICEF - Annual assistance	11/23/2022
Laguna	Liliw	Pansol	332	Pedro	Cruz	Pérez	Male	20	OTHER_PROGRAM	Food for Work	Standard package	Provincial Government - Regular program. Contact: main branch	05/03/2022
Laguna	Siniloan	San Ildefonso	503	Ana	Gómez	García	Male	57	PWD_ASSISTANCE	"Non-Food Items (Hygiene Kits, Clothes, Household Items)"	Enhanced support	Caritas - Regular program	05/03/2023
Laguna	Pila	San Ildefonso	913	Ana	López	Gómez	Male	40	SOCIAL_PENSION	Surgical Procedures	"PHP 5,000"	Community Organization - Emergency response. Contact: local coordinator	01/02/2024
Laguna	Pangil	Barangay I (Poblacion)	79	Juan	Cruz	Cruz	Female	61	OTHER_PROGRAM	Cash for Training	Level 1 support	UNICEF - Regular program	01/23/2023
Laguna	Calauan	Masili	585	Janna	Gómez	López	Male	64	SOCIAL_PENSION	Surgical Procedures	"PHP 3,000"	Caritas - Annual assistance. Contact: regional office	07/17/2023
Laguna	Alaminos	San José	935	Janna	Cruz	Cruz	Female	40	MEDICAL_SERVICES	"Non-Food Items (Hygiene Kits, Clothes, Household Items)"	Standard package	DOLE - Pilot program. Contact: main branch	10/26/2023
Laguna	Calamba	Barangay III (Poblacion)	938	Pedro	Cruz	Reyes	Female	44	KALAHI	Honorarium	Standard package	Anonymous Donor - Pilot program. Contact: local coordinator	01/25/2025
Laguna	Kalayaan	San Vicente	688	Ana	López	García	Female	52	DISASTER_RELIEF_ASSISTANCE	Equipment/School Materials	Uniform	DSWD - Regular program. Contact: local coordinator	10/21/2024
Laguna	Luisiana	Santo Domingo	396	Miguel	Cruz	Cruz	Female	42	OTHER_PROGRAM	Leadership Skills Training	Standard package	DOLE - Special initiative. Contact: main branch	02/27/2025
Laguna	Santa Cruz	Palingon	608	Janna	Carn	García	Female	49	KALAHI	Agricultural and Fisheries	Level 1 support	Local Government - Emergency response. Contact: regional office	08/05/2021
Laguna	Mabitac	Santo Domingo	857	Janna	García	Cruz	Female	39	LIVELIHOOD_ASSISTANCE	Food Assistance	Rice (5kg)	UNICEF - Emergency response. Contact: local coordinator	05/22/2024
Laguna	Bay	San Andrés	103	Clara	Pérez	Galang	Male	25	LIVELIHOOD_ASSISTANCE	Family Development Trainings	1-day seminar	USAID - Regular program. Contact: local coordinator	08/17/2023
Laguna	Nagcarlan	Maunong	402	Pedro	Santos	Gómez	Male	73	SUPPLEMENTAL_FEEDING	Dental Services	Basic assistance	Private Donor - Special initiative	09/10/2024
Laguna	Mabitac	Looc	975	Juan	Cruz	Pérez	Female	68	SUPPLEMENTAL_FEEDING	Job Fair	Level 1 support	Local Government - Emergency response. Contact: main branch	11/06/2021
Laguna	Santa Cruz	Santo Tomás (Calabuso)	224	Clara	Pérez	Reyes	Male	69	DISASTER_RELIEF_ASSISTANCE	Cash for Training	Standard package	Local Government - Special initiative	02/07/2021
Laguna	Lumban	Del Carmen	518	Clara	Cruz	Cruz	Male	79	AICS	Values Formation	2-day workshop	Anonymous Donor - Annual assistance. Contact: regional office	06/24/2023
Laguna	Santa Maria	Palingon	634	María	Gómez	Santos	Female	55	LIVELIHOOD_ASSISTANCE	Capital/Starter Kit	Basic assistance	Provincial Government - Annual assistance. Contact: main branch	12/21/2023
Laguna	Kalayaan	San Isidro	236	James	Santos	Cruz	Male	35	AICS	Skills Training	Hairdressing	Red Cross - Regular program	01/24/2024
Laguna	Santa Cruz	Barangay III (Poblacion)	427	María	Gómez	Galang	Female	45	SLP	Medical Assistance	"PHP 3,000"	Provincial Government - Annual assistance. Contact: main branch	08/21/2021
Laguna	San Pedro	San Antonio	116	Janna	Santos	Gómez	Female	45	DISASTER_RELIEF_ASSISTANCE	Technical Skills Training	Level 1 support	USAID - Regular program. Contact: regional office	04/21/2025
Laguna	Magdalena	Masili	163	Ana	Cruz	Santos	Female	28	PWD_ASSISTANCE	Dental Services	Enhanced support	DSWD - Pilot program	05/28/2022
Laguna	San Pedro	Milagrosa	226	James	Carn	Santos	Female	29	KALAHI	Food for Work	Level 1 support	UNICEF - Pilot program. Contact: main branch	05/30/2021
Laguna	Pila	San Ildefonso	230	James	Pérez	Gómez	Male	72	LIVELIHOOD_ASSISTANCE	Transportation Allowance	Standard package	DSWD - Regular program. Contact: local coordinator	02/03/2025
Laguna	Magdalena	Barangay II (Poblacion)	182	Ana	Santos	Cruz	Male	19	MEDICAL_SERVICES	Cash for Work	Standard package	Red Cross - Special initiative. Contact: main branch	08/03/2021
Laguna	San Pablo	San José	249	James	García	Galang	Female	76	DISASTER_RELIEF_ASSISTANCE	Cash for Work	Basic assistance	Provincial Government - Pilot program	02/03/2022
Laguna	Victoria	Ulango	318	Ana	Pérez	Santos	Male	54	OTHER_PROGRAM	Financial	"PHP 3,000"	DOLE - Pilot program. Contact: local coordinator	10/27/2023
Laguna	Los Baños	Súcol	965	James	García	Pérez	Female	77	OTHER_CAPABILITY_BUILDING_SUPPORT	Consultation/Medical Check-Up	Wheelchair	Local Government - Regular program. Contact: regional office	01/10/2024
Laguna	Majayjay	Barangay III (Poblacion)	210	Clara	Pérez	Reyes	Female	21	MEDICAL_SERVICES	Honorarium	Enhanced support	Local Government - Regular program. Contact: regional office	07/08/2021
Laguna	Siniloan	Timbao	656	Miguel	Carn	López	Male	58	SOCIAL_PENSION	Medical Assistance	"PHP 5,000"	World Vision - Annual assistance. Contact: main branch	10/22/2022
Laguna	Nagcarlan	San José	392	Pedro	Gómez	Reyes	Male	62	LIVELIHOOD_ASSISTANCE	Parent Effectiveness Trainings	Level 1 support	DOH - Emergency response. Contact: regional office	01/28/2021
Laguna	Santa Cruz	Parian	857	Pedro	López	García	Female	62	SOCIAL_PENSION	Technical Skills Training	Level 1 support	DOLE - Regular program	11/08/2022
Laguna	Cabuyao	Majada Labas	96	María	Gómez	García	Male	64	LIVELIHOOD_ASSISTANCE	Job Fair	Basic assistance	DOLE - Regular program. Contact: main branch	05/15/2021
Laguna	Alaminos	Barangay IV (Poblacion)	894	Clara	Reyes	Galang	Female	51	AICS	Technical Skills Training	Enhanced support	Red Cross - Special initiative. Contact: local coordinator	11/01/2021
Laguna	Famy	Parian	858	James	Carn	Santos	Female	40	DISASTER_RELIEF_ASSISTANCE	Technical Skills Training	Basic assistance	DSWD - Special initiative. Contact: regional office	05/10/2022
Laguna	Nagcarlan	San Benito (Palita)	756	Juan	Cruz	Reyes	Male	30	OTHER_PROGRAM	Job Fair	Level 1 support	DA - Special initiative	12/25/2022
Laguna	Biñan	Palo-Alto	86	Ana	Reyes	Reyes	Female	24	DISASTER_RELIEF_ASSISTANCE	Equipment/School Materials	Books	Anonymous Donor - Pilot program. Contact: regional office	07/27/2024
Laguna	Siniloan	San Roque	415	Clara	Cruz	López	Male	49	EDUCATIONAL_ASSISTANCE	Skills Training	Plumbing	USAID - Regular program. Contact: main branch	01/09/2024
Laguna	Pakil	Calo	394	James	García	Galang	Female	40	LIVELIHOOD_ASSISTANCE	GAD Trainings	Week-long training	DOLE - Pilot program. Contact: main branch	05/10/2023
Laguna	Magdalena	Santo Tomás (Calabuso)	696	Pedro	Santos	Pérez	Female	66	EDUCATIONAL_ASSISTANCE	Parent Effectiveness Trainings	Standard package	DOH - Special initiative. Contact: regional office	01/26/2022
Laguna	Magdalena	San Agustín (Antipolo)	633	Pedro	Pérez	Santos	Female	25	SUPPLEMENTAL_FEEDING	Consultation/Medical Check-Up	Wheelchair	DA - Pilot program. Contact: local coordinator	11/05/2023
Laguna	San Pablo	Maunong	844	Ana	Cruz	Galang	Female	67	PWD_ASSISTANCE	Parent Effectiveness Trainings	Basic assistance	World Vision - Regular program. Contact: main branch	08/22/2022
Laguna	Pila	Palo-Alto	501	Juan	García	Cruz	Female	64	DISASTER_RELIEF_ASSISTANCE	Tutorial Sessions	Standard package	Community Organization - Regular program	07/08/2023
Laguna	Mabitac	Súcol	604	James	Carn	Reyes	Male	64	AICS	Job Fair	Enhanced support	Caritas - Regular program. Contact: local coordinator	06/11/2023
Laguna	Santa Cruz	Lingga	582	James	Cruz	Galang	Female	54	OTHER_PROGRAM	Cash for Training	Standard package	World Vision - Pilot program. Contact: local coordinator	08/11/2021
Laguna	Santa Rosa	Santo Domingo	916	Juan	Gómez	Galang	Male	51	LIVELIHOOD_ASSISTANCE	Food Items	Basic Groceries	Red Cross - Regular program. Contact: regional office	04/08/2023
Laguna	Rizal	San Andrés	133	Juan	García	López	Male	65	OTHER_PROGRAM	Capital/Starter Kit	Basic assistance	UNICEF - Regular program. Contact: local coordinator	09/23/2021
Laguna	Mabitac	Real	791	Juan	Santos	Pérez	Male	46	SUPPLEMENTAL_FEEDING	Food Items	Rice (10kg)	Red Cross - Special initiative	09/05/2024
Laguna	San Pablo	Mapagong	649	Pedro	Pérez	Cruz	Female	54	SOCIAL_PENSION	Consultation/Medical Check-Up	"PHP 3,000"	Anonymous Donor - Pilot program. Contact: local coordinator	02/04/2024
Laguna	Bay	Lingga	314	Ana	Cruz	García	Male	40	OTHER_PROGRAM	Skills Training	Computer Literacy	Anonymous Donor - Regular program. Contact: regional office	09/10/2021
Laguna	Lumban	Masili	699	Clara	López	Reyes	Male	55	LIVELIHOOD_ASSISTANCE	Values Formation	3-day conference	Private Donor - Special initiative. Contact: regional office	07/18/2021
Laguna	Santa Cruz	Casile	221	Miguel	García	López	Male	46	EDUCATIONAL_ASSISTANCE	Honorarium	Level 1 support	DOH - Special initiative. Contact: regional office	12/16/2023
Laguna	Mabitac	Palma	976	Juan	Cruz	Pérez	Female	61	AICS	Tutorial Sessions	Level 1 support	Provincial Government - Emergency response	07/17/2023
Laguna	Santa Maria	San Cristóbal	438	Ana	Santos	Pérez	Female	22	OTHER_PROGRAM	Consultation/Medical Check-Up	"PHP 10,000"	Private Donor - Special initiative. Contact: main branch	02/11/2022
Laguna	San Pablo	Lingga	46	María	Pérez	Galang	Female	69	AICS	Honorarium	Basic assistance	DepEd - Emergency response	01/01/2025
Laguna	Pagsanjan	Milagrosa	790	James	Cruz	Reyes	Female	57	SOCIAL_PENSION	Food for Work	Level 1 support	USAID - Annual assistance	01/20/2025
Laguna	Cavinti	Mapagong	192	James	Cruz	Gómez	Male	28	AICS	Parent Effectiveness Trainings	Enhanced support	UNICEF - Pilot program. Contact: local coordinator	02/09/2025
Laguna	Biñan	San Ildefonso	520	Miguel	Pérez	García	Female	31	SOCIAL_PENSION	"Non-Food Items (Hygiene Kits, Clothes, Household Items)"	Standard package	Caritas - Annual assistance. Contact: regional office	10/02/2024
Laguna	Magdalena	San Juan	379	Miguel	López	Gómez	Male	73	SOCIAL_PENSION	Leadership Skills Training	Enhanced support	USAID - Regular program	05/01/2022
Laguna	Rizal	San Benito (Palita)	788	Janna	García	Gómez	Female	66	PWD_ASSISTANCE	Values Formation	Week-long training	DOH - Regular program. Contact: local coordinator	05/03/2023
Laguna	Mabitac	Turbina	691	María	Reyes	Gómez	Male	59	PWD_ASSISTANCE	Equipment/School Materials	Tablet	Red Cross - Emergency response. Contact: regional office	12/29/2021
Laguna	Los Baños	Milagrosa	334	Clara	Gómez	Pérez	Female	19	SLP	Vaccination	Standard package	Provincial Government - Regular program. Contact: main branch	07/31/2021
Laguna	Magdalena	San Agustín (Antipolo)	39	Miguel	Pérez	Galang	Female	52	OTHER_CAPABILITY_BUILDING_SUPPORT	Alternative Learning System	Basic assistance	Local Government - Special initiative	12/02/2022
Laguna	Santa Rosa	San Antonio	293	Juan	Cruz	Pérez	Female	62	AICS	Medical Supplies	"PHP 5,000"	Provincial Government - Emergency response. Contact: regional office	05/27/2023
Laguna	Lumban	Uwisan	690	Juan	Reyes	Cruz	Female	66	OTHER_PROGRAM	Job Referral	Standard package	UNICEF - Regular program	09/06/2022
Laguna	Paete	San Agustín (Antipolo)	162	Clara	Carn	Pérez	Male	76	AICS	Job Fair	Standard package	DOLE - Annual assistance. Contact: local coordinator	07/05/2023
Laguna	Santa Cruz	Makiling	331	Pedro	Cruz	Reyes	Female	52	SOCIAL_PENSION	Mental Health Support	Enhanced support	USAID - Regular program. Contact: main branch	12/31/2024
Laguna	Calauan	Súcol	886	María	Reyes	Pérez	Female	59	PWD_ASSISTANCE	Capital/Starter Kit	Enhanced support	Community Organization - Annual assistance. Contact: local coordinator	05/23/2021
Laguna	Biñan	Milagrosa	104	Juan	Carn	Pérez	Female	45	KALAHI	GAD Trainings	2-day workshop	DOLE - Emergency response. Contact: regional office	08/01/2024
Laguna	Pagsanjan	San Isidro	161	Miguel	López	Gómez	Male	25	MEDICAL_SERVICES	Skills Training	Sewing	Community Organization - Annual assistance. Contact: main branch	12/30/2023
Laguna	Magdalena	Palo-Alto	799	Janna	García	López	Female	49	EDUCATIONAL_ASSISTANCE	Values Formation	Week-long training	DepEd - Regular program. Contact: regional office	08/16/2023
Laguna	San Pedro	Mapagong	635	Ana	Cruz	Cruz	Female	21	AICS	Medical Assistance	Crutches	Anonymous Donor - Emergency response. Contact: local coordinator	04/01/2025
Laguna	Rizal	San Gregorio	54	James	García	García	Male	62	DISASTER_RELIEF_ASSISTANCE	Values Formation	3-day conference	Local Government - Annual assistance	08/26/2024
Laguna	Calamba	San Vicente	940	María	Carn	García	Male	78	KALAHI	Job Referral	Enhanced support	DepEd - Emergency response	05/15/2023
Laguna	Santa Rosa	Ulango	34	James	García	Reyes	Male	24	DISASTER_RELIEF_ASSISTANCE	Agricultural and Fisheries	Standard package	Community Organization - Emergency response. Contact: regional office	07/10/2024
Laguna	Liliw	Turbina	242	Ana	García	García	Female	56	OTHER_CAPABILITY_BUILDING_SUPPORT	Honorarium	Basic assistance	World Vision - Pilot program	03/01/2021
Laguna	Cavinti	Masili	967	María	Pérez	Santos	Male	65	KALAHI	Food Items	Rice (10kg)	DOLE - Annual assistance	06/06/2022
Laguna	San Pedro	Paciano Rizal	890	Miguel	Santos	López	Female	44	LIVELIHOOD_ASSISTANCE	Capital/Starter Kit	Level 1 support	DOLE - Emergency response. Contact: local coordinator	11/05/2021
Laguna	Nagcarlan	Masili	113	Ana	Carn	Reyes	Male	54	AICS	Financial	"PHP 5,000"	DOH - Regular program. Contact: regional office	03/24/2025
Laguna	Cavinti	San Ildefonso	318	Juan	García	Pérez	Female	77	AICS	Job Referral	Level 1 support	DOH - Emergency response. Contact: main branch	11/06/2024
Laguna	Pila	Real	23	Clara	Gómez	Santos	Male	34	SUPPLEMENTAL_FEEDING	Technical Skills Training	Basic assistance	Red Cross - Annual assistance. Contact: local coordinator	12/07/2021
Laguna	Santa Cruz	Milagrosa	558	Juan	Reyes	García	Male	27	SOCIAL_PENSION	Consultation/Medical Check-Up	"PHP 5,000"	DA - Annual assistance. Contact: main branch	04/22/2025
Laguna	Victoria	Palma	824	Miguel	Carn	Pérez	Male	21	KALAHI	Surgical Procedures	"PHP 3,000"	DepEd - Special initiative. Contact: main branch	06/19/2023
Laguna	Luisiana	San Juan	647	Clara	Santos	Reyes	Female	40	LIVELIHOOD_ASSISTANCE	Tutorial Sessions	Basic assistance	Local Government - Regular program	01/13/2024
Laguna	San Pedro	Barangay II (Poblacion)	118	Juan	Cruz	Gómez	Male	31	SOCIAL_PENSION	Equipment/School Materials	Uniform	Local Government - Annual assistance. Contact: regional office	06/11/2024
Laguna	Nagcarlan	San Antonio	985	Ana	López	Santos	Female	22	SOCIAL_PENSION	Honorarium	Standard package	DSWD - Special initiative. Contact: regional office	02/01/2023
Laguna	Lumban	Casile	701	Ana	García	García	Male	19	OTHER_PROGRAM	Capital/Starter Kit	Level 1 support	DepEd - Regular program. Contact: regional office	08/28/2021
Laguna	Pakil	Santa Rosa	643	Ana	Reyes	Galang	Male	63	EDUCATIONAL_ASSISTANCE	Food Items	Rice (10kg)	Provincial Government - Special initiative. Contact: main branch	02/02/2024
Laguna	San Pedro	Timbao	934	James	Santos	Galang	Male	41	KALAHI	Financial	"PHP 5,000"	DA - Emergency response. Contact: regional office	08/13/2021
Laguna	Cabuyao	Barangay I (Poblacion)	212	Miguel	Carn	Cruz	Female	35	KALAHI	"Non-Food Items (Hygiene Kits, Clothes, Household Items)"	Standard package	USAID - Special initiative. Contact: main branch	10/06/2021
Laguna	Liliw	Majada Labas	418	Ana	López	Galang	Female	44	AICS	Values Formation	2-day workshop	Private Donor - Regular program. Contact: main branch	11/17/2024
Laguna	Biñan	Santa Rosa	113	Juan	López	Gómez	Female	41	LIVELIHOOD_ASSISTANCE	Medical Assistance	Crutches	USAID - Emergency response. Contact: main branch	03/05/2022
Laguna	Kalayaan	Real	44	Janna	Gómez	Santos	Male	46	OTHER_PROGRAM	Activity Involvement/Advocacy	Standard package	Red Cross - Emergency response	02/06/2022
Laguna	Lumban	Calo	128	Miguel	García	Gómez	Female	28	PWD_ASSISTANCE	Values Formation	3-day conference	DOLE - Annual assistance. Contact: main branch	02/15/2021
Laguna	Paete	Casile	876	Ana	Santos	López	Female	65	MEDICAL_SERVICES	Skills Training	Sewing	Provincial Government - Regular program. Contact: local coordinator	05/29/2022
Laguna	Magdalena	Real	158	Janna	Santos	Galang	Male	35	SOCIAL_PENSION	Mental Health Support	Enhanced support	Caritas - Regular program. Contact: main branch	04/14/2024
Laguna	Cabuyao	Timbao	785	Clara	Reyes	Reyes	Male	76	OTHER_CAPABILITY_BUILDING_SUPPORT	Cash for Work	Standard package	DepEd - Special initiative	10/21/2023
Laguna	Magdalena	Santo Domingo	827	Juan	Cruz	Reyes	Female	65	DISASTER_RELIEF_ASSISTANCE	Food Items	Food Pack	Local Government - Special initiative	10/21/2024
Laguna	Pila	Súcol	394	Ana	Cruz	Reyes	Female	70	LIVELIHOOD_ASSISTANCE	Alternative Learning System	Level 1 support	Community Organization - Regular program. Contact: regional office	04/11/2024
Laguna	Bay	Santa Rosa	867	James	Pérez	Galang	Male	21	SUPPLEMENTAL_FEEDING	Job Fair	Level 1 support	Local Government - Special initiative. Contact: local coordinator	10/31/2021
Laguna	Magdalena	San José	852	James	Cruz	Pérez	Female	50	AICS	Parent Effectiveness Trainings	Basic assistance	World Vision - Special initiative. Contact: local coordinator	06/01/2021
Laguna	Famy	San Vicente	512	Clara	Pérez	Gómez	Male	31	SLP	Technical Skills Training	Standard package	DOLE - Annual assistance. Contact: main branch	12/17/2021
Laguna	Famy	San Agustín (Antipolo)	914	Janna	López	Galang	Male	61	DISASTER_RELIEF_ASSISTANCE	Cash for Training	Standard package	Red Cross - Regular program. Contact: main branch	12/06/2022
Laguna	Nagcarlan	San José	45	Pedro	López	Cruz	Female	73	OTHER_PROGRAM	"Non-Food Items (Hygiene Kits, Clothes, Household Items)"	Enhanced support	UNICEF - Regular program. Contact: main branch	04/02/2021
Laguna	Luisiana	Mayapa	108	James	Gómez	López	Female	59	DISASTER_RELIEF_ASSISTANCE	Family Development Trainings	Week-long training	DSWD - Annual assistance. Contact: main branch	03/30/2024
Laguna	Pagsanjan	Looc	219	Miguel	Carn	Pérez	Male	49	AICS	Food Items	Rice (10kg)	USAID - Pilot program. Contact: main branch	04/16/2021
Laguna	Liliw	Barangay II (Poblacion)	443	James	López	López	Female	77	DISASTER_RELIEF_ASSISTANCE	Parent Effectiveness Trainings	Basic assistance	DSWD - Emergency response. Contact: main branch	01/11/2023
Laguna	Kalayaan	Barangay II (Poblacion)	830	James	López	Pérez	Male	68	PWD_ASSISTANCE	Insurance	Enhanced support	DOH - Pilot program	02/01/2024
Laguna	Calamba	Uwisan	315	Juan	Santos	Pérez	Female	78	SUPPLEMENTAL_FEEDING	Equipment/School Materials	Tablet	DOLE - Emergency response	05/12/2021
Laguna	Calauan	San Antonio	177	James	Carn	García	Male	21	OTHER_CAPABILITY_BUILDING_SUPPORT	Consultation/Medical Check-Up	Wheelchair	Provincial Government - Special initiative. Contact: local coordinator	02/08/2023
Laguna	Pakil	San Andrés	228	María	Santos	Cruz	Female	37	LIVELIHOOD_ASSISTANCE	Voucher	Basic assistance	Local Government - Special initiative	08/05/2024
Laguna	Santa Cruz	Ulango	703	Ana	Reyes	Santos	Female	38	AICS	Alternative Learning System	Standard package	DOLE - Pilot program	04/03/2022
Laguna	Bay	Barangay I (Poblacion)	983	Clara	Pérez	Reyes	Male	20	SLP	Cash for Training	Basic assistance	Community Organization - Regular program. Contact: main branch	06/18/2023
Laguna	Santa Maria	Turbina	672	James	Pérez	Galang	Female	42	DISASTER_RELIEF_ASSISTANCE	Transportation Allowance	Standard package	Local Government - Emergency response. Contact: main branch	01/30/2024
Laguna	San Pablo	Puting Lupa	906	Pedro	Reyes	García	Male	21	SUPPLEMENTAL_FEEDING	Skills Training	Sewing	DOH - Special initiative	11/11/2023
Laguna	Santa Maria	Santo Domingo	267	Miguel	Pérez	García	Female	79	AICS	Medical Supplies	Wheelchair	World Vision - Regular program. Contact: main branch	09/06/2021
Laguna	Lumban	Palo-Alto	870	Pedro	Carn	Pérez	Female	75	SUPPLEMENTAL_FEEDING	Mental Health Support	Enhanced support	USAID - Regular program. Contact: main branch	07/11/2021
Laguna	Calauan	Timbao	838	James	Carn	Galang	Female	64	DISASTER_RELIEF_ASSISTANCE	Tutorial Sessions	Standard package	DepEd - Annual assistance	08/08/2022
Laguna	Calamba	San Gregorio	379	James	López	Cruz	Female	28	SOCIAL_PENSION	GAD Trainings	3-day conference	Red Cross - Annual assistance	08/29/2024
Laguna	San Pedro	San Agustín (Antipolo)	489	María	Pérez	García	Male	33	LIVELIHOOD_ASSISTANCE	Food Assistance	Food Pack	DSWD - Emergency response. Contact: regional office	06/17/2021
Laguna	Alaminos	Masili	702	James	Reyes	López	Male	76	EDUCATIONAL_ASSISTANCE	Mental Health Support	Standard package	Caritas - Regular program. Contact: local coordinator	06/20/2021
Laguna	Pangil	San Agustín (Antipolo)	687	James	García	Cruz	Female	53	EDUCATIONAL_ASSISTANCE	Food for Work	Level 1 support	DOLE - Regular program. Contact: local coordinator	05/24/2024
Laguna	Pila	San Roque	290	Ana	Cruz	Galang	Male	23	LIVELIHOOD_ASSISTANCE	Parent Effectiveness Trainings	Basic assistance	Anonymous Donor - Regular program. Contact: local coordinator	03/13/2025
Laguna	Pangil	Lingga	996	Pedro	López	Pérez	Male	48	SOCIAL_PENSION	Equipment/School Materials	School Supplies Kit	USAID - Regular program. Contact: regional office	04/12/2024
Laguna	Calauan	San Roque	357	María	Cruz	Cruz	Female	57	AICS	Alternative Learning System	Enhanced support	Provincial Government - Pilot program. Contact: main branch	06/20/2022
Laguna	Calauan	San José	657	Pedro	Reyes	Pérez	Male	30	SUPPLEMENTAL_FEEDING	Leadership Skills Training	Basic assistance	Community Organization - Regular program. Contact: local coordinator	02/12/2022
Laguna	Rizal	San Agustín (Antipolo)	744	María	Pérez	López	Male	40	SLP	Job Referral	Level 1 support	Private Donor - Special initiative	05/16/2022
Laguna	Majayjay	San Antonio	872	Pedro	Pérez	Reyes	Female	69	SOCIAL_PENSION	Equipment/School Materials	Uniform	DA - Pilot program	03/07/2024
Laguna	Cabuyao	Saimsim	950	James	Cruz	Pérez	Female	21	KALAHI	Job Fair	Standard package	Red Cross - Annual assistance. Contact: local coordinator	04/09/2021
Laguna	Victoria	Barangay II (Poblacion)	204	Pedro	García	Pérez	Female	54	KALAHI	Family Development Trainings	3-day conference	DepEd - Regular program. Contact: local coordinator	04/16/2023
Laguna	Los Baños	San José	213	Pedro	Pérez	Gómez	Female	59	EDUCATIONAL_ASSISTANCE	Medical Assistance	Medical Kit	World Vision - Regular program	12/17/2023
Laguna	Victoria	Punta	552	María	García	Galang	Male	54	AICS	Parent Effectiveness Trainings	Level 1 support	World Vision - Pilot program	09/04/2021
Laguna	Victoria	Timbao	787	Clara	Santos	López	Female	61	OTHER_PROGRAM	GAD Trainings	2-day workshop	Caritas - Regular program. Contact: main branch	11/15/2022
Laguna	Victoria	Punta	323	Janna	Carn	Galang	Male	50	SOCIAL_PENSION	Transportation Allowance	Standard package	DSWD - Regular program	12/14/2022
Laguna	San Pablo	Casile	594	María	Cruz	López	Male	78	EDUCATIONAL_ASSISTANCE	Food for Work	Basic assistance	Provincial Government - Annual assistance	04/17/2021
Laguna	Rizal	San Isidro	181	María	Pérez	López	Female	73	OTHER_CAPABILITY_BUILDING_SUPPORT	Job Fair	Basic assistance	Private Donor - Emergency response. Contact: local coordinator	12/08/2023
Laguna	Kalayaan	Santa Rosa	499	María	García	García	Male	59	DISASTER_RELIEF_ASSISTANCE	Leadership Skills Training	Enhanced support	Provincial Government - Annual assistance. Contact: regional office	04/25/2023
Laguna	Rizal	Del Carmen	320	Juan	Gómez	García	Male	46	SUPPLEMENTAL_FEEDING	Honorarium	Basic assistance	DOH - Regular program. Contact: main branch	08/02/2024
Laguna	Biñan	Barangay IV (Poblacion)	83	Clara	Gómez	García	Male	54	PWD_ASSISTANCE	Job Fair	Standard package	DOH - Special initiative. Contact: main branch	02/15/2021
Laguna	Pagsanjan	Barangay I (Poblacion)	303	Juan	Pérez	Reyes	Female	36	AICS	Medical Supplies	"PHP 10,000"	DepEd - Annual assistance	01/31/2022
Laguna	Famy	Del Carmen	262	Juan	Carn	Reyes	Male	68	OTHER_CAPABILITY_BUILDING_SUPPORT	Insurance	Level 1 support	DOH - Annual assistance	02/18/2024
Laguna	Calamba	San Ildefonso	784	María	Carn	López	Female	37	KALAHI	GAD Trainings	1-day seminar	DSWD - Pilot program. Contact: regional office	12/20/2023
Laguna	Cabuyao	Parian	200	Janna	Santos	Santos	Female	49	KALAHI	Job Fair	Level 1 support	USAID - Pilot program. Contact: regional office	03/16/2024
Laguna	San Pablo	San Andrés	240	María	Carn	Galang	Male	61	DISASTER_RELIEF_ASSISTANCE	Food Assistance	Canned Goods (10 pcs)	DA - Emergency response. Contact: local coordinator	09/08/2022
Laguna	Calauan	San Isidro	914	James	Carn	García	Male	72	PWD_ASSISTANCE	Technical Skills Training	Standard package	Local Government - Annual assistance. Contact: local coordinator	08/08/2023
Laguna	Bay	San Isidro	692	Janna	López	Galang	Female	33	SLP	Surgical Procedures	Crutches	Private Donor - Pilot program. Contact: regional office	03/01/2025
Laguna	Pakil	Ulango	944	Juan	Gómez	Pérez	Female	22	OTHER_CAPABILITY_BUILDING_SUPPORT	Medical Supplies	"PHP 3,000"	Red Cross - Special initiative. Contact: regional office	11/05/2022
Laguna	Santa Rosa	Sirang Lupa	683	Miguel	Reyes	López	Female	66	SOCIAL_PENSION	Burial Assistance	Level 1 support	UNICEF - Regular program. Contact: local coordinator	02/16/2024
Laguna	Los Baños	San Miguel	295	Pedro	Gómez	Cruz	Female	63	DISASTER_RELIEF_ASSISTANCE	Alternative Learning System	Basic assistance	Red Cross - Special initiative	08/25/2021
Laguna	Cabuyao	Majada Labas	512	Pedro	Gómez	López	Female	29	DISASTER_RELIEF_ASSISTANCE	GAD Trainings	3-day conference	DOH - Pilot program. Contact: main branch	05/26/2024
Laguna	Magdalena	San José	689	Clara	Pérez	Reyes	Male	62	SLP	Transportation Allowance	Level 1 support	Private Donor - Emergency response	02/22/2024
Laguna	Calauan	San Gregorio	881	Miguel	Gómez	Santos	Female	38	KALAHI	Medical Supplies	Wheelchair	Red Cross - Emergency response. Contact: local coordinator	09/21/2022
Laguna	Pila	Ulango	396	Ana	Santos	Cruz	Male	31	EDUCATIONAL_ASSISTANCE	Medical Supplies	Crutches	DOH - Special initiative	07/10/2024
Laguna	Nagcarlan	Santo Domingo	749	Clara	Santos	Galang	Female	54	MEDICAL_SERVICES	Capital/Starter Kit	Level 1 support	DOH - Annual assistance	06/19/2021
Laguna	Victoria	Ulango	138	Janna	Cruz	Reyes	Male	39	KALAHI	Burial Assistance	Basic assistance	Provincial Government - Special initiative. Contact: local coordinator	04/01/2023
Laguna	San Pablo	Súcol	839	Juan	Carn	García	Female	47	DISASTER_RELIEF_ASSISTANCE	Alternative Learning System	Basic assistance	Local Government - Pilot program. Contact: main branch	01/27/2022
Laguna	Calauan	Maunong	878	Janna	Cruz	Cruz	Male	40	EDUCATIONAL_ASSISTANCE	Tutorial Sessions	Enhanced support	Local Government - Special initiative. Contact: local coordinator	03/19/2024
Laguna	Pagsanjan	Real	823	Janna	López	Reyes	Male	22	OTHER_PROGRAM	Capital/Starter Kit	Basic assistance	Caritas - Emergency response. Contact: regional office	06/23/2024
Laguna	Victoria	San Ildefonso	129	Pedro	Gómez	Galang	Female	46	KALAHI	Cash for Training	Basic assistance	DA - Annual assistance. Contact: regional office	05/16/2022
Laguna	San Pedro	San Andrés	49	María	García	López	Male	76	OTHER_CAPABILITY_BUILDING_SUPPORT	Job Fair	Basic assistance	DA - Emergency response. Contact: local coordinator	04/29/2024
Laguna	Bay	Parian	676	James	Carn	Galang	Female	47	PWD_ASSISTANCE	Financial	"PHP 2,000"	UNICEF - Special initiative. Contact: main branch	06/23/2021
Laguna	Magdalena	Santo Domingo	789	Ana	García	Cruz	Female	35	SUPPLEMENTAL_FEEDING	Values Formation	1-day seminar	DSWD - Regular program	08/16/2022
Laguna	Los Baños	Makiling	293	Juan	Gómez	Gómez	Male	63	PWD_ASSISTANCE	Insurance	Standard package	DOLE - Regular program. Contact: local coordinator	06/21/2021
Laguna	Famy	Palo-Alto	628	Janna	Reyes	Cruz	Male	67	AICS	Medical Assistance	Crutches	DSWD - Special initiative. Contact: main branch	08/16/2023
Laguna	Santa Cruz	Palma	536	Ana	López	López	Female	78	KALAHI	"Non-Food Items (Hygiene Kits, Clothes, Household Items)"	Enhanced support	UNICEF - Pilot program. Contact: regional office	11/07/2022
Laguna	Pagsanjan	Looc	311	Janna	Carn	Cruz	Female	69	AICS	Cash for Work	Enhanced support	DA - Annual assistance. Contact: regional office	03/20/2023
Laguna	Lumban	Zapote	537	Miguel	Cruz	Santos	Female	18	DISASTER_RELIEF_ASSISTANCE	Surgical Procedures	"PHP 3,000"	Community Organization - Emergency response. Contact: main branch	09/15/2022
Laguna	Luisiana	Makiling	903	Pedro	Cruz	García	Male	56	DISASTER_RELIEF_ASSISTANCE	Skills Training	Cooking	Community Organization - Annual assistance. Contact: regional office	12/20/2022
Laguna	Calamba	San Benito (Palita)	639	James	Carn	Reyes	Male	78	DISASTER_RELIEF_ASSISTANCE	Food Assistance	Food Pack	Caritas - Annual assistance. Contact: main branch	12/04/2021
Laguna	Calauan	San Benito (Palita)	234	Pedro	Pérez	López	Female	34	OTHER_PROGRAM	Capital/Starter Kit	Basic assistance	DSWD - Pilot program. Contact: regional office	12/05/2024
Laguna	Santa Cruz	Calo	209	Ana	Cruz	Galang	Male	20	LIVELIHOOD_ASSISTANCE	Vaccination	Level 1 support	Anonymous Donor - Special initiative. Contact: main branch	12/30/2023
Laguna	Pila	Palingon	605	Juan	Gómez	Galang	Male	59	SUPPLEMENTAL_FEEDING	Consultation/Medical Check-Up	"PHP 5,000"	DepEd - Regular program. Contact: main branch	01/27/2024
Laguna	Cabuyao	Turbina	94	Janna	Gómez	García	Male	24	LIVELIHOOD_ASSISTANCE	Skills Training	Sewing	DSWD - Emergency response. Contact: regional office	07/26/2023
Laguna	Pagsanjan	Palo-Alto	327	James	Pérez	Cruz	Female	44	EDUCATIONAL_ASSISTANCE	Honorarium	Enhanced support	Private Donor - Special initiative. Contact: main branch	03/21/2025
Laguna	Pakil	Calo	225	Miguel	Carn	Cruz	Female	45	EDUCATIONAL_ASSISTANCE	Activity Involvement/Advocacy	Standard package	Local Government - Special initiative. Contact: regional office	04/23/2024
Laguna	Alaminos	Paciano Rizal	967	Pedro	Santos	Galang	Male	61	PWD_ASSISTANCE	Mental Health Support	Enhanced support	UNICEF - Pilot program	12/07/2024
Laguna	Pakil	Zapote	890	Miguel	Cruz	García	Male	71	SUPPLEMENTAL_FEEDING	GAD Trainings	2-day workshop	DSWD - Emergency response	01/13/2022
Laguna	Nagcarlan	San Agustín (Antipolo)	792	Ana	Pérez	Galang	Female	48	PWD_ASSISTANCE	Scholarship Grants	Standard package	UNICEF - Annual assistance. Contact: local coordinator	11/02/2023
Laguna	Luisiana	Santo Tomás (Calabuso)	11	Pedro	Carn	Cruz	Male	32	SUPPLEMENTAL_FEEDING	GAD Trainings	Week-long training	Provincial Government - Special initiative. Contact: main branch	12/03/2024
Laguna	Magdalena	Saimsim	329	Janna	Carn	López	Female	72	KALAHI	Voucher	Standard package	DepEd - Emergency response. Contact: local coordinator	02/22/2022
Laguna	Alaminos	Parian	12	Janna	Pérez	Reyes	Female	70	KALAHI	Mental Health Support	Standard package	Community Organization - Regular program. Contact: main branch	11/27/2021
Laguna	Santa Cruz	Real	35	Miguel	Cruz	Cruz	Female	65	EDUCATIONAL_ASSISTANCE	Parent Effectiveness Trainings	Standard package	DA - Pilot program. Contact: regional office	09/10/2023
Laguna	Mabitac	San Isidro	447	Juan	Santos	López	Female	25	DISASTER_RELIEF_ASSISTANCE	Family Development Trainings	2-day workshop	DA - Annual assistance. Contact: main branch	10/07/2021
Laguna	Calauan	Santo Domingo	452	James	Cruz	Reyes	Female	23	DISASTER_RELIEF_ASSISTANCE	Agricultural and Fisheries	Enhanced support	DOH - Pilot program. Contact: regional office	02/13/2024
Laguna	Calamba	Santo Tomás (Calabuso)	740	María	Carn	Pérez	Female	45	SUPPLEMENTAL_FEEDING	Alternative Learning System	Standard package	DepEd - Emergency response. Contact: regional office	05/31/2023
Laguna	Victoria	Majada Labas	220	Pedro	Santos	Santos	Female	21	OTHER_PROGRAM	Financial	"PHP 1,500"	Anonymous Donor - Special initiative. Contact: regional office	05/18/2024
Laguna	Los Baños	Parian	441	Janna	Gómez	García	Male	47	LIVELIHOOD_ASSISTANCE	Family Development Trainings	Week-long training	Private Donor - Annual assistance. Contact: main branch	03/23/2022
Laguna	Cabuyao	Zapote	653	Ana	García	López	Female	60	SOCIAL_PENSION	Job Fair	Level 1 support	World Vision - Annual assistance. Contact: local coordinator	04/11/2023
Laguna	Lumban	Makiling	535	Pedro	Reyes	Santos	Male	34	KALAHI	Medical Assistance	Medical Kit	Private Donor - Special initiative. Contact: regional office	11/18/2024
Laguna	Los Baños	San Miguel	595	Juan	Cruz	Cruz	Male	51	KALAHI	Scholarship Grants	Enhanced support	DSWD - Pilot program. Contact: main branch	01/05/2023
Laguna	Biñan	Santo Domingo	229	Juan	López	Pérez	Male	77	LIVELIHOOD_ASSISTANCE	Technical Skills Training	Basic assistance	Private Donor - Pilot program. Contact: main branch	04/19/2024
Laguna	Alaminos	San Juan	935	Janna	Carn	García	Female	23	SLP	Transportation Allowance	Enhanced support	DSWD - Special initiative. Contact: main branch	01/28/2025
Laguna	Calauan	San José	344	Janna	Santos	López	Male	53	MEDICAL_SERVICES	Financial	"PHP 3,000"	Provincial Government - Emergency response. Contact: local coordinator	11/18/2023
Laguna	Paete	Real	80	Miguel	Pérez	Pérez	Female	52	SOCIAL_PENSION	Job Referral	Basic assistance	DOH - Annual assistance	07/12/2021
Laguna	San Pablo	Barangay IV (Poblacion)	353	Janna	Gómez	Gómez	Female	56	DISASTER_RELIEF_ASSISTANCE	Skills Training	Hairdressing	Caritas - Pilot program	03/24/2023
Laguna	Liliw	San Juan	396	Miguel	Pérez	Cruz	Male	56	PWD_ASSISTANCE	Mental Health Support	Enhanced support	Local Government - Special initiative. Contact: main branch	08/20/2023
Laguna	Calamba	San Cristóbal	290	Clara	Pérez	García	Male	33	KALAHI	Medical Assistance	"PHP 5,000"	Anonymous Donor - Annual assistance. Contact: regional office	07/03/2024
Laguna	Rizal	Sirang Lupa	455	María	Santos	Gómez	Male	19	SOCIAL_PENSION	Skills Training	Hairdressing	DOLE - Annual assistance. Contact: main branch	02/28/2022
Laguna	Liliw	Súcol	843	Janna	García	García	Male	25	DISASTER_RELIEF_ASSISTANCE	Surgical Procedures	Wheelchair	Red Cross - Regular program	12/07/2022
Laguna	Luisiana	Lingga	671	Pedro	Cruz	Cruz	Female	32	SOCIAL_PENSION	Parent Effectiveness Trainings	Level 1 support	Local Government - Annual assistance	04/01/2021
Laguna	Bay	San José	989	Pedro	López	Cruz	Male	44	SLP	Family Development Trainings	Week-long training	World Vision - Emergency response. Contact: main branch	10/10/2022
Laguna	Lumban	San Vicente	128	Miguel	Gómez	Pérez	Male	33	DISASTER_RELIEF_ASSISTANCE	Honorarium	Level 1 support	Local Government - Emergency response. Contact: main branch	03/06/2023
Laguna	Famy	Masaya	702	Clara	Pérez	Pérez	Male	18	MEDICAL_SERVICES	Voucher	Level 1 support	DOH - Special initiative. Contact: local coordinator	01/11/2023
Laguna	Bay	Milagrosa	909	Clara	Santos	López	Male	76	MEDICAL_SERVICES	Vaccination	Basic assistance	DepEd - Special initiative. Contact: main branch	05/25/2021
Laguna	Pakil	Uwisan	543	James	Pérez	García	Male	27	AICS	Equipment/School Materials	Tablet	World Vision - Emergency response. Contact: main branch	03/28/2022
Laguna	Alaminos	Santo Domingo	898	Ana	García	López	Female	24	KALAHI	Food Items	Food Pack	Community Organization - Pilot program. Contact: local coordinator	12/22/2024
Laguna	Calamba	Palingon	359	Janna	Carn	Pérez	Female	65	SUPPLEMENTAL_FEEDING	Parent Effectiveness Trainings	Level 1 support	Community Organization - Regular program. Contact: regional office	08/30/2021
Laguna	Kalayaan	Puting Lupa	527	Miguel	Pérez	García	Female	27	SLP	Vaccination	Basic assistance	Red Cross - Special initiative. Contact: main branch	02/18/2025
Laguna	Nagcarlan	San Miguel	313	Pedro	García	López	Male	29	DISASTER_RELIEF_ASSISTANCE	Honorarium	Enhanced support	Local Government - Emergency response. Contact: local coordinator	11/21/2023
Laguna	Kalayaan	Sirang Lupa	75	Clara	Cruz	Cruz	Male	34	EDUCATIONAL_ASSISTANCE	"Non-Food Items (Hygiene Kits, Clothes, Household Items)"	Basic assistance	Private Donor - Pilot program. Contact: regional office	02/12/2023
Laguna	Los Baños	Mapagong	546	Pedro	Gómez	Cruz	Female	62	SOCIAL_PENSION	Leadership Skills Training	Basic assistance	DA - Special initiative	12/20/2023
Laguna	Magdalena	Santo Tomás (Calabuso)	871	Pedro	Gómez	Gómez	Female	29	SLP	Tutorial Sessions	Enhanced support	DepEd - Emergency response	04/21/2022
Laguna	San Pablo	San Ildefonso	196	Clara	Pérez	Galang	Female	32	MEDICAL_SERVICES	Consultation/Medical Check-Up	"PHP 10,000"	DOLE - Regular program. Contact: local coordinator	04/11/2021
Laguna	Calauan	Mapagong	843	María	García	Pérez	Female	63	KALAHI	Insurance	Level 1 support	DSWD - Special initiative	03/21/2023
Laguna	Rizal	Makiling	29	Clara	Santos	López	Male	68	EDUCATIONAL_ASSISTANCE	Consultation/Medical Check-Up	Wheelchair	DA - Special initiative	03/02/2023
Laguna	Biñan	San José	706	Clara	Santos	Galang	Male	49	OTHER_PROGRAM	Job Referral	Standard package	Red Cross - Special initiative. Contact: regional office	09/25/2022
Laguna	Victoria	Santo Domingo	16	Ana	Reyes	Galang	Male	49	PWD_ASSISTANCE	Voucher	Standard package	DOH - Emergency response. Contact: regional office	05/27/2023
Laguna	Nagcarlan	Pansol	423	Miguel	García	Santos	Female	68	LIVELIHOOD_ASSISTANCE	Job Referral	Enhanced support	USAID - Annual assistance	08/12/2022
Laguna	Calamba	San Andrés	589	Miguel	Carn	García	Female	43	MEDICAL_SERVICES	Equipment/School Materials	Books	Provincial Government - Special initiative	09/30/2021
Laguna	Victoria	Turbina	805	Clara	Pérez	Reyes	Female	31	EDUCATIONAL_ASSISTANCE	Honorarium	Standard package	Caritas - Special initiative. Contact: local coordinator	06/01/2023
Laguna	Santa Rosa	San Miguel	593	Juan	López	Santos	Male	67	SOCIAL_PENSION	Consultation/Medical Check-Up	Medical Kit	Community Organization - Emergency response. Contact: main branch	02/10/2025
Laguna	Luisiana	Puting Lupa	405	Miguel	López	Pérez	Male	79	DISASTER_RELIEF_ASSISTANCE	Food Items	Rice (5kg)	Provincial Government - Pilot program. Contact: regional office	02/27/2021
Laguna	Paete	Makiling	940	Miguel	Cruz	Gómez	Female	43	MEDICAL_SERVICES	"Non-Food Items (Hygiene Kits, Clothes, Household Items)"	Basic assistance	UNICEF - Annual assistance	01/29/2023
Laguna	Mabitac	Majada Labas	636	Miguel	Reyes	García	Male	78	AICS	Food Items	Canned Goods (10 pcs)	Local Government - Emergency response	09/10/2023
Laguna	Pangil	Santa Rosa	531	Clara	García	Reyes	Female	22	KALAHI	Mental Health Support	Standard package	UNICEF - Pilot program. Contact: regional office	08/03/2023
Laguna	San Pablo	San José	967	Pedro	Carn	Galang	Female	69	SUPPLEMENTAL_FEEDING	Cash for Work	Enhanced support	Anonymous Donor - Emergency response. Contact: local coordinator	03/09/2025
Laguna	Los Baños	San Agustín (Antipolo)	614	Janna	Reyes	Gómez	Female	78	OTHER_CAPABILITY_BUILDING_SUPPORT	Food Assistance	Basic Groceries	DepEd - Special initiative. Contact: local coordinator	01/22/2022
Laguna	Kalayaan	Mayapa	904	Pedro	Santos	Reyes	Male	55	MEDICAL_SERVICES	Medical Supplies	Medical Kit	DOH - Annual assistance. Contact: regional office	01/24/2025
Laguna	Bay	Ulango	77	Ana	Cruz	Cruz	Female	67	SOCIAL_PENSION	Food Items	Food Pack	Caritas - Emergency response. Contact: main branch	02/14/2021
Laguna	Luisiana	Barangay IV (Poblacion)	229	Juan	Pérez	Pérez	Female	63	DISASTER_RELIEF_ASSISTANCE	Honorarium	Level 1 support	Private Donor - Pilot program. Contact: main branch	10/18/2021
Laguna	Biñan	Saimsim	962	Clara	Pérez	Gómez	Male	21	LIVELIHOOD_ASSISTANCE	Skills Training	Carpentry	DOLE - Pilot program. Contact: local coordinator	07/05/2024
Laguna	Biñan	Mayapa	297	María	Pérez	Cruz	Female	45	KALAHI	Insurance	Basic assistance	Red Cross - Special initiative	03/26/2023
Laguna	Alaminos	Santo Domingo	510	James	García	López	Female	72	SOCIAL_PENSION	Equipment/School Materials	Tablet	Red Cross - Regular program. Contact: main branch	06/23/2024
Laguna	Famy	Ulango	715	Clara	López	Gómez	Male	18	SUPPLEMENTAL_FEEDING	Activity Involvement/Advocacy	Level 1 support	Anonymous Donor - Annual assistance. Contact: local coordinator	08/28/2021
Laguna	Pila	Palo-Alto	984	Janna	Carn	Gómez	Female	30	SLP	Dental Services	Basic assistance	UNICEF - Emergency response. Contact: main branch	12/07/2024
Laguna	Santa Rosa	San Vicente	966	James	Pérez	García	Female	60	SOCIAL_PENSION	Equipment/School Materials	Laptop	World Vision - Special initiative. Contact: regional office	02/26/2024
Laguna	Siniloan	Casile	573	María	Pérez	Santos	Female	20	DISASTER_RELIEF_ASSISTANCE	Cash for Training	Standard package	UNICEF - Pilot program. Contact: main branch	10/03/2021
Laguna	Famy	Masili	538	Ana	Santos	Pérez	Male	66	AICS	Medical Assistance	Medical Kit	Community Organization - Pilot program. Contact: regional office	02/22/2022
Laguna	Los Baños	San Ildefonso	583	Ana	Gómez	Galang	Female	67	AICS	Leadership Skills Training	Level 1 support	Anonymous Donor - Special initiative. Contact: main branch	07/26/2021
Laguna	Kalayaan	Palingon	615	María	Reyes	Pérez	Female	42	PWD_ASSISTANCE	Financial	"PHP 1,500"	Caritas - Pilot program. Contact: local coordinator	04/25/2025
Laguna	Calamba	Santo Domingo	979	Pedro	Pérez	García	Female	59	DISASTER_RELIEF_ASSISTANCE	Leadership Skills Training	Basic assistance	Provincial Government - Special initiative. Contact: main branch	12/31/2021
Laguna	Mabitac	Palma	326	María	Cruz	Gómez	Male	33	AICS	Consultation/Medical Check-Up	Medical Kit	Private Donor - Emergency response. Contact: local coordinator	04/13/2023
Laguna	Santa Rosa	Palingon	363	Miguel	Reyes	Galang	Male	38	LIVELIHOOD_ASSISTANCE	Job Fair	Level 1 support	Community Organization - Regular program. Contact: local coordinator	10/01/2024
Laguna	Victoria	Parian	669	Miguel	López	Cruz	Male	30	SLP	Transportation Allowance	Enhanced support	Caritas - Pilot program. Contact: regional office	07/22/2022
Laguna	Biñan	Santo Tomás (Calabuso)	875	Clara	Reyes	Pérez	Female	69	KALAHI	Leadership Skills Training	Basic assistance	Red Cross - Emergency response. Contact: regional office	06/09/2021
Laguna	Pangil	Parian	359	Janna	Carn	Santos	Male	61	SLP	Food Items	Canned Goods (10 pcs)	UNICEF - Annual assistance. Contact: local coordinator	04/06/2021
Laguna	Calamba	Saimsim	706	Miguel	Santos	Santos	Female	53	KALAHI	Parent Effectiveness Trainings	Standard package	DA - Pilot program. Contact: regional office	03/01/2022
Laguna	Calamba	San José	787	Juan	García	Cruz	Male	25	SLP	Mental Health Support	Basic assistance	World Vision - Annual assistance. Contact: main branch	02/14/2024
Laguna	Pagsanjan	Parian	324	Clara	Carn	Reyes	Male	61	SLP	Food Assistance	Rice (5kg)	Anonymous Donor - Special initiative. Contact: main branch	05/20/2024
Laguna	Santa Maria	San Agustín (Antipolo)	698	Clara	López	Santos	Male	36	AICS	"Non-Food Items (Hygiene Kits, Clothes, Household Items)"	Basic assistance	Provincial Government - Special initiative. Contact: local coordinator	08/22/2022
Laguna	Mabitac	San José	326	Clara	Cruz	Reyes	Male	64	MEDICAL_SERVICES	Consultation/Medical Check-Up	Crutches	USAID - Special initiative	08/23/2024
Laguna	Santa Cruz	Santo Tomás (Calabuso)	625	James	López	Galang	Female	77	KALAHI	Values Formation	3-day conference	Red Cross - Regular program. Contact: regional office	09/25/2021
Laguna	Victoria	Majada Labas	825	James	López	Santos	Male	33	OTHER_PROGRAM	Cash for Work	Level 1 support	Community Organization - Special initiative. Contact: main branch	02/13/2021
Laguna	Cabuyao	Makiling	165	Ana	Reyes	López	Female	29	SLP	Surgical Procedures	Crutches	Provincial Government - Pilot program	08/18/2022
Laguna	San Pedro	Casile	573	Clara	Cruz	Gómez	Female	37	SUPPLEMENTAL_FEEDING	Job Referral	Enhanced support	Anonymous Donor - Special initiative. Contact: main branch	10/09/2023
Laguna	Lumban	Pansol	604	Pedro	Carn	Cruz	Female	35	PWD_ASSISTANCE	Insurance	Enhanced support	USAID - Annual assistance	01/21/2025
Laguna	Liliw	Looc	798	Miguel	López	Gómez	Male	71	SOCIAL_PENSION	Dental Services	Level 1 support	DepEd - Special initiative. Contact: regional office	02/04/2025
Laguna	San Pedro	Turbina	455	Ana	Carn	Gómez	Male	29	SUPPLEMENTAL_FEEDING	Activity Involvement/Advocacy	Enhanced support	Provincial Government - Special initiative. Contact: regional office	01/09/2021
Laguna	Paete	Paciano Rizal	969	Janna	Pérez	Pérez	Female	65	SOCIAL_PENSION	Parent Effectiveness Trainings	Enhanced support	Local Government - Regular program	10/31/2022
Laguna	Famy	San Benito (Palita)	153	María	Pérez	Reyes	Male	42	OTHER_CAPABILITY_BUILDING_SUPPORT	Food Assistance	Rice (5kg)	DepEd - Annual assistance. Contact: local coordinator	04/27/2024
Laguna	Famy	Masili	737	James	Pérez	López	Female	77	PWD_ASSISTANCE	Family Development Trainings	Week-long training	Local Government - Annual assistance. Contact: regional office	01/16/2022
Laguna	Cavinti	Paciano Rizal	127	Clara	García	Galang	Male	69	PWD_ASSISTANCE	Insurance	Level 1 support	Private Donor - Annual assistance. Contact: main branch	12/28/2022
Laguna	Famy	Palingon	193	Janna	Reyes	Galang	Male	28	OTHER_PROGRAM	Insurance	Basic assistance	Caritas - Annual assistance. Contact: local coordinator	04/25/2021
Laguna	Mabitac	Zapote	627	Ana	Carn	Santos	Female	39	MEDICAL_SERVICES	Food for Work	Basic assistance	World Vision - Special initiative. Contact: regional office	03/06/2025
Laguna	Pagsanjan	San Isidro	774	Ana	Pérez	Santos	Male	69	DISASTER_RELIEF_ASSISTANCE	Medical Supplies	Wheelchair	DOH - Special initiative. Contact: main branch	01/23/2022
Laguna	Siniloan	Barangay I (Poblacion)	530	James	Pérez	López	Female	63	SOCIAL_PENSION	Food for Work	Level 1 support	Local Government - Annual assistance. Contact: main branch	03/15/2022
Laguna	Calauan	Mapagong	10	Ana	Cruz	García	Female	51	SOCIAL_PENSION	Job Referral	Level 1 support	Anonymous Donor - Pilot program. Contact: regional office	06/29/2023
Laguna	Alaminos	San Roque	92	Pedro	López	García	Male	30	OTHER_CAPABILITY_BUILDING_SUPPORT	Alternative Learning System	Standard package	DepEd - Pilot program. Contact: regional office	04/25/2023
Laguna	Rizal	Palo-Alto	139	Ana	Pérez	Santos	Male	63	KALAHI	Mental Health Support	Basic assistance	Community Organization - Pilot program. Contact: regional office	09/04/2024
Laguna	Magdalena	San Vicente	481	Juan	García	García	Male	55	EDUCATIONAL_ASSISTANCE	Dental Services	Level 1 support	Anonymous Donor - Annual assistance. Contact: main branch	07/24/2023
Laguna	Alaminos	San José	449	Miguel	Cruz	Cruz	Female	29	KALAHI	Burial Assistance	Standard package	Anonymous Donor - Special initiative	05/26/2023
Laguna	San Pedro	San Isidro	333	María	Reyes	López	Male	56	PWD_ASSISTANCE	Equipment/School Materials	School Supplies Kit	Red Cross - Regular program. Contact: local coordinator	01/07/2025
Laguna	Nagcarlan	Calo	869	Ana	Gómez	Cruz	Male	53	PWD_ASSISTANCE	Activity Involvement/Advocacy	Standard package	USAID - Annual assistance. Contact: main branch	01/28/2021
Laguna	Alaminos	Mapagong	340	Miguel	Gómez	García	Male	45	OTHER_PROGRAM	Cash for Work	Level 1 support	DOLE - Emergency response. Contact: regional office	09/28/2022
Laguna	Magdalena	San Agustín (Antipolo)	961	Miguel	García	Santos	Male	44	OTHER_PROGRAM	Leadership Skills Training	Enhanced support	Anonymous Donor - Annual assistance. Contact: main branch	11/22/2024
Laguna	Rizal	Looc	52	Juan	García	Gómez	Female	56	DISASTER_RELIEF_ASSISTANCE	Food for Work	Basic assistance	Community Organization - Regular program. Contact: regional office	03/18/2021
Laguna	Bay	San José	707	Janna	García	Gómez	Male	30	SOCIAL_PENSION	Activity Involvement/Advocacy	Enhanced support	Community Organization - Emergency response	08/10/2022
Laguna	Mabitac	Masili	466	Ana	López	Cruz	Female	60	PWD_ASSISTANCE	Dental Services	Level 1 support	DA - Special initiative	10/13/2024
Laguna	Pangil	Barangay II (Poblacion)	718	Pedro	Gómez	Galang	Male	57	OTHER_CAPABILITY_BUILDING_SUPPORT	Activity Involvement/Advocacy	Level 1 support	UNICEF - Annual assistance. Contact: main branch	04/24/2024
Laguna	Famy	Palo-Alto	799	Janna	Pérez	Pérez	Male	44	PWD_ASSISTANCE	Cash for Work	Basic assistance	Local Government - Emergency response. Contact: main branch	04/24/2025
Laguna	Famy	Casile	475	Miguel	Santos	Gómez	Male	68	SLP	Activity Involvement/Advocacy	Basic assistance	USAID - Emergency response. Contact: regional office	08/22/2021
Laguna	Pagsanjan	Parian	401	Miguel	García	Gómez	Female	48	OTHER_CAPABILITY_BUILDING_SUPPORT	Burial Assistance	Basic assistance	Private Donor - Pilot program	06/25/2024
Laguna	Cavinti	San José	439	Clara	Cruz	Santos	Female	19	SLP	Financial	"PHP 5,000"	Caritas - Annual assistance. Contact: regional office	11/23/2024
Laguna	Pagsanjan	San Vicente	878	Ana	Gómez	López	Male	70	MEDICAL_SERVICES	Equipment/School Materials	Books	DOH - Annual assistance. Contact: local coordinator	11/25/2021
Laguna	Calauan	Milagrosa	605	James	Cruz	Reyes	Female	35	MEDICAL_SERVICES	Consultation/Medical Check-Up	Crutches	DOLE - Emergency response	10/26/2023
Laguna	Calauan	Saimsim	932	Juan	Reyes	Reyes	Female	43	EDUCATIONAL_ASSISTANCE	Food Items	Rice (10kg)	Anonymous Donor - Regular program. Contact: main branch	12/14/2021
Laguna	Biñan	Súcol	997	Juan	Carn	Santos	Male	70	KALAHI	Equipment/School Materials	Books	USAID - Emergency response. Contact: regional office	11/23/2024
Laguna	Cavinti	San José	922	James	Carn	García	Male	59	OTHER_PROGRAM	Parent Effectiveness Trainings	Level 1 support	DOLE - Pilot program. Contact: local coordinator	07/06/2024
Laguna	Pagsanjan	San Miguel	821	María	Santos	Gómez	Male	48	SLP	"Non-Food Items (Hygiene Kits, Clothes, Household Items)"	Enhanced support	Local Government - Special initiative	01/27/2023
Laguna	Famy	Del Carmen	657	Miguel	López	Gómez	Male	78	DISASTER_RELIEF_ASSISTANCE	Cash for Training	Standard package	DOLE - Annual assistance	02/23/2022
Laguna	Liliw	Mapagong	598	Clara	Pérez	Cruz	Male	55	AICS	Mental Health Support	Basic assistance	USAID - Pilot program	01/26/2022
Laguna	Pakil	Mapagong	509	Pedro	López	Cruz	Male	73	AICS	Mental Health Support	Standard package	DA - Emergency response. Contact: local coordinator	08/13/2022
Laguna	Magdalena	Puting Lupa	153	Juan	Pérez	Santos	Female	39	SOCIAL_PENSION	Cash for Work	Level 1 support	DA - Emergency response	04/25/2021
Laguna	Magdalena	Puting Lupa	514	Janna	García	Galang	Male	53	PWD_ASSISTANCE	Burial Assistance	Standard package	Caritas - Regular program. Contact: local coordinator	01/04/2021
Laguna	Siniloan	Mayapa	503	Miguel	Gómez	López	Male	36	SOCIAL_PENSION	Food Items	Canned Goods (10 pcs)	DOLE - Emergency response. Contact: main branch	10/05/2022
Laguna	Alaminos	Masaya	854	Pedro	Pérez	García	Male	31	SUPPLEMENTAL_FEEDING	Burial Assistance	Basic assistance	Provincial Government - Pilot program. Contact: local coordinator	02/26/2024
Laguna	Pakil	San Isidro	901	Juan	Gómez	Gómez	Male	31	SLP	Family Development Trainings	3-day conference	Local Government - Annual assistance. Contact: local coordinator	01/09/2021
Laguna	Victoria	San Benito (Palita)	772	Clara	Santos	Galang	Female	67	PWD_ASSISTANCE	Burial Assistance	Level 1 support	Red Cross - Annual assistance. Contact: regional office	09/09/2024
Laguna	Cavinti	Timbao	676	María	Reyes	Santos	Female	46	AICS	Tutorial Sessions	Standard package	Caritas - Pilot program. Contact: local coordinator	04/28/2021
Laguna	Santa Maria	Súcol	6	Clara	Reyes	Santos	Female	34	SLP	Insurance	Level 1 support	World Vision - Special initiative. Contact: regional office	01/30/2025
Laguna	Cabuyao	San Roque	500	Janna	Carn	Gómez	Male	67	AICS	"Non-Food Items (Hygiene Kits, Clothes, Household Items)"	Level 1 support	UNICEF - Emergency response	05/06/2023
Laguna	Siniloan	Uwisan	661	Clara	Reyes	Galang	Male	67	KALAHI	Mental Health Support	Level 1 support	Caritas - Emergency response. Contact: regional office	12/01/2022
Laguna	Calauan	San Andrés	717	Pedro	García	Reyes	Female	54	EDUCATIONAL_ASSISTANCE	Insurance	Basic assistance	Anonymous Donor - Pilot program	01/26/2025
Laguna	San Pedro	Parian	118	Miguel	Cruz	Santos	Female	26	AICS	Scholarship Grants	Standard package	DOLE - Regular program	07/21/2023
Laguna	Alaminos	San Miguel	485	Janna	Reyes	López	Male	18	OTHER_PROGRAM	Financial	"PHP 5,000"	DOLE - Annual assistance. Contact: regional office	05/05/2021
Laguna	Siniloan	San Ildefonso	601	Miguel	Santos	Pérez	Male	21	DISASTER_RELIEF_ASSISTANCE	Scholarship Grants	Standard package	UNICEF - Regular program. Contact: local coordinator	08/11/2021
Laguna	Calamba	Puting Lupa	666	James	García	García	Male	75	PWD_ASSISTANCE	Activity Involvement/Advocacy	Enhanced support	USAID - Annual assistance. Contact: regional office	11/24/2021
Laguna	Santa Maria	San Ildefonso	951	Ana	Reyes	Galang	Male	24	SOCIAL_PENSION	Surgical Procedures	Crutches	Community Organization - Regular program	10/14/2023
Laguna	Rizal	San Ildefonso	679	James	López	Reyes	Male	28	PWD_ASSISTANCE	"Non-Food Items (Hygiene Kits, Clothes, Household Items)"	Basic assistance	DA - Annual assistance. Contact: regional office	03/29/2023
Laguna	Alaminos	Pansol	468	Pedro	Pérez	Galang	Female	31	PWD_ASSISTANCE	Job Referral	Basic assistance	DepEd - Annual assistance	09/16/2021
Laguna	Victoria	San Benito (Palita)	161	Ana	Reyes	Reyes	Male	59	AICS	Family Development Trainings	2-day workshop	Community Organization - Pilot program	03/08/2021
Laguna	Cabuyao	San Miguel	270	James	López	Reyes	Female	36	AICS	Insurance	Standard package	DOH - Annual assistance. Contact: main branch	06/02/2023
Laguna	Pila	Masili	56	Ana	García	López	Male	57	SLP	Parent Effectiveness Trainings	Level 1 support	DOH - Pilot program. Contact: local coordinator	12/22/2023
Laguna	Bay	Masaya	228	Juan	Reyes	García	Female	20	SUPPLEMENTAL_FEEDING	Dental Services	Basic assistance	World Vision - Emergency response	08/30/2023
Laguna	Liliw	Parian	849	Clara	López	Santos	Female	25	OTHER_CAPABILITY_BUILDING_SUPPORT	Job Fair	Basic assistance	Caritas - Pilot program. Contact: local coordinator	03/30/2025
Laguna	Calamba	Santo Domingo	149	Janna	Cruz	Reyes	Female	46	EDUCATIONAL_ASSISTANCE	Food Items	Rice (5kg)	Local Government - Annual assistance. Contact: regional office	10/06/2021
Laguna	Santa Maria	Zapote	46	Ana	Gómez	Santos	Male	67	PWD_ASSISTANCE	Burial Assistance	Standard package	Anonymous Donor - Pilot program. Contact: regional office	02/21/2024
Laguna	Liliw	Lingga	144	Juan	Carn	García	Male	54	SUPPLEMENTAL_FEEDING	Burial Assistance	Basic assistance	Anonymous Donor - Pilot program. Contact: main branch	08/12/2022
Laguna	Alaminos	San Antonio	750	Clara	García	Santos	Male	69	PWD_ASSISTANCE	Agricultural and Fisheries	Enhanced support	Community Organization - Pilot program	09/29/2021
Laguna	Pila	San Roque	784	Clara	López	Gómez	Female	60	OTHER_PROGRAM	Technical Skills Training	Level 1 support	Anonymous Donor - Annual assistance. Contact: main branch	05/17/2022
Laguna	Calauan	San Benito (Palita)	632	María	Santos	López	Female	26	KALAHI	Job Referral	Level 1 support	World Vision - Special initiative. Contact: main branch	10/20/2022
Laguna	Lumban	San Juan	340	Miguel	Gómez	López	Male	36	SLP	Medical Assistance	Crutches	DA - Pilot program	07/16/2024
Laguna	Magdalena	Masaya	413	James	Reyes	Cruz	Female	29	AICS	Family Development Trainings	Week-long training	Anonymous Donor - Special initiative. Contact: main branch	06/12/2023
Laguna	Cabuyao	San Andrés	732	María	López	López	Female	44	SUPPLEMENTAL_FEEDING	Mental Health Support	Level 1 support	Provincial Government - Pilot program. Contact: main branch	07/22/2022
Laguna	Lumban	Saimsim	520	Miguel	Gómez	Reyes	Female	54	SLP	Food Items	Rice (5kg)	UNICEF - Regular program. Contact: regional office	08/06/2021
Laguna	San Pablo	Palo-Alto	344	Miguel	Pérez	García	Female	65	LIVELIHOOD_ASSISTANCE	Scholarship Grants	Basic assistance	DSWD - Emergency response. Contact: local coordinator	11/16/2022
Laguna	Pakil	Santa Rosa	387	Pedro	Gómez	López	Male	75	OTHER_PROGRAM	Honorarium	Standard package	Caritas - Pilot program. Contact: regional office	04/25/2025
Laguna	San Pablo	Barangay IV (Poblacion)	473	Juan	López	Galang	Female	42	SOCIAL_PENSION	Food for Work	Basic assistance	DepEd - Special initiative. Contact: main branch	06/08/2021
Laguna	Magdalena	Milagrosa	275	María	López	García	Male	62	SUPPLEMENTAL_FEEDING	Family Development Trainings	2-day workshop	Anonymous Donor - Regular program. Contact: main branch	12/26/2021
Laguna	Siniloan	Súcol	353	María	Pérez	Reyes	Female	55	MEDICAL_SERVICES	Scholarship Grants	Level 1 support	World Vision - Pilot program. Contact: regional office	01/28/2025
Laguna	Famy	San Roque	66	Miguel	Carn	García	Female	65	KALAHI	Food Items	Food Pack	USAID - Regular program	06/28/2022
Laguna	Calamba	San Juan	79	Clara	Gómez	López	Male	67	SOCIAL_PENSION	Parent Effectiveness Trainings	Standard package	DSWD - Special initiative	06/25/2024
Laguna	Siniloan	Pansol	598	Juan	Pérez	Galang	Female	34	LIVELIHOOD_ASSISTANCE	Leadership Skills Training	Standard package	DepEd - Pilot program. Contact: main branch	10/18/2021
Laguna	Magdalena	Barangay I (Poblacion)	636	Clara	Pérez	Cruz	Male	61	EDUCATIONAL_ASSISTANCE	"Non-Food Items (Hygiene Kits, Clothes, Household Items)"	Enhanced support	DSWD - Pilot program. Contact: main branch	02/05/2021
Laguna	Cabuyao	Timbao	202	Janna	Gómez	Reyes	Male	76	DISASTER_RELIEF_ASSISTANCE	Tutorial Sessions	Enhanced support	DSWD - Pilot program. Contact: regional office	09/06/2023
Laguna	Luisiana	Masili	978	Ana	Santos	Pérez	Male	50	AICS	Transportation Allowance	Standard package	Community Organization - Annual assistance	05/10/2023
Laguna	Lumban	Parian	662	Pedro	Pérez	Gómez	Male	56	DISASTER_RELIEF_ASSISTANCE	Consultation/Medical Check-Up	"PHP 5,000"	Local Government - Regular program	03/07/2021
Laguna	Bay	San Benito (Palita)	558	Pedro	Santos	Reyes	Male	31	AICS	Activity Involvement/Advocacy	Standard package	Private Donor - Special initiative. Contact: regional office	03/08/2023
Laguna	Santa Maria	San Cristóbal	113	James	Cruz	García	Male	45	DISASTER_RELIEF_ASSISTANCE	Food Assistance	Basic Groceries	DOLE - Regular program. Contact: local coordinator	12/21/2024
Laguna	Pagsanjan	San Miguel	91	Clara	Gómez	Pérez	Male	35	EDUCATIONAL_ASSISTANCE	Equipment/School Materials	Books	UNICEF - Annual assistance	06/06/2021
Laguna	Pagsanjan	Turbina	141	Ana	Pérez	Pérez	Female	72	LIVELIHOOD_ASSISTANCE	Parent Effectiveness Trainings	Enhanced support	DOLE - Emergency response. Contact: local coordinator	05/01/2021
Laguna	Cabuyao	Palingon	289	Miguel	Carn	Santos	Male	50	LIVELIHOOD_ASSISTANCE	Alternative Learning System	Enhanced support	DA - Special initiative. Contact: local coordinator	07/11/2021
Laguna	Cabuyao	Barangay III (Poblacion)	901	James	Pérez	Pérez	Female	69	MEDICAL_SERVICES	"Non-Food Items (Hygiene Kits, Clothes, Household Items)"	Basic assistance	Community Organization - Annual assistance	02/08/2025
Laguna	Santa Cruz	Santa Rosa	730	Pedro	López	Santos	Female	59	OTHER_PROGRAM	Technical Skills Training	Basic assistance	Anonymous Donor - Annual assistance	10/09/2024
Laguna	Los Baños	San Benito (Palita)	589	Ana	García	Gómez	Female	32	MEDICAL_SERVICES	GAD Trainings	Week-long training	DepEd - Annual assistance	04/16/2025
Laguna	Santa Maria	Zapote	411	María	Carn	Pérez	Male	78	AICS	Cash for Training	Standard package	Community Organization - Pilot program. Contact: regional office	12/23/2021
Laguna	Calamba	San Gregorio	377	Janna	Pérez	Galang	Male	28	SUPPLEMENTAL_FEEDING	Food for Work	Standard package	Provincial Government - Emergency response. Contact: local coordinator	06/15/2022
Laguna	Pakil	Mapagong	384	Miguel	Carn	Cruz	Female	53	LIVELIHOOD_ASSISTANCE	Job Fair	Enhanced support	DOH - Pilot program	04/25/2022
Laguna	Los Baños	Barangay I (Poblacion)	846	María	Gómez	Cruz	Male	32	AICS	Honorarium	Level 1 support	Anonymous Donor - Special initiative. Contact: regional office	03/08/2023
Laguna	Victoria	Pansol	152	Janna	Santos	Pérez	Female	70	MEDICAL_SERVICES	Agricultural and Fisheries	Standard package	UNICEF - Emergency response. Contact: main branch	01/02/2024
Laguna	Liliw	Santo Tomás (Calabuso)	835	Miguel	Cruz	García	Female	79	LIVELIHOOD_ASSISTANCE	Parent Effectiveness Trainings	Level 1 support	Caritas - Regular program. Contact: main branch	11/15/2024
Laguna	Famy	Timbao	751	Clara	Cruz	García	Female	65	AICS	Voucher	Basic assistance	USAID - Emergency response. Contact: main branch	08/12/2023
Laguna	Calauan	San Benito (Palita)	627	Juan	Gómez	Santos	Male	47	OTHER_CAPABILITY_BUILDING_SUPPORT	Insurance	Standard package	Red Cross - Pilot program. Contact: local coordinator	01/05/2024
Laguna	Calauan	Masili	319	James	Gómez	López	Female	75	EDUCATIONAL_ASSISTANCE	Values Formation	2-day workshop	Community Organization - Annual assistance. Contact: regional office	07/07/2021
Laguna	Famy	Palo-Alto	369	James	Carn	Cruz	Male	32	LIVELIHOOD_ASSISTANCE	Family Development Trainings	1-day seminar	UNICEF - Emergency response. Contact: main branch	09/23/2024
Laguna	Rizal	Palo-Alto	606	Juan	Gómez	López	Female	66	OTHER_CAPABILITY_BUILDING_SUPPORT	Vaccination	Standard package	Private Donor - Regular program	04/21/2022
Laguna	Magdalena	Looc	995	Ana	Carn	Cruz	Male	40	MEDICAL_SERVICES	Agricultural and Fisheries	Basic assistance	DOLE - Annual assistance. Contact: regional office	08/22/2024
Laguna	Santa Cruz	Makiling	560	Juan	Gómez	López	Female	60	SOCIAL_PENSION	Alternative Learning System	Basic assistance	DOH - Pilot program. Contact: main branch	07/06/2023
Laguna	Mabitac	Palma	703	Clara	Pérez	López	Male	67	AICS	Parent Effectiveness Trainings	Level 1 support	Provincial Government - Pilot program. Contact: main branch	10/11/2022
Laguna	Los Baños	Looc	462	Pedro	Gómez	Cruz	Female	77	OTHER_CAPABILITY_BUILDING_SUPPORT	Insurance	Enhanced support	World Vision - Emergency response. Contact: main branch	06/11/2021
Laguna	Luisiana	Palma	12	Juan	Reyes	Gómez	Male	65	EDUCATIONAL_ASSISTANCE	Tutorial Sessions	Enhanced support	Caritas - Annual assistance	03/13/2023
Laguna	Santa Cruz	San Cristóbal	156	Janna	López	Galang	Male	76	DISASTER_RELIEF_ASSISTANCE	Technical Skills Training	Basic assistance	DOLE - Pilot program. Contact: regional office	02/16/2021
Laguna	Lumban	Mayapa	684	Pedro	Santos	Galang	Male	32	DISASTER_RELIEF_ASSISTANCE	Dental Services	Level 1 support	USAID - Special initiative	01/24/2021
Laguna	Famy	San Juan	477	Juan	López	García	Female	46	PWD_ASSISTANCE	Food Items	Canned Goods (10 pcs)	DA - Special initiative. Contact: regional office	09/21/2024
Laguna	Victoria	San Isidro	939	James	García	López	Female	28	EDUCATIONAL_ASSISTANCE	Alternative Learning System	Level 1 support	Anonymous Donor - Emergency response. Contact: local coordinator	07/31/2024
Laguna	Paete	Masili	401	María	García	López	Female	62	PWD_ASSISTANCE	Insurance	Level 1 support	UNICEF - Annual assistance. Contact: local coordinator	06/23/2021
Laguna	San Pedro	Palo-Alto	808	Janna	Cruz	Gómez	Male	35	PWD_ASSISTANCE	Family Development Trainings	3-day conference	Local Government - Emergency response. Contact: regional office	08/23/2024
Laguna	Alaminos	Santo Tomás (Calabuso)	177	Clara	Santos	López	Male	57	PWD_ASSISTANCE	GAD Trainings	3-day conference	Private Donor - Special initiative. Contact: main branch	05/29/2023
Laguna	Magdalena	Santo Tomás (Calabuso)	341	Janna	López	Gómez	Female	48	SUPPLEMENTAL_FEEDING	Agricultural and Fisheries	Level 1 support	DOLE - Emergency response	02/13/2023
Laguna	Famy	Barangay III (Poblacion)	57	Miguel	Cruz	López	Female	26	LIVELIHOOD_ASSISTANCE	Transportation Allowance	Enhanced support	DOH - Emergency response. Contact: main branch	08/18/2021
Laguna	Santa Rosa	San Gregorio	855	Ana	García	López	Male	39	KALAHI	Activity Involvement/Advocacy	Level 1 support	DA - Annual assistance	12/04/2022
Laguna	Los Baños	Masili	852	María	Carn	Gómez	Female	28	LIVELIHOOD_ASSISTANCE	Alternative Learning System	Standard package	USAID - Regular program	04/28/2021
Laguna	Luisiana	Milagrosa	448	Janna	Santos	Santos	Male	34	DISASTER_RELIEF_ASSISTANCE	Agricultural and Fisheries	Basic assistance	DSWD - Regular program. Contact: regional office	02/22/2021
Laguna	Luisiana	Casile	203	Miguel	Santos	Reyes	Male	50	AICS	Family Development Trainings	3-day conference	Red Cross - Regular program. Contact: local coordinator	04/30/2024
Laguna	Cabuyao	Palma	697	Juan	Gómez	López	Male	79	OTHER_PROGRAM	Surgical Procedures	"PHP 10,000"	World Vision - Pilot program. Contact: regional office	08/06/2023
Laguna	Majayjay	San Andrés	633	Janna	Gómez	Santos	Female	28	EDUCATIONAL_ASSISTANCE	Burial Assistance	Enhanced support	DepEd - Annual assistance	07/26/2022
Laguna	Cabuyao	Turbina	738	Janna	López	Galang	Male	56	OTHER_PROGRAM	Insurance	Basic assistance	Local Government - Pilot program. Contact: local coordinator	06/07/2022
Laguna	Calamba	Mapagong	202	Janna	Gómez	López	Female	25	MEDICAL_SERVICES	Activity Involvement/Advocacy	Basic assistance	World Vision - Annual assistance	02/11/2023
Laguna	San Pablo	Majada Labas	330	Ana	Gómez	Galang	Male	68	AICS	Medical Supplies	Medical Kit	USAID - Annual assistance. Contact: main branch	02/21/2023
Laguna	Calamba	Barangay II (Poblacion)	363	Janna	Pérez	García	Female	74	SLP	GAD Trainings	3-day conference	DOLE - Pilot program. Contact: local coordinator	03/10/2024
Laguna	Famy	Timbao	892	Janna	Reyes	Reyes	Female	21	PWD_ASSISTANCE	GAD Trainings	3-day conference	Local Government - Annual assistance	10/17/2022
Laguna	Liliw	Punta	454	Ana	López	Cruz	Male	53	OTHER_CAPABILITY_BUILDING_SUPPORT	Tutorial Sessions	Enhanced support	Anonymous Donor - Regular program	04/23/2021
Laguna	Nagcarlan	Mapagong	356	Miguel	Gómez	Reyes	Male	36	SUPPLEMENTAL_FEEDING	Agricultural and Fisheries	Level 1 support	Community Organization - Annual assistance	07/11/2024
Laguna	Santa Rosa	San Antonio	216	Pedro	Carn	López	Male	41	OTHER_CAPABILITY_BUILDING_SUPPORT	Transportation Allowance	Enhanced support	DepEd - Pilot program. Contact: regional office	02/23/2025
Laguna	Santa Cruz	Santo Domingo	972	María	Pérez	López	Male	58	OTHER_CAPABILITY_BUILDING_SUPPORT	Insurance	Enhanced support	World Vision - Emergency response. Contact: local coordinator	09/29/2024
Laguna	Kalayaan	Pansol	555	Miguel	Pérez	Gómez	Female	66	OTHER_PROGRAM	Skills Training	Carpentry	Red Cross - Regular program	03/27/2025
Laguna	Pila	San Isidro	887	Clara	Pérez	Reyes	Female	35	SOCIAL_PENSION	Surgical Procedures	Crutches	Red Cross - Regular program. Contact: regional office	04/09/2021
Laguna	Pagsanjan	Barangay I (Poblacion)	23	Pedro	Carn	Reyes	Female	50	SLP	Cash for Work	Enhanced support	DOLE - Special initiative. Contact: regional office	04/18/2022
Laguna	Siniloan	San Benito (Palita)	155	James	Cruz	García	Female	63	SUPPLEMENTAL_FEEDING	Medical Assistance	Crutches	Local Government - Regular program	11/13/2023
Laguna	Mabitac	San Cristóbal	186	Ana	Santos	Pérez	Female	53	MEDICAL_SERVICES	Cash for Training	Basic assistance	USAID - Regular program. Contact: main branch	08/27/2021
Laguna	Famy	Puting Lupa	249	Ana	Cruz	Galang	Male	27	KALAHI	Tutorial Sessions	Level 1 support	USAID - Special initiative. Contact: regional office	09/13/2022
Laguna	Kalayaan	Ulango	749	Janna	Carn	Gómez	Male	72	SUPPLEMENTAL_FEEDING	Insurance	Basic assistance	Caritas - Emergency response. Contact: local coordinator	07/10/2024
Laguna	Pila	Turbina	805	Janna	Reyes	Cruz	Female	31	PWD_ASSISTANCE	Food Assistance	Rice (5kg)	Community Organization - Emergency response. Contact: main branch	09/10/2024
Laguna	Los Baños	Santo Domingo	134	Clara	Santos	Gómez	Male	24	PWD_ASSISTANCE	Financial	"PHP 3,000"	Local Government - Regular program. Contact: local coordinator	11/03/2022
Laguna	Rizal	San Benito (Palita)	321	James	Carn	Pérez	Male	29	PWD_ASSISTANCE	Transportation Allowance	Standard package	Local Government - Annual assistance. Contact: local coordinator	01/22/2022
Laguna	Alaminos	San Miguel	390	Janna	Reyes	Reyes	Male	39	KALAHI	Agricultural and Fisheries	Basic assistance	DOLE - Regular program. Contact: local coordinator	08/29/2022
Laguna	Mabitac	Paciano Rizal	434	Juan	López	Cruz	Male	78	AICS	Capital/Starter Kit	Enhanced support	Caritas - Pilot program. Contact: regional office	05/02/2021
Laguna	Calamba	Maunong	22	Janna	García	Reyes	Male	44	SLP	Job Referral	Level 1 support	Anonymous Donor - Regular program	08/16/2024
Laguna	Pangil	Del Carmen	873	Janna	Pérez	Gómez	Male	65	SOCIAL_PENSION	Financial	"PHP 5,000"	UNICEF - Pilot program. Contact: local coordinator	07/17/2022
Laguna	Santa Cruz	San Ildefonso	600	Juan	Gómez	Galang	Female	54	KALAHI	Surgical Procedures	Medical Kit	Caritas - Regular program	11/13/2021
Laguna	Mabitac	San Benito (Palita)	665	James	Carn	Cruz	Male	28	SLP	Mental Health Support	Enhanced support	World Vision - Annual assistance. Contact: main branch	01/20/2021
Laguna	Cabuyao	San Miguel	125	Juan	García	Pérez	Male	53	AICS	Activity Involvement/Advocacy	Enhanced support	Local Government - Regular program. Contact: regional office	06/26/2022
Laguna	Pila	San Vicente	79	Ana	Cruz	Santos	Female	77	PWD_ASSISTANCE	Agricultural and Fisheries	Level 1 support	DOH - Special initiative. Contact: regional office	08/16/2024
Laguna	Rizal	Santo Tomás (Calabuso)	858	Juan	García	Galang	Female	30	MEDICAL_SERVICES	Medical Assistance	Wheelchair	DOLE - Regular program. Contact: local coordinator	02/02/2025
Laguna	San Pedro	Ulango	968	María	Carn	Pérez	Female	49	PWD_ASSISTANCE	Values Formation	Week-long training	DOLE - Pilot program. Contact: regional office	01/15/2024
Laguna	Alaminos	Lingga	51	Ana	García	Cruz	Male	79	AICS	Surgical Procedures	Medical Kit	Private Donor - Annual assistance. Contact: main branch	02/09/2022
Laguna	Pila	San Cristóbal	728	Janna	Pérez	Reyes	Female	25	SUPPLEMENTAL_FEEDING	Technical Skills Training	Level 1 support	Caritas - Pilot program. Contact: regional office	09/05/2023
Laguna	Rizal	San José	176	Clara	Santos	Pérez	Male	24	OTHER_CAPABILITY_BUILDING_SUPPORT	Skills Training	Hairdressing	DA - Special initiative. Contact: main branch	11/24/2022
Laguna	Pagsanjan	San José	870	Ana	Carn	Reyes	Female	60	SUPPLEMENTAL_FEEDING	Agricultural and Fisheries	Level 1 support	DOLE - Annual assistance. Contact: regional office	04/22/2021
Laguna	Famy	Santo Tomás (Calabuso)	253	James	Reyes	Galang	Male	60	PWD_ASSISTANCE	Vaccination	Standard package	Caritas - Emergency response. Contact: regional office	03/08/2024
Laguna	Magdalena	Santo Tomás (Calabuso)	966	James	García	Galang	Male	75	DISASTER_RELIEF_ASSISTANCE	Surgical Procedures	"PHP 5,000"	Private Donor - Pilot program	10/31/2023
Laguna	Pangil	Zapote	246	Juan	Santos	Pérez	Female	34	KALAHI	Food Assistance	Food Pack	DepEd - Emergency response. Contact: main branch	08/07/2024
Laguna	Magdalena	Sirang Lupa	739	Ana	Pérez	Reyes	Male	39	SUPPLEMENTAL_FEEDING	Leadership Skills Training	Level 1 support	DOH - Pilot program. Contact: main branch	01/14/2022
Laguna	Kalayaan	San Benito (Palita)	106	Janna	Cruz	Cruz	Male	63	LIVELIHOOD_ASSISTANCE	Burial Assistance	Level 1 support	DOLE - Pilot program. Contact: main branch	07/29/2023
Laguna	Pangil	Pansol	193	James	Cruz	Pérez	Male	51	KALAHI	Capital/Starter Kit	Standard package	USAID - Pilot program. Contact: local coordinator	08/26/2021
Laguna	Kalayaan	Palingon	316	Pedro	Pérez	Santos	Male	37	OTHER_CAPABILITY_BUILDING_SUPPORT	Activity Involvement/Advocacy	Enhanced support	DSWD - Regular program. Contact: main branch	10/06/2022
Laguna	Liliw	Turbina	302	Janna	García	Gómez	Female	70	LIVELIHOOD_ASSISTANCE	Activity Involvement/Advocacy	Standard package	DSWD - Emergency response. Contact: regional office	11/26/2021
Laguna	Pakil	Looc	548	Pedro	Cruz	García	Female	25	OTHER_CAPABILITY_BUILDING_SUPPORT	Agricultural and Fisheries	Standard package	DA - Emergency response. Contact: local coordinator	07/04/2021
Laguna	San Pedro	Timbao	954	María	Reyes	Galang	Female	39	SOCIAL_PENSION	Honorarium	Standard package	Private Donor - Annual assistance. Contact: main branch	12/19/2024
Laguna	Pangil	San Juan	716	Pedro	Carn	Reyes	Male	44	KALAHI	Medical Supplies	Wheelchair	USAID - Annual assistance	09/08/2024
Laguna	Santa Cruz	Calo	934	Miguel	Santos	Cruz	Female	51	LIVELIHOOD_ASSISTANCE	Food Items	Canned Goods (10 pcs)	DSWD - Annual assistance. Contact: local coordinator	04/27/2022
Laguna	Kalayaan	San Roque	779	James	López	Galang	Female	38	SUPPLEMENTAL_FEEDING	GAD Trainings	Week-long training	Anonymous Donor - Regular program. Contact: main branch	08/24/2022
Laguna	Biñan	San Miguel	268	Juan	García	Cruz	Male	32	OTHER_CAPABILITY_BUILDING_SUPPORT	Values Formation	3-day conference	DOLE - Pilot program. Contact: main branch	10/13/2024
Laguna	Pakil	Makiling	170	María	Cruz	Galang	Female	22	SOCIAL_PENSION	Consultation/Medical Check-Up	Crutches	Caritas - Annual assistance. Contact: regional office	12/28/2021
Laguna	San Pedro	Pansol	551	Ana	Carn	Reyes	Female	55	OTHER_PROGRAM	Cash for Work	Standard package	Anonymous Donor - Pilot program	11/26/2023
Laguna	Santa Cruz	San Benito (Palita)	455	Janna	López	Cruz	Female	34	DISASTER_RELIEF_ASSISTANCE	Leadership Skills Training	Level 1 support	Caritas - Pilot program	05/31/2022
Laguna	Los Baños	Masili	651	James	Reyes	Reyes	Male	25	SLP	Vaccination	Basic assistance	DOH - Emergency response. Contact: regional office	11/26/2021
Laguna	Calauan	Ulango	292	María	Cruz	Cruz	Female	36	EDUCATIONAL_ASSISTANCE	Transportation Allowance	Standard package	Community Organization - Annual assistance. Contact: regional office	09/26/2021
Laguna	Bay	Majada Labas	564	María	Cruz	Galang	Female	22	SOCIAL_PENSION	GAD Trainings	Week-long training	Private Donor - Regular program	12/30/2023
Laguna	Cavinti	San José	799	Miguel	Santos	García	Female	40	SUPPLEMENTAL_FEEDING	Job Referral	Basic assistance	DepEd - Pilot program. Contact: regional office	03/23/2025
Laguna	Paete	Makiling	801	James	Reyes	Gómez	Male	36	KALAHI	Agricultural and Fisheries	Level 1 support	Anonymous Donor - Annual assistance. Contact: local coordinator	08/13/2023
Laguna	Santa Maria	San Roque	141	Ana	Reyes	Gómez	Male	31	SUPPLEMENTAL_FEEDING	Family Development Trainings	1-day seminar	Private Donor - Annual assistance. Contact: main branch	01/13/2022
Laguna	Bay	San Benito (Palita)	146	Ana	García	García	Female	27	DISASTER_RELIEF_ASSISTANCE	Burial Assistance	Enhanced support	DepEd - Pilot program. Contact: local coordinator	10/20/2021
Laguna	Santa Maria	Real	425	Juan	López	Gómez	Female	48	KALAHI	Food for Work	Level 1 support	DSWD - Emergency response. Contact: main branch	08/02/2024
Laguna	Nagcarlan	San Antonio	314	Clara	Santos	Pérez	Female	30	DISASTER_RELIEF_ASSISTANCE	Cash for Work	Level 1 support	Private Donor - Special initiative	12/26/2021
Laguna	Los Baños	Makiling	184	Pedro	García	Santos	Male	39	SOCIAL_PENSION	Technical Skills Training	Basic assistance	Community Organization - Annual assistance. Contact: main branch	06/08/2022
Laguna	Santa Maria	San Antonio	664	Ana	Santos	Santos	Male	54	PWD_ASSISTANCE	Cash for Training	Enhanced support	Anonymous Donor - Annual assistance. Contact: local coordinator	09/22/2024
Laguna	Luisiana	Súcol	713	Miguel	Reyes	Pérez	Female	56	DISASTER_RELIEF_ASSISTANCE	Surgical Procedures	Medical Kit	USAID - Annual assistance	09/16/2022
Laguna	Santa Maria	San Miguel	128	Juan	Santos	Pérez	Female	27	SLP	Capital/Starter Kit	Level 1 support	DepEd - Regular program. Contact: main branch	04/15/2025
Laguna	Pagsanjan	Parian	287	Pedro	Santos	López	Male	48	PWD_ASSISTANCE	Skills Training	Hairdressing	Caritas - Special initiative. Contact: local coordinator	11/26/2023
Laguna	Pila	Santa Rosa	823	María	Santos	Reyes	Male	60	OTHER_PROGRAM	Capital/Starter Kit	Basic assistance	Local Government - Emergency response. Contact: local coordinator	02/20/2025
Laguna	San Pablo	San Ildefonso	253	James	Gómez	Cruz	Female	52	SUPPLEMENTAL_FEEDING	Cash for Training	Level 1 support	Community Organization - Pilot program. Contact: regional office	11/03/2024
Laguna	San Pedro	Masaya	778	Ana	Carn	Santos	Male	30	SOCIAL_PENSION	Activity Involvement/Advocacy	Enhanced support	DA - Annual assistance. Contact: regional office	12/10/2021
Laguna	Cavinti	Casile	700	Juan	Carn	Galang	Female	47	DISASTER_RELIEF_ASSISTANCE	Surgical Procedures	"PHP 10,000"	UNICEF - Pilot program. Contact: main branch	06/07/2024
Laguna	Pakil	Saimsim	386	María	López	Pérez	Female	51	OTHER_PROGRAM	Leadership Skills Training	Level 1 support	Provincial Government - Emergency response. Contact: main branch	09/10/2022
Laguna	Calauan	Mapagong	230	Ana	López	Gómez	Male	53	SOCIAL_PENSION	Insurance	Basic assistance	Community Organization - Annual assistance. Contact: local coordinator	07/29/2022
Laguna	Pangil	San José	271	Janna	Pérez	García	Female	52	OTHER_CAPABILITY_BUILDING_SUPPORT	Capital/Starter Kit	Basic assistance	World Vision - Emergency response	02/01/2022
Laguna	San Pablo	Makiling	771	Clara	Reyes	Cruz	Female	64	EDUCATIONAL_ASSISTANCE	Medical Supplies	Medical Kit	Anonymous Donor - Emergency response	02/25/2022
Laguna	Alaminos	Maunong	811	María	Santos	López	Female	21	OTHER_CAPABILITY_BUILDING_SUPPORT	Activity Involvement/Advocacy	Standard package	Red Cross - Emergency response. Contact: regional office	10/23/2022
Laguna	Nagcarlan	Masaya	415	Miguel	Reyes	García	Female	72	AICS	Medical Assistance	"PHP 5,000"	Local Government - Special initiative	02/06/2022
Laguna	Siniloan	Sirang Lupa	198	Miguel	Carn	Gómez	Female	70	PWD_ASSISTANCE	Medical Supplies	Crutches	DA - Special initiative. Contact: regional office	02/20/2025
Laguna	Los Baños	Del Carmen	323	Ana	Gómez	Pérez	Female	21	SLP	GAD Trainings	3-day conference	DA - Emergency response. Contact: main branch	02/15/2021
Laguna	Pila	Saimsim	56	Miguel	Santos	Cruz	Female	79	AICS	Mental Health Support	Enhanced support	UNICEF - Emergency response. Contact: main branch	11/18/2022
Laguna	Santa Cruz	Milagrosa	831	María	García	Pérez	Male	64	MEDICAL_SERVICES	Vaccination	Level 1 support	World Vision - Annual assistance	06/03/2021
Laguna	Santa Rosa	San Agustín (Antipolo)	203	James	Carn	Santos	Male	23	OTHER_PROGRAM	Medical Supplies	Crutches	Private Donor - Special initiative. Contact: regional office	09/18/2021
Laguna	Paete	Mayapa	783	James	Carn	Santos	Female	72	PWD_ASSISTANCE	Cash for Training	Level 1 support	UNICEF - Pilot program. Contact: regional office	10/07/2022
Laguna	Pangil	San Juan	621	Clara	Carn	Reyes	Male	45	OTHER_PROGRAM	Surgical Procedures	"PHP 10,000"	Local Government - Annual assistance. Contact: main branch	10/14/2021
Laguna	Nagcarlan	Masaya	628	James	Pérez	Gómez	Female	47	OTHER_CAPABILITY_BUILDING_SUPPORT	Financial	"PHP 2,000"	Provincial Government - Emergency response. Contact: regional office	04/25/2023
Laguna	Cavinti	Masili	604	Pedro	Santos	López	Female	44	LIVELIHOOD_ASSISTANCE	Transportation Allowance	Standard package	USAID - Regular program	09/16/2024
Laguna	Nagcarlan	San Ildefonso	138	Janna	López	Cruz	Male	22	PWD_ASSISTANCE	GAD Trainings	Week-long training	DOLE - Special initiative	10/01/2022
Laguna	Pakil	San Andrés	422	James	Cruz	López	Female	61	SUPPLEMENTAL_FEEDING	"Non-Food Items (Hygiene Kits, Clothes, Household Items)"	Basic assistance	DOLE - Pilot program. Contact: main branch	12/06/2022
Laguna	Kalayaan	Maunong	815	Miguel	García	Galang	Female	56	OTHER_PROGRAM	Capital/Starter Kit	Enhanced support	Provincial Government - Special initiative. Contact: local coordinator	02/04/2025
Laguna	Nagcarlan	San Cristóbal	57	Janna	García	López	Male	52	SUPPLEMENTAL_FEEDING	Insurance	Level 1 support	DOLE - Pilot program. Contact: regional office	07/16/2024
Laguna	Pakil	San Gregorio	562	James	Reyes	Pérez	Male	56	LIVELIHOOD_ASSISTANCE	Technical Skills Training	Standard package	USAID - Emergency response	06/06/2021
Laguna	Pila	Santo Tomás (Calabuso)	71	Pedro	Santos	Pérez	Male	61	DISASTER_RELIEF_ASSISTANCE	Financial	"PHP 5,000"	Local Government - Special initiative. Contact: regional office	09/06/2022
Laguna	Pila	Santo Tomás (Calabuso)	911	Miguel	López	Santos	Male	32	OTHER_PROGRAM	Financial	"PHP 1,500"	DSWD - Emergency response. Contact: main branch	03/05/2022
Laguna	Santa Rosa	Lingga	914	María	Carn	Reyes	Male	36	AICS	Surgical Procedures	"PHP 5,000"	World Vision - Emergency response	09/09/2023
Laguna	Siniloan	San Andrés	594	Ana	Cruz	Gómez	Male	47	OTHER_PROGRAM	"Non-Food Items (Hygiene Kits, Clothes, Household Items)"	Basic assistance	Anonymous Donor - Special initiative	05/02/2023
Laguna	Famy	Del Carmen	372	Ana	Santos	Pérez	Female	55	KALAHI	"Non-Food Items (Hygiene Kits, Clothes, Household Items)"	Level 1 support	DOH - Regular program. Contact: local coordinator	06/29/2024
Laguna	Nagcarlan	Real	617	James	Santos	Santos	Male	49	DISASTER_RELIEF_ASSISTANCE	Cash for Work	Enhanced support	DOH - Regular program	09/24/2021
Laguna	Cavinti	Parian	600	Ana	Pérez	García	Male	57	OTHER_CAPABILITY_BUILDING_SUPPORT	Food for Work	Enhanced support	DA - Annual assistance. Contact: local coordinator	02/28/2021
Laguna	Alaminos	Puting Lupa	514	James	López	Santos	Female	46	SOCIAL_PENSION	Financial	"PHP 2,000"	Provincial Government - Pilot program	09/09/2022
Laguna	Lumban	Uwisan	872	James	Cruz	Cruz	Female	23	SLP	Medical Assistance	"PHP 5,000"	Provincial Government - Emergency response. Contact: local coordinator	06/20/2021
Laguna	Victoria	San Agustín (Antipolo)	84	Miguel	Carn	Gómez	Male	43	AICS	GAD Trainings	2-day workshop	USAID - Special initiative	09/04/2024
Laguna	Rizal	Pansol	994	Clara	Santos	Reyes	Female	44	AICS	Job Fair	Enhanced support	DOLE - Pilot program	10/19/2022
Laguna	Pagsanjan	Real	43	Juan	García	Pérez	Female	52	LIVELIHOOD_ASSISTANCE	Vaccination	Enhanced support	DepEd - Emergency response. Contact: regional office	04/17/2023
Laguna	Santa Maria	Mapagong	666	Juan	Gómez	Cruz	Female	45	OTHER_CAPABILITY_BUILDING_SUPPORT	Voucher	Standard package	DA - Annual assistance. Contact: regional office	10/21/2023
Laguna	San Pablo	San Miguel	839	Clara	García	Galang	Female	22	AICS	GAD Trainings	3-day conference	Red Cross - Regular program. Contact: main branch	04/02/2023
Laguna	Pagsanjan	Maunong	934	Juan	Cruz	Galang	Female	58	EDUCATIONAL_ASSISTANCE	Consultation/Medical Check-Up	"PHP 3,000"	UNICEF - Emergency response	01/04/2023
Laguna	Victoria	Masili	606	Janna	Gómez	Santos	Female	73	SUPPLEMENTAL_FEEDING	GAD Trainings	1-day seminar	DOH - Regular program	02/02/2022
Laguna	Victoria	Majada Labas	810	Juan	Carn	Reyes	Female	65	PWD_ASSISTANCE	Job Fair	Basic assistance	Private Donor - Special initiative. Contact: regional office	11/05/2023
Laguna	Siniloan	San Antonio	133	James	Cruz	López	Male	71	EDUCATIONAL_ASSISTANCE	Honorarium	Enhanced support	Private Donor - Special initiative. Contact: regional office	08/27/2023
Laguna	Nagcarlan	San Antonio	395	Pedro	Santos	Reyes	Female	33	SOCIAL_PENSION	"Non-Food Items (Hygiene Kits, Clothes, Household Items)"	Level 1 support	Local Government - Annual assistance. Contact: local coordinator	04/07/2022
Laguna	Lumban	Parian	65	Pedro	Pérez	Reyes	Male	58	OTHER_PROGRAM	Medical Assistance	"PHP 3,000"	DOLE - Special initiative. Contact: main branch	05/18/2021
Laguna	Siniloan	San José	290	María	Pérez	Reyes	Female	35	KALAHI	Honorarium	Standard package	DOH - Emergency response. Contact: local coordinator	02/01/2023
Laguna	Victoria	Barangay III (Poblacion)	376	Miguel	García	Santos	Female	30	KALAHI	Technical Skills Training	Basic assistance	DSWD - Annual assistance. Contact: main branch	05/30/2021
Laguna	Majayjay	San Isidro	769	Juan	Pérez	Cruz	Male	60	OTHER_CAPABILITY_BUILDING_SUPPORT	Mental Health Support	Basic assistance	Caritas - Emergency response. Contact: local coordinator	05/13/2023
Laguna	Famy	Ulango	467	Pedro	Reyes	Santos	Female	42	MEDICAL_SERVICES	"Non-Food Items (Hygiene Kits, Clothes, Household Items)"	Basic assistance	DA - Special initiative. Contact: main branch	02/20/2023
Laguna	Pagsanjan	Palo-Alto	898	Juan	Cruz	López	Female	27	KALAHI	Voucher	Enhanced support	UNICEF - Regular program. Contact: main branch	08/16/2022
Laguna	Paete	Palingon	213	Miguel	Pérez	Cruz	Male	46	MEDICAL_SERVICES	Leadership Skills Training	Level 1 support	DOH - Annual assistance	10/27/2021
Laguna	Alaminos	San Cristóbal	148	María	Reyes	López	Female	27	SLP	Leadership Skills Training	Standard package	Caritas - Regular program. Contact: main branch	12/17/2024
Laguna	Mabitac	Uwisan	573	Pedro	Reyes	García	Female	23	EDUCATIONAL_ASSISTANCE	Transportation Allowance	Enhanced support	DepEd - Special initiative. Contact: regional office	12/13/2024
Laguna	Pagsanjan	Santo Tomás (Calabuso)	471	James	López	García	Male	33	AICS	Parent Effectiveness Trainings	Standard package	Red Cross - Regular program. Contact: regional office	01/29/2023
Laguna	Magdalena	Punta	149	Janna	García	Gómez	Male	42	OTHER_PROGRAM	Technical Skills Training	Enhanced support	DOH - Pilot program. Contact: local coordinator	06/04/2023
Laguna	Paete	Turbina	88	Clara	Cruz	Pérez	Female	61	OTHER_CAPABILITY_BUILDING_SUPPORT	Tutorial Sessions	Basic assistance	Private Donor - Special initiative. Contact: main branch	05/01/2024
Laguna	Bay	Milagrosa	324	Clara	Reyes	Pérez	Male	21	KALAHI	GAD Trainings	2-day workshop	Red Cross - Emergency response	07/30/2024
Laguna	Pila	Uwisan	895	Clara	Santos	Cruz	Female	54	DISASTER_RELIEF_ASSISTANCE	Vaccination	Level 1 support	Community Organization - Emergency response. Contact: regional office	07/01/2024
Laguna	Santa Rosa	San Agustín (Antipolo)	396	Juan	Pérez	Santos	Female	51	OTHER_PROGRAM	Technical Skills Training	Level 1 support	DOLE - Special initiative. Contact: regional office	05/19/2022
Laguna	Nagcarlan	San Vicente	790	Pedro	López	López	Male	36	SLP	Honorarium	Enhanced support	UNICEF - Special initiative. Contact: main branch	08/29/2024
Laguna	Paete	Turbina	404	Miguel	Carn	López	Male	50	KALAHI	Parent Effectiveness Trainings	Basic assistance	DSWD - Emergency response. Contact: regional office	07/25/2024
Laguna	Victoria	San Antonio	82	Miguel	Pérez	Pérez	Male	21	SLP	Food Items	Food Pack	DA - Annual assistance. Contact: regional office	03/13/2023
Laguna	Calauan	Uwisan	641	Pedro	Pérez	Pérez	Male	61	PWD_ASSISTANCE	Agricultural and Fisheries	Standard package	Provincial Government - Pilot program. Contact: local coordinator	03/29/2023
Laguna	Pagsanjan	Calo	286	María	Pérez	Galang	Female	51	KALAHI	Parent Effectiveness Trainings	Level 1 support	Anonymous Donor - Special initiative. Contact: main branch	11/06/2021
Laguna	Cabuyao	Parian	382	James	López	López	Male	29	LIVELIHOOD_ASSISTANCE	Equipment/School Materials	Tablet	Provincial Government - Pilot program. Contact: local coordinator	04/24/2024
Laguna	Alaminos	Santa Rosa	865	Ana	Carn	Santos	Male	48	OTHER_CAPABILITY_BUILDING_SUPPORT	Consultation/Medical Check-Up	"PHP 3,000"	Private Donor - Special initiative. Contact: main branch	06/01/2024
Laguna	Famy	Pansol	792	Pedro	García	Galang	Female	33	OTHER_PROGRAM	Insurance	Standard package	Anonymous Donor - Emergency response. Contact: local coordinator	07/28/2022
Laguna	Siniloan	Looc	270	Janna	Cruz	Santos	Female	19	OTHER_CAPABILITY_BUILDING_SUPPORT	Consultation/Medical Check-Up	Wheelchair	DOLE - Special initiative. Contact: regional office	12/16/2024
Laguna	Rizal	San Miguel	292	María	Cruz	Reyes	Female	66	DISASTER_RELIEF_ASSISTANCE	Tutorial Sessions	Basic assistance	Caritas - Annual assistance. Contact: local coordinator	08/19/2022
Laguna	Cavinti	Barangay III (Poblacion)	453	Pedro	Carn	López	Female	75	AICS	Job Referral	Basic assistance	DSWD - Pilot program. Contact: main branch	01/27/2021
Laguna	Biñan	Santa Rosa	715	Pedro	Gómez	Reyes	Female	77	SOCIAL_PENSION	Surgical Procedures	"PHP 3,000"	DOH - Emergency response	01/16/2022
Laguna	Liliw	Palo-Alto	24	María	Pérez	García	Female	19	LIVELIHOOD_ASSISTANCE	Insurance	Basic assistance	DA - Special initiative. Contact: main branch	09/05/2024
Laguna	Liliw	Looc	956	María	Santos	García	Female	53	LIVELIHOOD_ASSISTANCE	Capital/Starter Kit	Standard package	UNICEF - Regular program. Contact: main branch	05/11/2021
Laguna	Pagsanjan	Calo	863	Juan	Carn	Cruz	Female	23	KALAHI	Tutorial Sessions	Level 1 support	UNICEF - Special initiative. Contact: regional office	10/01/2022
Laguna	Mabitac	Palo-Alto	311	Pedro	Carn	López	Female	78	AICS	Capital/Starter Kit	Standard package	Provincial Government - Pilot program. Contact: local coordinator	10/17/2023
Laguna	Bay	Palingon	461	Ana	Cruz	Pérez	Male	77	PWD_ASSISTANCE	Tutorial Sessions	Basic assistance	Private Donor - Annual assistance. Contact: local coordinator	03/27/2025
Laguna	Santa Rosa	Uwisan	208	Janna	Reyes	Galang	Male	40	MEDICAL_SERVICES	Tutorial Sessions	Basic assistance	DOH - Annual assistance	07/27/2024
Laguna	Alaminos	Barangay I (Poblacion)	792	James	Santos	Reyes	Female	56	KALAHI	Capital/Starter Kit	Level 1 support	USAID - Annual assistance. Contact: main branch	10/12/2021
Laguna	Rizal	San Isidro	717	James	Cruz	Santos	Male	72	SOCIAL_PENSION	Vaccination	Basic assistance	DSWD - Annual assistance. Contact: local coordinator	05/05/2024
Laguna	Rizal	Zapote	664	Ana	López	López	Female	64	EDUCATIONAL_ASSISTANCE	Vaccination	Level 1 support	Local Government - Special initiative	01/07/2023
Laguna	Santa Rosa	Turbina	438	Miguel	Carn	Cruz	Female	69	EDUCATIONAL_ASSISTANCE	Leadership Skills Training	Level 1 support	Provincial Government - Pilot program. Contact: main branch	07/22/2024
Laguna	Paete	Real	538	María	Gómez	Santos	Female	61	SLP	Medical Assistance	Medical Kit	Private Donor - Annual assistance. Contact: regional office	12/28/2023
Laguna	Cavinti	Paciano Rizal	706	María	Reyes	Reyes	Female	54	SOCIAL_PENSION	Insurance	Enhanced support	Private Donor - Regular program. Contact: regional office	08/21/2021
Laguna	Siniloan	San Benito (Palita)	336	Miguel	Santos	López	Male	63	PWD_ASSISTANCE	Activity Involvement/Advocacy	Enhanced support	Provincial Government - Annual assistance	09/03/2022
Laguna	Famy	Masili	422	María	García	Pérez	Male	33	PWD_ASSISTANCE	Family Development Trainings	2-day workshop	UNICEF - Emergency response. Contact: regional office	08/10/2021
Laguna	Alaminos	San Miguel	750	Miguel	Santos	Reyes	Female	60	DISASTER_RELIEF_ASSISTANCE	"Non-Food Items (Hygiene Kits, Clothes, Household Items)"	Basic assistance	DOLE - Special initiative. Contact: regional office	03/29/2022
Laguna	San Pedro	Punta	321	Pedro	Santos	López	Male	61	SLP	Leadership Skills Training	Basic assistance	Community Organization - Pilot program	10/31/2021
Laguna	Rizal	Paciano Rizal	497	Miguel	Pérez	López	Male	36	SUPPLEMENTAL_FEEDING	Skills Training	Sewing	DA - Annual assistance	07/25/2023
Laguna	Biñan	San José	587	María	Carn	Reyes	Female	66	OTHER_PROGRAM	Surgical Procedures	"PHP 3,000"	DepEd - Pilot program. Contact: main branch	11/24/2024
Laguna	San Pablo	Santa Rosa	947	María	Carn	Reyes	Female	79	KALAHI	Transportation Allowance	Level 1 support	Community Organization - Regular program. Contact: local coordinator	09/05/2024
Laguna	Rizal	Milagrosa	163	Pedro	García	Santos	Male	41	PWD_ASSISTANCE	Transportation Allowance	Level 1 support	UNICEF - Regular program. Contact: regional office	09/21/2021
Laguna	Santa Maria	San José	811	Miguel	García	Cruz	Male	75	EDUCATIONAL_ASSISTANCE	Medical Supplies	"PHP 5,000"	Local Government - Emergency response	12/31/2021
Laguna	Siniloan	Parian	541	Pedro	García	Reyes	Female	44	AICS	Financial	"PHP 5,000"	DOLE - Emergency response. Contact: main branch	11/13/2024
Laguna	Famy	Looc	165	Ana	Cruz	García	Female	24	SLP	Parent Effectiveness Trainings	Enhanced support	Private Donor - Emergency response. Contact: main branch	01/12/2023
Laguna	Pila	Del Carmen	849	Juan	Cruz	Gómez	Male	47	EDUCATIONAL_ASSISTANCE	Mental Health Support	Standard package	Local Government - Special initiative. Contact: regional office	06/04/2024
Laguna	San Pedro	Puting Lupa	698	Pedro	Carn	Cruz	Female	58	KALAHI	Surgical Procedures	"PHP 10,000"	Private Donor - Annual assistance. Contact: local coordinator	04/01/2022
Laguna	Magdalena	San Roque	566	Janna	Carn	García	Female	31	SUPPLEMENTAL_FEEDING	Tutorial Sessions	Standard package	DA - Annual assistance. Contact: local coordinator	08/21/2024
Laguna	Calamba	Súcol	295	María	García	Santos	Female	75	SOCIAL_PENSION	Medical Supplies	Wheelchair	USAID - Emergency response. Contact: main branch	05/20/2022
Laguna	Biñan	Parian	42	Juan	Cruz	Reyes	Male	69	SUPPLEMENTAL_FEEDING	Tutorial Sessions	Standard package	DOH - Special initiative. Contact: regional office	11/24/2021
Laguna	Pagsanjan	Maunong	924	James	Reyes	Cruz	Male	61	OTHER_CAPABILITY_BUILDING_SUPPORT	Cash for Training	Level 1 support	DOLE - Emergency response. Contact: main branch	03/30/2023
Laguna	Alaminos	San Andrés	285	Ana	Cruz	Pérez	Female	32	OTHER_PROGRAM	Honorarium	Level 1 support	DOH - Special initiative	03/25/2025
Laguna	Santa Rosa	Santo Tomás (Calabuso)	939	Miguel	Carn	Reyes	Male	29	OTHER_CAPABILITY_BUILDING_SUPPORT	Burial Assistance	Enhanced support	DA - Annual assistance. Contact: local coordinator	09/05/2024
Laguna	Magdalena	San Vicente	387	Juan	Cruz	López	Female	70	DISASTER_RELIEF_ASSISTANCE	Values Formation	3-day conference	DepEd - Pilot program. Contact: regional office	01/06/2023
Laguna	Famy	San Juan	138	Pedro	Carn	Reyes	Male	70	PWD_ASSISTANCE	Parent Effectiveness Trainings	Basic assistance	Local Government - Special initiative	05/07/2022
Laguna	Bay	Ulango	187	María	García	Pérez	Male	46	DISASTER_RELIEF_ASSISTANCE	Insurance	Enhanced support	Community Organization - Annual assistance	04/06/2022
Laguna	Biñan	Barangay I (Poblacion)	910	María	Pérez	Cruz	Male	40	SUPPLEMENTAL_FEEDING	Vaccination	Enhanced support	USAID - Regular program. Contact: main branch	04/08/2025
Laguna	San Pablo	Palo-Alto	716	María	García	Reyes	Female	30	OTHER_CAPABILITY_BUILDING_SUPPORT	Agricultural and Fisheries	Basic assistance	DA - Pilot program	01/07/2025
Laguna	Mabitac	Saimsim	431	Juan	García	Reyes	Female	26	AICS	Vaccination	Standard package	DOH - Annual assistance. Contact: main branch	01/06/2025
Laguna	San Pablo	Lingga	554	María	Reyes	Galang	Female	41	KALAHI	Food Assistance	Basic Groceries	Anonymous Donor - Special initiative. Contact: main branch	06/04/2024
Laguna	Mabitac	Masaya	862	Pedro	Pérez	Galang	Male	56	OTHER_PROGRAM	Technical Skills Training	Standard package	UNICEF - Pilot program. Contact: main branch	07/20/2022
Laguna	Los Baños	Sirang Lupa	416	Miguel	Reyes	Cruz	Female	47	SLP	Insurance	Level 1 support	USAID - Regular program. Contact: regional office	03/31/2025
Laguna	Majayjay	San Juan	800	Juan	Carn	Cruz	Female	18	AICS	Medical Assistance	Crutches	Caritas - Annual assistance. Contact: regional office	03/31/2023
Laguna	Cabuyao	San Andrés	426	María	Santos	López	Female	77	SLP	Job Referral	Standard package	Local Government - Annual assistance. Contact: main branch	05/31/2022
Laguna	Pakil	Mapagong	416	James	López	López	Female	27	AICS	Consultation/Medical Check-Up	Medical Kit	World Vision - Annual assistance. Contact: regional office	02/22/2022
Laguna	Calamba	San Vicente	26	James	Reyes	Gómez	Male	78	AICS	Food Items	Food Pack	DepEd - Annual assistance. Contact: main branch	01/30/2024
Laguna	Pila	San Gregorio	371	Janna	Carn	Reyes	Female	55	SOCIAL_PENSION	Voucher	Enhanced support	Anonymous Donor - Annual assistance. Contact: regional office	02/12/2022
Laguna	Pangil	San Cristóbal	385	María	Pérez	García	Female	75	PWD_ASSISTANCE	Alternative Learning System	Basic assistance	USAID - Regular program. Contact: local coordinator	11/29/2024
Laguna	Mabitac	Timbao	56	María	Cruz	Cruz	Male	64	PWD_ASSISTANCE	Consultation/Medical Check-Up	Crutches	DOLE - Pilot program	02/28/2024
Laguna	Rizal	Mayapa	253	Juan	Pérez	Pérez	Female	32	OTHER_CAPABILITY_BUILDING_SUPPORT	Voucher	Enhanced support	USAID - Regular program. Contact: local coordinator	03/23/2025
Laguna	Majayjay	Palma	634	Juan	García	Reyes	Male	26	AICS	Parent Effectiveness Trainings	Level 1 support	Caritas - Pilot program. Contact: main branch	04/24/2023
Laguna	Paete	San Vicente	106	Clara	García	García	Male	30	LIVELIHOOD_ASSISTANCE	Tutorial Sessions	Level 1 support	Red Cross - Annual assistance. Contact: regional office	02/04/2021
Laguna	Cavinti	Puting Lupa	130	Miguel	García	Galang	Male	40	OTHER_PROGRAM	Leadership Skills Training	Standard package	Caritas - Pilot program	06/03/2021
Laguna	Liliw	Masaya	849	María	Carn	López	Female	50	LIVELIHOOD_ASSISTANCE	Family Development Trainings	2-day workshop	World Vision - Annual assistance. Contact: local coordinator	11/26/2024
Laguna	Cavinti	Zapote	670	Janna	García	Pérez	Male	26	DISASTER_RELIEF_ASSISTANCE	Consultation/Medical Check-Up	"PHP 5,000"	Anonymous Donor - Pilot program. Contact: local coordinator	12/24/2023
Laguna	Alaminos	Santo Domingo	376	Miguel	Reyes	Cruz	Male	20	OTHER_CAPABILITY_BUILDING_SUPPORT	Medical Assistance	Wheelchair	Caritas - Emergency response. Contact: regional office	06/09/2023
Laguna	Rizal	Parian	743	María	Cruz	Reyes	Male	47	OTHER_PROGRAM	Equipment/School Materials	School Supplies Kit	Caritas - Emergency response	07/22/2022
Laguna	Pangil	Casile	967	Miguel	García	Galang	Female	26	SUPPLEMENTAL_FEEDING	Financial	"PHP 3,000"	Local Government - Emergency response. Contact: local coordinator	08/17/2021
Laguna	Pagsanjan	Santa Rosa	308	Pedro	Carn	Gómez	Male	69	OTHER_CAPABILITY_BUILDING_SUPPORT	Food for Work	Level 1 support	USAID - Pilot program. Contact: main branch	09/03/2023
Laguna	Majayjay	Palma	91	Juan	Cruz	Santos	Male	42	DISASTER_RELIEF_ASSISTANCE	Job Referral	Basic assistance	DOH - Emergency response	09/28/2023
Laguna	Siniloan	San Vicente	393	María	García	Galang	Male	78	DISASTER_RELIEF_ASSISTANCE	Food for Work	Level 1 support	Provincial Government - Special initiative. Contact: regional office	06/30/2024
Laguna	Pagsanjan	Barangay II (Poblacion)	534	Miguel	Santos	Reyes	Female	64	DISASTER_RELIEF_ASSISTANCE	Scholarship Grants	Enhanced support	Red Cross - Regular program. Contact: regional office	02/20/2025
Laguna	Cabuyao	Palma	802	Juan	Gómez	Gómez	Male	41	LIVELIHOOD_ASSISTANCE	Job Fair	Level 1 support	DOLE - Emergency response. Contact: local coordinator	03/16/2023
Laguna	Siniloan	Lingga	110	María	García	López	Male	49	SLP	Burial Assistance	Enhanced support	DepEd - Regular program. Contact: main branch	07/18/2022
Laguna	Santa Rosa	San Juan	561	Ana	López	García	Female	24	SLP	Medical Assistance	Medical Kit	DOLE - Pilot program. Contact: main branch	07/04/2023
Laguna	Paete	Turbina	641	Juan	Pérez	Pérez	Female	53	PWD_ASSISTANCE	Food for Work	Standard package	DOLE - Regular program. Contact: main branch	01/15/2021
Laguna	Bay	San Ildefonso	585	Miguel	Reyes	Pérez	Female	42	OTHER_PROGRAM	Food Assistance	Food Pack	DepEd - Annual assistance. Contact: local coordinator	06/14/2023
Laguna	Alaminos	Milagrosa	340	Janna	Cruz	Santos	Male	37	SLP	Family Development Trainings	Week-long training	World Vision - Pilot program. Contact: regional office	05/04/2023
Laguna	Magdalena	San Andrés	565	Ana	Reyes	Pérez	Male	34	SUPPLEMENTAL_FEEDING	Voucher	Level 1 support	Anonymous Donor - Emergency response. Contact: main branch	12/06/2021
Laguna	Calamba	Punta	979	Pedro	Santos	Santos	Male	71	MEDICAL_SERVICES	Dental Services	Basic assistance	DepEd - Special initiative. Contact: regional office	12/29/2021
Laguna	Pakil	Saimsim	356	María	Santos	Gómez	Male	53	MEDICAL_SERVICES	Vaccination	Basic assistance	DOH - Annual assistance. Contact: regional office	06/29/2021
Laguna	Los Baños	Zapote	892	Clara	López	López	Female	43	AICS	Skills Training	Carpentry	Private Donor - Annual assistance. Contact: regional office	08/12/2022
Laguna	Liliw	Sirang Lupa	168	Pedro	Reyes	Santos	Male	36	SOCIAL_PENSION	Mental Health Support	Level 1 support	DSWD - Emergency response. Contact: local coordinator	08/03/2021
Laguna	Bay	Mayapa	557	Juan	Cruz	Cruz	Female	77	OTHER_CAPABILITY_BUILDING_SUPPORT	Cash for Work	Basic assistance	USAID - Emergency response	03/23/2024
Laguna	Biñan	San José	452	Ana	Santos	Reyes	Male	54	SOCIAL_PENSION	Food Assistance	Food Pack	DSWD - Emergency response. Contact: local coordinator	12/05/2023
Laguna	Rizal	Mapagong	905	Pedro	Gómez	Gómez	Male	65	KALAHI	Transportation Allowance	Enhanced support	DA - Regular program. Contact: regional office	12/18/2021
Laguna	Rizal	Ulango	105	Janna	Santos	Pérez	Male	20	MEDICAL_SERVICES	Food for Work	Standard package	Provincial Government - Pilot program. Contact: local coordinator	01/21/2021
Laguna	Luisiana	Santo Domingo	150	Clara	García	Santos	Female	60	MEDICAL_SERVICES	Financial	"PHP 2,000"	Provincial Government - Pilot program	09/16/2023
Laguna	Pakil	San Andrés	146	Juan	López	Galang	Female	74	KALAHI	Cash for Work	Standard package	DA - Regular program. Contact: regional office	07/19/2022
Laguna	Calamba	San José	716	Ana	Pérez	García	Female	45	EDUCATIONAL_ASSISTANCE	Cash for Work	Enhanced support	Provincial Government - Emergency response	10/31/2022
Laguna	Calamba	Barangay I (Poblacion)	874	Pedro	Carn	Reyes	Female	39	SUPPLEMENTAL_FEEDING	Financial	"PHP 3,000"	World Vision - Special initiative. Contact: main branch	08/02/2023
Laguna	Calauan	San José	299	Ana	Pérez	López	Male	64	EDUCATIONAL_ASSISTANCE	Alternative Learning System	Basic assistance	DOLE - Emergency response. Contact: main branch	01/04/2022
Laguna	Victoria	Súcol	167	Ana	Gómez	Pérez	Male	36	AICS	Values Formation	Week-long training	DA - Special initiative. Contact: main branch	10/21/2022
Laguna	Kalayaan	Súcol	713	Pedro	Pérez	Galang	Male	70	EDUCATIONAL_ASSISTANCE	Financial	"PHP 3,000"	Private Donor - Annual assistance. Contact: local coordinator	11/25/2022
Laguna	Bay	Del Carmen	646	James	Gómez	Cruz	Male	73	OTHER_CAPABILITY_BUILDING_SUPPORT	Food for Work	Level 1 support	Local Government - Annual assistance	01/07/2024
Laguna	Pangil	Timbao	723	María	Santos	Santos	Male	63	LIVELIHOOD_ASSISTANCE	"Non-Food Items (Hygiene Kits, Clothes, Household Items)"	Enhanced support	Private Donor - Emergency response. Contact: local coordinator	10/20/2023
Laguna	Luisiana	Calo	48	Miguel	Cruz	Galang	Female	33	KALAHI	Financial	"PHP 5,000"	UNICEF - Emergency response. Contact: regional office	02/17/2024
Laguna	Biñan	Makiling	638	Juan	Cruz	Reyes	Female	73	AICS	GAD Trainings	Week-long training	Red Cross - Annual assistance	12/25/2021
Laguna	Pakil	Palma	239	Juan	García	Pérez	Male	23	LIVELIHOOD_ASSISTANCE	Food for Work	Basic assistance	World Vision - Regular program. Contact: regional office	03/18/2025
Laguna	Santa Cruz	San Antonio	7	Clara	Gómez	Galang	Male	54	AICS	GAD Trainings	2-day workshop	Private Donor - Annual assistance. Contact: regional office	05/18/2022
Laguna	Pila	Timbao	464	Clara	Cruz	Cruz	Male	48	EDUCATIONAL_ASSISTANCE	Cash for Work	Basic assistance	Local Government - Regular program	02/01/2021
Laguna	Luisiana	Santo Domingo	453	Clara	García	García	Male	70	MEDICAL_SERVICES	Surgical Procedures	Medical Kit	DSWD - Regular program. Contact: local coordinator	12/24/2021
Laguna	San Pablo	Turbina	784	Juan	Santos	Gómez	Female	66	LIVELIHOOD_ASSISTANCE	Surgical Procedures	Wheelchair	Caritas - Annual assistance	03/03/2021
Laguna	Nagcarlan	San Isidro	897	Ana	Santos	Santos	Male	65	OTHER_PROGRAM	Technical Skills Training	Standard package	Anonymous Donor - Special initiative. Contact: local coordinator	01/26/2024
Laguna	Liliw	San Antonio	371	Clara	Pérez	Reyes	Male	51	AICS	Financial	"PHP 2,000"	DOH - Regular program. Contact: local coordinator	11/02/2024
Laguna	Victoria	Maunong	549	Pedro	Santos	Pérez	Male	48	SOCIAL_PENSION	Burial Assistance	Standard package	World Vision - Special initiative	02/28/2025
Laguna	San Pablo	Palo-Alto	487	María	Santos	Gómez	Male	77	PWD_ASSISTANCE	Job Fair	Basic assistance	USAID - Regular program. Contact: main branch	03/28/2022
Laguna	Santa Maria	San Ildefonso	211	Janna	Gómez	Santos	Female	28	OTHER_PROGRAM	Financial	"PHP 1,500"	Red Cross - Annual assistance. Contact: local coordinator	05/23/2024
Laguna	Mabitac	San José	165	Juan	Carn	Santos	Male	53	SLP	Activity Involvement/Advocacy	Standard package	Red Cross - Emergency response. Contact: regional office	01/13/2024
Laguna	Rizal	San Ildefonso	125	Pedro	López	López	Female	23	OTHER_PROGRAM	Agricultural and Fisheries	Basic assistance	UNICEF - Annual assistance. Contact: local coordinator	02/10/2022
Laguna	Nagcarlan	San José	337	María	Pérez	Santos	Female	44	DISASTER_RELIEF_ASSISTANCE	Parent Effectiveness Trainings	Enhanced support	UNICEF - Special initiative	10/03/2023
Laguna	Paete	Timbao	192	María	Pérez	Galang	Male	24	DISASTER_RELIEF_ASSISTANCE	Medical Supplies	Crutches	Provincial Government - Emergency response. Contact: regional office	02/05/2024
Laguna	Pagsanjan	San Antonio	730	James	López	Galang	Male	66	DISASTER_RELIEF_ASSISTANCE	Insurance	Enhanced support	DA - Pilot program. Contact: main branch	02/21/2025
Laguna	Nagcarlan	San Vicente	214	Miguel	Carn	Gómez	Male	49	SUPPLEMENTAL_FEEDING	Consultation/Medical Check-Up	Wheelchair	Caritas - Regular program. Contact: local coordinator	12/23/2021
Laguna	Mabitac	Barangay II (Poblacion)	574	Pedro	Santos	García	Male	25	MEDICAL_SERVICES	Technical Skills Training	Level 1 support	UNICEF - Emergency response	05/11/2021
Laguna	Kalayaan	Barangay III (Poblacion)	328	Juan	Cruz	Cruz	Male	77	SOCIAL_PENSION	Food Assistance	Rice (5kg)	Community Organization - Regular program	11/12/2023
Laguna	Famy	Turbina	957	Clara	García	Pérez	Female	50	PWD_ASSISTANCE	Agricultural and Fisheries	Standard package	DSWD - Special initiative. Contact: main branch	08/19/2022
Laguna	Bay	Real	381	Ana	Pérez	Gómez	Female	74	OTHER_CAPABILITY_BUILDING_SUPPORT	Surgical Procedures	Crutches	DepEd - Annual assistance. Contact: main branch	08/14/2021
Laguna	Lumban	Súcol	673	Clara	López	Pérez	Female	64	LIVELIHOOD_ASSISTANCE	Scholarship Grants	Standard package	World Vision - Annual assistance. Contact: local coordinator	02/04/2024
Laguna	San Pedro	Saimsim	578	María	Reyes	Gómez	Female	69	OTHER_PROGRAM	Skills Training	Sewing	Community Organization - Annual assistance. Contact: local coordinator	08/11/2023
Laguna	Cavinti	Sirang Lupa	798	María	García	Reyes	Female	61	SUPPLEMENTAL_FEEDING	Agricultural and Fisheries	Level 1 support	DSWD - Pilot program. Contact: main branch	01/29/2022
Laguna	Kalayaan	San José	239	Janna	Reyes	Galang	Male	32	LIVELIHOOD_ASSISTANCE	Skills Training	Sewing	USAID - Pilot program	05/21/2023
Laguna	Pila	Barangay I (Poblacion)	532	Clara	Reyes	Santos	Male	72	SUPPLEMENTAL_FEEDING	Cash for Training	Basic assistance	Caritas - Pilot program. Contact: local coordinator	01/30/2024
Laguna	Pila	Lingga	700	Miguel	Gómez	Cruz	Female	44	EDUCATIONAL_ASSISTANCE	Values Formation	3-day conference	Local Government - Annual assistance. Contact: regional office	03/17/2024
Laguna	Los Baños	San Roque	82	Miguel	Pérez	Gómez	Male	47	SUPPLEMENTAL_FEEDING	Food Assistance	Basic Groceries	Provincial Government - Emergency response. Contact: regional office	06/07/2024
Laguna	Mabitac	San Antonio	363	James	Santos	Reyes	Male	39	EDUCATIONAL_ASSISTANCE	Vaccination	Level 1 support	Community Organization - Emergency response. Contact: main branch	03/28/2021
Laguna	Cabuyao	Looc	505	Miguel	Gómez	Pérez	Female	64	EDUCATIONAL_ASSISTANCE	Burial Assistance	Standard package	Private Donor - Emergency response. Contact: main branch	06/07/2022
Laguna	Santa Cruz	Milagrosa	202	María	Reyes	Reyes	Female	46	OTHER_CAPABILITY_BUILDING_SUPPORT	Activity Involvement/Advocacy	Standard package	Community Organization - Pilot program. Contact: local coordinator	04/03/2021
Laguna	Santa Cruz	San Isidro	920	María	Santos	Reyes	Female	58	SLP	Transportation Allowance	Enhanced support	UNICEF - Annual assistance. Contact: main branch	03/15/2023
Laguna	Siniloan	Parian	504	Miguel	Carn	Pérez	Male	65	PWD_ASSISTANCE	Burial Assistance	Level 1 support	DA - Special initiative. Contact: main branch	06/02/2021
Laguna	Lumban	San José	644	Ana	Cruz	Reyes	Female	47	OTHER_CAPABILITY_BUILDING_SUPPORT	Transportation Allowance	Level 1 support	Provincial Government - Emergency response. Contact: local coordinator	12/17/2024
Laguna	Bay	Palma	37	Ana	Reyes	García	Female	19	SUPPLEMENTAL_FEEDING	Skills Training	Carpentry	Local Government - Emergency response. Contact: local coordinator	12/20/2021
Laguna	Rizal	Parian	644	Miguel	Pérez	Reyes	Male	32	MEDICAL_SERVICES	Job Referral	Level 1 support	USAID - Annual assistance. Contact: local coordinator	05/29/2023
Laguna	Calamba	Ulango	589	Janna	Cruz	Cruz	Male	64	EDUCATIONAL_ASSISTANCE	Job Referral	Basic assistance	DA - Pilot program	08/31/2022
Laguna	Los Baños	Casile	601	Pedro	Santos	Gómez	Female	44	SLP	Food Items	Canned Goods (10 pcs)	Community Organization - Annual assistance	09/10/2023
Laguna	Calauan	Timbao	973	Janna	Reyes	Galang	Male	24	SLP	"Non-Food Items (Hygiene Kits, Clothes, Household Items)"	Enhanced support	World Vision - Special initiative. Contact: main branch	07/06/2023
Laguna	Paete	Turbina	402	Janna	García	Cruz	Female	44	PWD_ASSISTANCE	"Non-Food Items (Hygiene Kits, Clothes, Household Items)"	Enhanced support	DOH - Regular program. Contact: main branch	07/04/2023
Laguna	Pangil	Santo Tomás (Calabuso)	765	Miguel	Gómez	Santos	Male	38	SUPPLEMENTAL_FEEDING	Honorarium	Level 1 support	UNICEF - Pilot program. Contact: regional office	02/13/2022
Laguna	Liliw	San Agustín (Antipolo)	856	Ana	Pérez	López	Female	30	OTHER_PROGRAM	Honorarium	Enhanced support	Local Government - Pilot program. Contact: local coordinator	01/16/2024
Laguna	Cabuyao	Barangay II (Poblacion)	706	Clara	Carn	García	Male	72	PWD_ASSISTANCE	Job Referral	Level 1 support	Provincial Government - Pilot program. Contact: main branch	07/30/2021
Laguna	Kalayaan	San Cristóbal	176	Clara	López	García	Male	34	OTHER_PROGRAM	Cash for Training	Enhanced support	DOLE - Pilot program	01/18/2022
Laguna	Calauan	Palingon	545	Miguel	Carn	Santos	Male	28	EDUCATIONAL_ASSISTANCE	Capital/Starter Kit	Basic assistance	DepEd - Pilot program. Contact: regional office	03/28/2025
Laguna	Bay	San Cristóbal	570	Clara	Gómez	Pérez	Female	76	LIVELIHOOD_ASSISTANCE	Consultation/Medical Check-Up	"PHP 5,000"	Provincial Government - Emergency response	05/21/2023
Laguna	Nagcarlan	Palo-Alto	467	Pedro	Reyes	Cruz	Female	27	SOCIAL_PENSION	Job Referral	Standard package	DA - Regular program. Contact: regional office	03/22/2024
Laguna	Calamba	Majada Labas	201	Ana	Gómez	Cruz	Female	74	EDUCATIONAL_ASSISTANCE	Parent Effectiveness Trainings	Basic assistance	DOH - Annual assistance. Contact: main branch	10/26/2023
Laguna	San Pedro	Barangay II (Poblacion)	540	Miguel	Pérez	Santos	Male	50	DISASTER_RELIEF_ASSISTANCE	Job Referral	Standard package	DepEd - Annual assistance. Contact: main branch	01/05/2024
Laguna	Calauan	Masaya	547	James	Carn	Pérez	Male	31	DISASTER_RELIEF_ASSISTANCE	Technical Skills Training	Level 1 support	Red Cross - Regular program. Contact: regional office	02/15/2022
Laguna	Santa Cruz	Súcol	999	Juan	López	López	Male	54	MEDICAL_SERVICES	Medical Supplies	"PHP 3,000"	Provincial Government - Special initiative	01/04/2021
Laguna	Luisiana	Calo	637	Juan	García	Reyes	Female	79	PWD_ASSISTANCE	Job Fair	Basic assistance	DSWD - Pilot program	10/27/2024
Laguna	Rizal	Del Carmen	394	Miguel	Cruz	Pérez	Male	25	SOCIAL_PENSION	Job Referral	Basic assistance	DOH - Annual assistance	01/12/2024
Laguna	Pangil	Parian	833	Miguel	Gómez	Gómez	Female	50	OTHER_PROGRAM	Transportation Allowance	Basic assistance	DepEd - Regular program. Contact: regional office	07/30/2023
Laguna	Liliw	Uwisan	42	James	García	Reyes	Female	24	AICS	Burial Assistance	Basic assistance	UNICEF - Annual assistance. Contact: regional office	03/07/2022
Laguna	Pila	Makiling	597	Clara	Carn	Gómez	Female	51	DISASTER_RELIEF_ASSISTANCE	Food for Work	Standard package	Private Donor - Regular program	02/04/2025
Laguna	Pangil	San Agustín (Antipolo)	393	Juan	López	Galang	Female	24	SOCIAL_PENSION	Medical Assistance	"PHP 5,000"	Anonymous Donor - Annual assistance. Contact: local coordinator	10/17/2024
Laguna	Santa Maria	Looc	700	Pedro	Cruz	Cruz	Female	24	MEDICAL_SERVICES	Food for Work	Standard package	Provincial Government - Annual assistance. Contact: regional office	02/16/2022
Laguna	San Pedro	Saimsim	623	Miguel	Pérez	Cruz	Male	58	SUPPLEMENTAL_FEEDING	Capital/Starter Kit	Level 1 support	Anonymous Donor - Pilot program. Contact: regional office	02/04/2021
Laguna	Calauan	San Andrés	783	Ana	López	Santos	Male	71	KALAHI	Insurance	Enhanced support	Red Cross - Annual assistance. Contact: regional office	06/19/2024
Laguna	Santa Maria	Pansol	995	Juan	García	Santos	Male	53	SOCIAL_PENSION	Alternative Learning System	Level 1 support	DOLE - Emergency response. Contact: local coordinator	06/27/2023
Laguna	Famy	Zapote	441	Pedro	Santos	Reyes	Male	72	SUPPLEMENTAL_FEEDING	Dental Services	Enhanced support	Provincial Government - Pilot program. Contact: regional office	03/21/2021
Laguna	Bay	San Benito (Palita)	837	Ana	Santos	Pérez	Male	24	PWD_ASSISTANCE	Food for Work	Basic assistance	Caritas - Annual assistance. Contact: regional office	03/16/2021
Laguna	Luisiana	Santo Tomás (Calabuso)	617	Miguel	Cruz	Cruz	Male	37	OTHER_CAPABILITY_BUILDING_SUPPORT	Family Development Trainings	1-day seminar	Caritas - Emergency response. Contact: main branch	03/22/2023
Laguna	Lumban	Looc	506	Pedro	Gómez	Cruz	Female	35	SUPPLEMENTAL_FEEDING	Vaccination	Standard package	Community Organization - Annual assistance. Contact: local coordinator	10/11/2021
Laguna	San Pedro	Makiling	918	James	Cruz	García	Male	62	PWD_ASSISTANCE	"Non-Food Items (Hygiene Kits, Clothes, Household Items)"	Standard package	DSWD - Regular program. Contact: local coordinator	12/28/2022
Laguna	Pangil	Masaya	320	Miguel	Cruz	Gómez	Female	60	EDUCATIONAL_ASSISTANCE	Transportation Allowance	Enhanced support	DA - Regular program. Contact: regional office	06/15/2024
Laguna	Cavinti	Pansol	553	Janna	Santos	Galang	Female	58	PWD_ASSISTANCE	Transportation Allowance	Enhanced support	DSWD - Emergency response	12/03/2021
Laguna	Liliw	Mapagong	215	James	García	Galang	Female	31	OTHER_PROGRAM	Job Fair	Standard package	Community Organization - Special initiative	04/04/2025
Laguna	Lumban	San Antonio	71	Juan	Gómez	Gómez	Female	57	KALAHI	Leadership Skills Training	Basic assistance	Private Donor - Annual assistance. Contact: regional office	08/09/2022
Laguna	Nagcarlan	Sirang Lupa	568	Ana	Cruz	Reyes	Female	70	SOCIAL_PENSION	Tutorial Sessions	Standard package	Private Donor - Emergency response	07/21/2022
Laguna	Santa Cruz	Mayapa	919	Pedro	Santos	López	Male	31	KALAHI	Insurance	Basic assistance	Red Cross - Annual assistance. Contact: regional office	03/24/2021
Laguna	Pangil	Mapagong	236	Juan	Cruz	Pérez	Male	38	LIVELIHOOD_ASSISTANCE	Leadership Skills Training	Basic assistance	Private Donor - Annual assistance. Contact: regional office	11/14/2021
Laguna	Santa Rosa	Timbao	281	Juan	Cruz	Cruz	Male	66	OTHER_CAPABILITY_BUILDING_SUPPORT	Cash for Training	Level 1 support	DOLE - Regular program. Contact: regional office	05/25/2023
Laguna	Victoria	San Andrés	987	Miguel	Gómez	García	Female	76	SLP	Activity Involvement/Advocacy	Level 1 support	Community Organization - Pilot program. Contact: regional office	11/10/2022
Laguna	Santa Cruz	Del Carmen	617	Janna	Gómez	Pérez	Male	74	SUPPLEMENTAL_FEEDING	Cash for Training	Enhanced support	Provincial Government - Annual assistance. Contact: local coordinator	08/13/2024
Laguna	Mabitac	San Isidro	902	Clara	López	Cruz	Male	44	OTHER_CAPABILITY_BUILDING_SUPPORT	Capital/Starter Kit	Basic assistance	Caritas - Pilot program. Contact: main branch	12/01/2022
Laguna	Bay	Parian	887	Juan	Cruz	Santos	Female	63	SOCIAL_PENSION	Food for Work	Standard package	Provincial Government - Pilot program. Contact: local coordinator	09/27/2024
Laguna	Santa Rosa	Palingon	162	Janna	Santos	Pérez	Female	43	SOCIAL_PENSION	Transportation Allowance	Basic assistance	Caritas - Emergency response. Contact: local coordinator	04/14/2023
Laguna	Pila	Sirang Lupa	191	Ana	García	Reyes	Male	44	SUPPLEMENTAL_FEEDING	Mental Health Support	Enhanced support	World Vision - Regular program. Contact: local coordinator	08/13/2023
Laguna	Los Baños	Del Carmen	9	Ana	Santos	Pérez	Female	41	MEDICAL_SERVICES	Financial	"PHP 5,000"	USAID - Regular program. Contact: local coordinator	12/18/2024
Laguna	Alaminos	Del Carmen	60	Pedro	Santos	López	Female	22	LIVELIHOOD_ASSISTANCE	Insurance	Enhanced support	Local Government - Pilot program. Contact: local coordinator	09/14/2023
Laguna	Pagsanjan	Puting Lupa	893	Clara	Cruz	Pérez	Female	59	SUPPLEMENTAL_FEEDING	Food Assistance	Canned Goods (10 pcs)	Red Cross - Emergency response. Contact: main branch	01/19/2021
Laguna	Pangil	Puting Lupa	817	Janna	López	Pérez	Male	55	AICS	GAD Trainings	Week-long training	Community Organization - Pilot program. Contact: regional office	03/25/2023
Laguna	Cabuyao	San Antonio	225	James	Reyes	Pérez	Female	45	OTHER_CAPABILITY_BUILDING_SUPPORT	Dental Services	Enhanced support	Red Cross - Regular program. Contact: regional office	01/04/2021
Laguna	Pagsanjan	San Ildefonso	819	Ana	Pérez	Galang	Female	59	AICS	Food for Work	Level 1 support	DA - Regular program. Contact: main branch	04/12/2022
Laguna	Santa Cruz	San Miguel	700	Miguel	Reyes	Cruz	Female	60	SLP	Job Referral	Enhanced support	Red Cross - Annual assistance. Contact: main branch	07/09/2021
Laguna	Siniloan	San Isidro	582	Clara	Reyes	López	Female	75	OTHER_CAPABILITY_BUILDING_SUPPORT	GAD Trainings	1-day seminar	Community Organization - Regular program. Contact: local coordinator	07/28/2024
Laguna	Pangil	Palo-Alto	805	Pedro	Santos	Gómez	Female	49	KALAHI	Cash for Training	Level 1 support	World Vision - Special initiative. Contact: main branch	03/04/2021
Laguna	Los Baños	Milagrosa	287	James	Cruz	Reyes	Male	41	EDUCATIONAL_ASSISTANCE	Skills Training	Hairdressing	Provincial Government - Pilot program. Contact: local coordinator	10/11/2023
Laguna	Famy	San Cristóbal	994	Ana	Gómez	Gómez	Male	23	OTHER_CAPABILITY_BUILDING_SUPPORT	Vaccination	Level 1 support	Anonymous Donor - Pilot program. Contact: regional office	07/01/2024
Laguna	Los Baños	San Juan	169	Ana	Pérez	Galang	Female	27	SOCIAL_PENSION	Capital/Starter Kit	Level 1 support	Provincial Government - Emergency response. Contact: regional office	10/23/2023
Laguna	Cabuyao	Santo Tomás (Calabuso)	62	Pedro	Reyes	Cruz	Female	63	PWD_ASSISTANCE	Alternative Learning System	Basic assistance	USAID - Emergency response	03/08/2021
Laguna	Nagcarlan	Sirang Lupa	349	Pedro	Carn	García	Male	69	AICS	Parent Effectiveness Trainings	Level 1 support	DOLE - Emergency response. Contact: main branch	05/28/2023
Laguna	Santa Maria	San Miguel	442	María	Carn	Reyes	Male	20	AICS	Voucher	Level 1 support	Private Donor - Special initiative	08/02/2024
Laguna	Cavinti	San Miguel	14	Miguel	Carn	Cruz	Female	24	DISASTER_RELIEF_ASSISTANCE	Capital/Starter Kit	Level 1 support	DOH - Regular program. Contact: local coordinator	05/12/2021
Laguna	Famy	Zapote	164	Juan	García	Galang	Female	46	OTHER_CAPABILITY_BUILDING_SUPPORT	Insurance	Basic assistance	Caritas - Regular program	12/08/2023
Laguna	Biñan	San Benito (Palita)	420	Juan	Cruz	Galang	Male	51	LIVELIHOOD_ASSISTANCE	Consultation/Medical Check-Up	Medical Kit	Red Cross - Annual assistance. Contact: main branch	08/28/2022
Laguna	Pila	San Miguel	757	James	Santos	García	Female	24	OTHER_PROGRAM	Scholarship Grants	Basic assistance	Local Government - Special initiative. Contact: regional office	07/30/2023
Laguna	Bay	Palo-Alto	847	Juan	Santos	Reyes	Female	34	AICS	Agricultural and Fisheries	Level 1 support	Red Cross - Pilot program. Contact: local coordinator	09/20/2023
Laguna	Rizal	San Miguel	520	James	Cruz	Reyes	Male	30	SLP	Technical Skills Training	Enhanced support	Provincial Government - Pilot program. Contact: regional office	12/07/2023
Laguna	Magdalena	Súcol	666	Clara	López	López	Male	75	OTHER_CAPABILITY_BUILDING_SUPPORT	Values Formation	1-day seminar	DepEd - Annual assistance. Contact: local coordinator	06/08/2024
Laguna	San Pablo	San Gregorio	548	Ana	Gómez	Cruz	Male	38	SOCIAL_PENSION	Scholarship Grants	Basic assistance	Local Government - Annual assistance. Contact: regional office	10/11/2021
Laguna	Pila	San Cristóbal	560	María	Pérez	López	Male	48	OTHER_PROGRAM	Insurance	Enhanced support	UNICEF - Regular program. Contact: main branch	07/03/2022
Laguna	Pila	Barangay III (Poblacion)	597	María	López	Galang	Female	26	MEDICAL_SERVICES	Values Formation	2-day workshop	Anonymous Donor - Annual assistance. Contact: main branch	11/18/2023
Laguna	Calamba	Milagrosa	28	Miguel	Gómez	Gómez	Female	62	PWD_ASSISTANCE	Leadership Skills Training	Level 1 support	Red Cross - Pilot program. Contact: local coordinator	12/05/2024
Laguna	San Pablo	San José	708	Miguel	García	Galang	Female	64	OTHER_CAPABILITY_BUILDING_SUPPORT	Medical Supplies	"PHP 5,000"	Red Cross - Annual assistance. Contact: local coordinator	02/05/2025
Laguna	Alaminos	San Gregorio	446	Ana	Cruz	Pérez	Female	30	EDUCATIONAL_ASSISTANCE	Family Development Trainings	Week-long training	Private Donor - Regular program. Contact: regional office	06/21/2023
Laguna	Santa Cruz	Sirang Lupa	208	Pedro	López	García	Male	34	OTHER_PROGRAM	Transportation Allowance	Level 1 support	Private Donor - Pilot program. Contact: regional office	05/30/2024
Laguna	Cabuyao	Santo Tomás (Calabuso)	470	Miguel	Pérez	García	Male	25	KALAHI	Food for Work	Standard package	DA - Regular program	10/31/2024
Laguna	Magdalena	San Ildefonso	716	Miguel	García	Gómez	Female	26	MEDICAL_SERVICES	Transportation Allowance	Standard package	DepEd - Annual assistance	10/30/2023
Laguna	Pakil	Lingga	976	Janna	Reyes	Gómez	Female	26	SLP	Mental Health Support	Level 1 support	DOH - Special initiative	06/21/2023
Laguna	Pagsanjan	San Benito (Palita)	819	Janna	Reyes	Reyes	Female	57	OTHER_CAPABILITY_BUILDING_SUPPORT	Family Development Trainings	3-day conference	Private Donor - Regular program. Contact: local coordinator	12/07/2024
Laguna	Biñan	Turbina	104	Juan	García	Gómez	Male	65	OTHER_CAPABILITY_BUILDING_SUPPORT	Medical Supplies	"PHP 5,000"	Red Cross - Pilot program. Contact: regional office	02/03/2025
Laguna	Pakil	Mapagong	742	Pedro	Gómez	López	Male	69	OTHER_PROGRAM	Dental Services	Standard package	DOLE - Special initiative. Contact: local coordinator	12/30/2023
Laguna	Los Baños	Milagrosa	426	James	Cruz	Galang	Male	47	OTHER_PROGRAM	Agricultural and Fisheries	Basic assistance	DOH - Regular program. Contact: regional office	12/08/2021
Laguna	Nagcarlan	Barangay III (Poblacion)	101	Clara	Reyes	Pérez	Female	79	OTHER_PROGRAM	Cash for Training	Enhanced support	Private Donor - Special initiative. Contact: main branch	03/07/2021
Laguna	Victoria	Barangay II (Poblacion)	541	María	Cruz	Cruz	Female	24	SUPPLEMENTAL_FEEDING	Equipment/School Materials	Tablet	Caritas - Emergency response. Contact: regional office	08/30/2022
Laguna	Santa Maria	San Isidro	639	Juan	López	Pérez	Female	34	PWD_ASSISTANCE	Dental Services	Basic assistance	DOH - Regular program	12/30/2023
Laguna	Lumban	Turbina	850	Miguel	Reyes	Santos	Male	56	KALAHI	Leadership Skills Training	Enhanced support	Local Government - Regular program. Contact: local coordinator	01/16/2023
Laguna	Los Baños	San José	522	Ana	Pérez	Cruz	Female	55	AICS	GAD Trainings	Week-long training	DOLE - Pilot program. Contact: local coordinator	07/08/2024
Laguna	Bay	Timbao	106	Pedro	Pérez	García	Male	22	OTHER_PROGRAM	Tutorial Sessions	Basic assistance	World Vision - Emergency response. Contact: local coordinator	06/16/2022
Laguna	Kalayaan	Mayapa	679	Miguel	López	Cruz	Female	34	OTHER_PROGRAM	Food Assistance	Canned Goods (10 pcs)	DA - Annual assistance. Contact: local coordinator	11/20/2024
Laguna	Santa Cruz	Zapote	978	María	Pérez	Gómez	Female	57	SUPPLEMENTAL_FEEDING	Consultation/Medical Check-Up	Wheelchair	DOLE - Annual assistance. Contact: regional office	10/13/2024
Laguna	Bay	Sirang Lupa	769	James	Cruz	Galang	Male	75	SOCIAL_PENSION	Mental Health Support	Level 1 support	Caritas - Pilot program	12/24/2021
Laguna	Pangil	Barangay II (Poblacion)	807	James	Gómez	López	Male	18	KALAHI	Medical Supplies	"PHP 5,000"	DepEd - Special initiative. Contact: regional office	11/16/2024
Laguna	Kalayaan	Zapote	277	Janna	Cruz	Gómez	Female	33	MEDICAL_SERVICES	Consultation/Medical Check-Up	"PHP 10,000"	Anonymous Donor - Regular program. Contact: main branch	01/11/2022
Laguna	Kalayaan	Santo Domingo	65	Juan	Gómez	Gómez	Male	34	LIVELIHOOD_ASSISTANCE	Cash for Training	Level 1 support	Private Donor - Annual assistance. Contact: main branch	04/24/2024
Laguna	Famy	Barangay III (Poblacion)	783	Miguel	Pérez	Pérez	Male	47	OTHER_CAPABILITY_BUILDING_SUPPORT	GAD Trainings	1-day seminar	World Vision - Emergency response. Contact: local coordinator	08/21/2024
Laguna	Nagcarlan	Barangay III (Poblacion)	900	Ana	Carn	Reyes	Male	48	OTHER_CAPABILITY_BUILDING_SUPPORT	Skills Training	Plumbing	Caritas - Emergency response. Contact: regional office	03/05/2021
Laguna	Alaminos	Ulango	188	María	García	López	Male	52	OTHER_PROGRAM	Surgical Procedures	"PHP 5,000"	Anonymous Donor - Regular program. Contact: local coordinator	06/27/2021
Laguna	San Pedro	San Roque	317	Miguel	Gómez	Santos	Male	62	SUPPLEMENTAL_FEEDING	Financial	"PHP 5,000"	Provincial Government - Special initiative. Contact: regional office	08/23/2021
Laguna	Siniloan	Barangay I (Poblacion)	916	Clara	Santos	Reyes	Female	25	KALAHI	Dental Services	Standard package	Anonymous Donor - Special initiative	05/15/2023
Laguna	Los Baños	San Miguel	138	James	García	Santos	Female	65	PWD_ASSISTANCE	Insurance	Enhanced support	Provincial Government - Annual assistance. Contact: local coordinator	02/01/2023
Laguna	Famy	San Gregorio	343	Miguel	Pérez	Santos	Female	73	LIVELIHOOD_ASSISTANCE	Burial Assistance	Standard package	Caritas - Special initiative. Contact: local coordinator	02/09/2021
Laguna	Liliw	San Gregorio	105	María	Cruz	Galang	Female	47	SOCIAL_PENSION	Tutorial Sessions	Standard package	UNICEF - Pilot program. Contact: local coordinator	08/03/2024
Laguna	San Pedro	San Benito (Palita)	546	Ana	Gómez	Galang	Male	56	DISASTER_RELIEF_ASSISTANCE	Leadership Skills Training	Standard package	DA - Regular program. Contact: main branch	07/06/2024
Laguna	Cavinti	Barangay IV (Poblacion)	380	María	Cruz	Gómez	Female	38	SOCIAL_PENSION	Mental Health Support	Basic assistance	DSWD - Annual assistance. Contact: regional office	01/30/2025
Laguna	Biñan	Saimsim	110	Juan	García	García	Male	32	DISASTER_RELIEF_ASSISTANCE	Cash for Training	Enhanced support	USAID - Annual assistance. Contact: regional office	06/17/2024
Laguna	Biñan	San Ildefonso	944	Janna	Gómez	García	Female	73	SUPPLEMENTAL_FEEDING	Parent Effectiveness Trainings	Basic assistance	UNICEF - Emergency response. Contact: local coordinator	03/07/2025
Laguna	Paete	Santa Rosa	545	María	Cruz	Santos	Female	51	PWD_ASSISTANCE	Skills Training	Plumbing	Private Donor - Annual assistance. Contact: main branch	04/15/2025
Laguna	Calamba	Real	354	Pedro	López	López	Male	73	LIVELIHOOD_ASSISTANCE	Insurance	Level 1 support	World Vision - Special initiative	12/17/2021
Laguna	Luisiana	Sirang Lupa	743	Miguel	Reyes	García	Female	77	DISASTER_RELIEF_ASSISTANCE	"Non-Food Items (Hygiene Kits, Clothes, Household Items)"	Enhanced support	DOH - Pilot program. Contact: main branch	06/25/2022
Laguna	Luisiana	Saimsim	317	Janna	Cruz	Galang	Female	44	OTHER_PROGRAM	Insurance	Level 1 support	DSWD - Regular program. Contact: regional office	08/24/2023
Laguna	Pagsanjan	Milagrosa	266	Ana	Gómez	García	Female	19	AICS	Tutorial Sessions	Standard package	Local Government - Special initiative. Contact: local coordinator	08/28/2024
Laguna	Victoria	San Miguel	694	Janna	Pérez	Santos	Female	27	AICS	Tutorial Sessions	Enhanced support	DSWD - Special initiative. Contact: regional office	08/20/2023
Laguna	Calauan	Milagrosa	852	María	Pérez	Pérez	Female	22	OTHER_PROGRAM	Alternative Learning System	Enhanced support	UNICEF - Pilot program	02/06/2024
Laguna	Bay	Santa Rosa	65	María	García	Reyes	Female	44	PWD_ASSISTANCE	GAD Trainings	1-day seminar	UNICEF - Pilot program. Contact: local coordinator	04/11/2023
Laguna	Luisiana	Santo Domingo	333	Pedro	García	López	Female	78	EDUCATIONAL_ASSISTANCE	Agricultural and Fisheries	Standard package	Private Donor - Annual assistance	01/30/2021
Laguna	Pagsanjan	Paciano Rizal	513	James	García	López	Male	21	SLP	Parent Effectiveness Trainings	Basic assistance	UNICEF - Emergency response. Contact: local coordinator	11/05/2021
Laguna	Calamba	Milagrosa	133	Miguel	Pérez	Cruz	Female	64	OTHER_CAPABILITY_BUILDING_SUPPORT	Cash for Work	Level 1 support	Community Organization - Annual assistance. Contact: local coordinator	02/18/2025
Laguna	Luisiana	Masili	592	Pedro	Carn	Gómez	Female	30	SOCIAL_PENSION	Transportation Allowance	Standard package	Red Cross - Annual assistance. Contact: main branch	02/15/2021
Laguna	Santa Maria	Súcol	783	María	Gómez	García	Female	34	DISASTER_RELIEF_ASSISTANCE	Job Referral	Basic assistance	Anonymous Donor - Regular program. Contact: local coordinator	10/14/2024
Laguna	Santa Maria	Saimsim	753	Clara	Pérez	Gómez	Female	38	AICS	Medical Supplies	Crutches	Red Cross - Emergency response. Contact: main branch	05/17/2021
Laguna	Nagcarlan	Parian	540	Janna	López	Gómez	Female	40	KALAHI	Tutorial Sessions	Basic assistance	Private Donor - Regular program. Contact: regional office	02/14/2023
Laguna	Siniloan	San Vicente	735	Pedro	Pérez	López	Female	50	OTHER_PROGRAM	Food for Work	Standard package	DSWD - Annual assistance. Contact: regional office	12/25/2024
Laguna	Nagcarlan	San Miguel	535	Pedro	López	Pérez	Male	67	LIVELIHOOD_ASSISTANCE	Honorarium	Level 1 support	UNICEF - Regular program. Contact: main branch	07/10/2022
Laguna	Liliw	Barangay IV (Poblacion)	496	Miguel	Pérez	Pérez	Female	77	SLP	"Non-Food Items (Hygiene Kits, Clothes, Household Items)"	Enhanced support	Private Donor - Annual assistance. Contact: local coordinator	06/28/2024
Laguna	San Pedro	Real	621	Clara	Pérez	Galang	Female	32	KALAHI	Cash for Work	Basic assistance	DA - Emergency response. Contact: local coordinator	03/09/2022
Laguna	Rizal	Ulango	619	Clara	Carn	Reyes	Male	31	LIVELIHOOD_ASSISTANCE	GAD Trainings	2-day workshop	DepEd - Pilot program. Contact: regional office	04/27/2023
Laguna	Nagcarlan	Del Carmen	657	Clara	López	Galang	Male	26	DISASTER_RELIEF_ASSISTANCE	Burial Assistance	Enhanced support	Private Donor - Annual assistance. Contact: regional office	07/26/2021
Laguna	Magdalena	Milagrosa	369	Miguel	Carn	García	Female	61	EDUCATIONAL_ASSISTANCE	Honorarium	Basic assistance	Private Donor - Emergency response. Contact: regional office	03/22/2022
Laguna	Luisiana	Masili	866	James	López	Santos	Female	54	MEDICAL_SERVICES	Cash for Work	Standard package	USAID - Regular program. Contact: main branch	12/19/2023
Laguna	Victoria	Paciano Rizal	909	María	Carn	Pérez	Female	47	MEDICAL_SERVICES	Food Assistance	Canned Goods (10 pcs)	Provincial Government - Annual assistance. Contact: main branch	05/14/2024
Laguna	Majayjay	San Benito (Palita)	910	María	Carn	Pérez	Male	46	SUPPLEMENTAL_FEEDING	Medical Assistance	"PHP 5,000"	Anonymous Donor - Special initiative. Contact: regional office	11/27/2021
Laguna	San Pablo	Barangay III (Poblacion)	651	Ana	López	Cruz	Male	40	PWD_ASSISTANCE	Skills Training	Cooking	DOH - Emergency response. Contact: regional office	08/19/2022
Laguna	Pagsanjan	San Gregorio	796	Miguel	Carn	Cruz	Female	51	PWD_ASSISTANCE	Values Formation	2-day workshop	USAID - Emergency response	06/09/2022
Laguna	Famy	Palingon	810	James	Pérez	Pérez	Female	72	SOCIAL_PENSION	Honorarium	Level 1 support	Community Organization - Pilot program. Contact: local coordinator	01/19/2023
Laguna	Pangil	Súcol	992	Ana	López	Reyes	Male	72	SOCIAL_PENSION	Honorarium	Level 1 support	DA - Regular program	03/27/2024
Laguna	Nagcarlan	San Ildefonso	99	Ana	Carn	López	Male	24	MEDICAL_SERVICES	Values Formation	2-day workshop	DA - Special initiative. Contact: main branch	02/02/2024
Laguna	Rizal	Sirang Lupa	317	Ana	Pérez	López	Male	70	DISASTER_RELIEF_ASSISTANCE	Scholarship Grants	Enhanced support	DOH - Annual assistance	12/25/2021
Laguna	Calamba	Barangay I (Poblacion)	123	Miguel	Pérez	Pérez	Male	26	AICS	Medical Supplies	"PHP 3,000"	Local Government - Emergency response. Contact: local coordinator	05/02/2023
Laguna	Pila	Parian	320	Juan	García	López	Female	67	AICS	Job Fair	Basic assistance	Red Cross - Emergency response. Contact: regional office	10/20/2024
Laguna	Majayjay	San Juan	799	Ana	Santos	Cruz	Male	21	OTHER_PROGRAM	Mental Health Support	Level 1 support	DSWD - Annual assistance. Contact: regional office	07/09/2022
Laguna	Calauan	Looc	593	Pedro	López	Santos	Male	19	DISASTER_RELIEF_ASSISTANCE	GAD Trainings	1-day seminar	DepEd - Special initiative. Contact: main branch	04/17/2024
Laguna	Famy	San Juan	495	Janna	Carn	López	Female	73	AICS	Cash for Training	Level 1 support	DOLE - Pilot program. Contact: regional office	12/24/2021
Laguna	San Pedro	Barangay I (Poblacion)	457	Pedro	García	Gómez	Male	77	EDUCATIONAL_ASSISTANCE	Medical Supplies	"PHP 3,000"	DOH - Pilot program. Contact: local coordinator	07/11/2024
Laguna	Paete	San Cristóbal	522	Pedro	Santos	Galang	Female	44	OTHER_CAPABILITY_BUILDING_SUPPORT	Tutorial Sessions	Basic assistance	UNICEF - Emergency response. Contact: main branch	01/25/2023
Laguna	San Pedro	Zapote	520	María	Gómez	Pérez	Male	50	PWD_ASSISTANCE	Financial	"PHP 3,000"	USAID - Emergency response. Contact: local coordinator	07/03/2022
Laguna	Luisiana	Looc	917	Juan	Gómez	López	Female	49	EDUCATIONAL_ASSISTANCE	Scholarship Grants	Basic assistance	DA - Special initiative. Contact: local coordinator	10/08/2024
Laguna	Magdalena	Masili	717	Miguel	Carn	Gómez	Male	74	AICS	Mental Health Support	Basic assistance	Private Donor - Annual assistance	10/19/2024
Laguna	Santa Maria	San Cristóbal	315	Ana	Gómez	Santos	Female	61	OTHER_CAPABILITY_BUILDING_SUPPORT	Food Assistance	Rice (10kg)	DOLE - Annual assistance. Contact: main branch	06/27/2024
Laguna	Santa Cruz	Calo	946	María	Santos	Pérez	Female	62	OTHER_PROGRAM	Family Development Trainings	1-day seminar	USAID - Annual assistance	02/18/2024
Laguna	Kalayaan	Mapagong	709	James	López	Gómez	Male	63	SOCIAL_PENSION	"Non-Food Items (Hygiene Kits, Clothes, Household Items)"	Standard package	DOH - Annual assistance. Contact: local coordinator	04/30/2024
Laguna	Lumban	Palma	710	James	Pérez	Reyes	Female	54	DISASTER_RELIEF_ASSISTANCE	Dental Services	Level 1 support	Community Organization - Emergency response. Contact: local coordinator	03/18/2023
Laguna	Santa Cruz	Santo Tomás (Calabuso)	542	Miguel	Pérez	Reyes	Female	44	DISASTER_RELIEF_ASSISTANCE	Surgical Procedures	"PHP 3,000"	USAID - Special initiative. Contact: main branch	12/22/2023
Laguna	Magdalena	San Vicente	479	María	Santos	Gómez	Male	45	SLP	Cash for Work	Standard package	DSWD - Pilot program	05/18/2024
Laguna	Liliw	San Ildefonso	913	Janna	Gómez	Cruz	Female	20	AICS	Dental Services	Standard package	Caritas - Pilot program. Contact: local coordinator	02/21/2021
Laguna	Majayjay	Real	971	Miguel	Pérez	Santos	Female	77	SUPPLEMENTAL_FEEDING	Voucher	Level 1 support	DOH - Special initiative. Contact: main branch	11/09/2021
Laguna	Cavinti	Mapagong	20	María	Gómez	Gómez	Male	76	AICS	Scholarship Grants	Level 1 support	DOLE - Pilot program	07/26/2024
Laguna	Nagcarlan	Masaya	560	María	Reyes	Galang	Male	53	SOCIAL_PENSION	Scholarship Grants	Enhanced support	Provincial Government - Emergency response	01/23/2022
Laguna	Rizal	Pansol	969	Juan	Cruz	Santos	Female	66	SOCIAL_PENSION	Agricultural and Fisheries	Level 1 support	UNICEF - Regular program. Contact: local coordinator	05/10/2024
Laguna	Santa Cruz	San Cristóbal	130	Miguel	Pérez	Galang	Female	68	OTHER_PROGRAM	Values Formation	2-day workshop	DA - Pilot program. Contact: main branch	05/19/2021
Laguna	Pangil	Calo	293	James	Reyes	Galang	Female	60	MEDICAL_SERVICES	Medical Assistance	"PHP 3,000"	DOH - Regular program	01/19/2021
Laguna	Pila	Santo Tomás (Calabuso)	897	James	López	Santos	Female	25	SOCIAL_PENSION	Equipment/School Materials	Books	UNICEF - Special initiative. Contact: main branch	11/17/2021
Laguna	Santa Cruz	Barangay IV (Poblacion)	132	Ana	López	Pérez	Female	61	SOCIAL_PENSION	Voucher	Standard package	World Vision - Annual assistance	04/05/2021
Laguna	Cavinti	Saimsim	356	Pedro	Santos	García	Male	67	PWD_ASSISTANCE	Food Assistance	Canned Goods (10 pcs)	DOH - Pilot program	05/10/2021
Laguna	Mabitac	Uwisan	54	Miguel	Pérez	Santos	Female	67	KALAHI	Alternative Learning System	Standard package	Local Government - Annual assistance. Contact: regional office	02/03/2024
Laguna	Magdalena	Pansol	890	María	Gómez	Gómez	Male	58	EDUCATIONAL_ASSISTANCE	Parent Effectiveness Trainings	Basic assistance	Red Cross - Annual assistance. Contact: local coordinator	08/03/2023
Laguna	Pangil	Puting Lupa	793	Miguel	Pérez	Pérez	Male	54	PWD_ASSISTANCE	Vaccination	Standard package	Local Government - Pilot program. Contact: local coordinator	05/05/2024
Laguna	Cavinti	San Juan	387	María	Gómez	Galang	Male	70	AICS	Insurance	Standard package	USAID - Pilot program. Contact: main branch	09/17/2021
Laguna	Kalayaan	Milagrosa	265	Janna	Gómez	Pérez	Male	66	SOCIAL_PENSION	Parent Effectiveness Trainings	Basic assistance	USAID - Special initiative	09/14/2023
Laguna	Pagsanjan	Makiling	982	Miguel	Pérez	Pérez	Female	62	KALAHI	Mental Health Support	Basic assistance	Community Organization - Pilot program. Contact: regional office	11/29/2023
Laguna	Majayjay	Casile	215	Clara	Gómez	López	Female	55	KALAHI	Honorarium	Basic assistance	Provincial Government - Pilot program	03/05/2025
Laguna	Famy	Palo-Alto	460	Clara	García	Gómez	Female	73	LIVELIHOOD_ASSISTANCE	Family Development Trainings	3-day conference	Private Donor - Regular program. Contact: main branch	03/28/2023
Laguna	Paete	San Roque	458	James	Carn	Reyes	Male	39	SLP	Job Referral	Basic assistance	DOLE - Special initiative. Contact: regional office	02/29/2024
Laguna	Santa Maria	Ulango	802	Janna	Cruz	Reyes	Male	31	OTHER_CAPABILITY_BUILDING_SUPPORT	Vaccination	Enhanced support	DSWD - Special initiative	06/03/2021
Laguna	Rizal	Barangay II (Poblacion)	43	Juan	Pérez	Gómez	Female	32	AICS	Parent Effectiveness Trainings	Enhanced support	DOH - Annual assistance. Contact: local coordinator	07/07/2022
Laguna	Siniloan	Majada Labas	586	Ana	Carn	Gómez	Male	72	OTHER_PROGRAM	Alternative Learning System	Basic assistance	Community Organization - Pilot program. Contact: main branch	09/06/2024
Laguna	Paete	Pansol	862	Janna	García	Cruz	Female	63	OTHER_PROGRAM	Values Formation	1-day seminar	Provincial Government - Emergency response. Contact: regional office	05/02/2021
Laguna	Victoria	Mayapa	278	James	Gómez	Reyes	Male	21	AICS	Activity Involvement/Advocacy	Basic assistance	UNICEF - Emergency response. Contact: local coordinator	01/27/2023
Laguna	Pakil	Real	838	Juan	Gómez	García	Male	35	DISASTER_RELIEF_ASSISTANCE	Leadership Skills Training	Standard package	Provincial Government - Annual assistance. Contact: main branch	03/13/2024
Laguna	Cavinti	San Cristóbal	754	María	López	Galang	Male	18	MEDICAL_SERVICES	Consultation/Medical Check-Up	Wheelchair	UNICEF - Regular program. Contact: regional office	04/24/2024
Laguna	Biñan	San José	130	Juan	Cruz	Santos	Male	29	EDUCATIONAL_ASSISTANCE	Insurance	Basic assistance	Provincial Government - Emergency response	07/01/2022
Laguna	Paete	Barangay II (Poblacion)	350	Pedro	Reyes	Santos	Male	71	SLP	Scholarship Grants	Level 1 support	Anonymous Donor - Special initiative. Contact: local coordinator	05/19/2024
Laguna	Santa Maria	Makiling	706	Miguel	López	García	Male	58	MEDICAL_SERVICES	Family Development Trainings	1-day seminar	Local Government - Annual assistance	02/04/2022
Laguna	Liliw	Barangay III (Poblacion)	544	Janna	López	Reyes	Male	59	OTHER_CAPABILITY_BUILDING_SUPPORT	Food Assistance	Basic Groceries	Caritas - Emergency response	11/23/2023
Laguna	Cavinti	San José	106	James	Gómez	Galang	Female	70	KALAHI	Leadership Skills Training	Standard package	Anonymous Donor - Annual assistance. Contact: main branch	03/28/2024
Laguna	Nagcarlan	Saimsim	912	Janna	Santos	Reyes	Female	77	OTHER_PROGRAM	Surgical Procedures	"PHP 5,000"	Community Organization - Emergency response. Contact: regional office	02/10/2022
Laguna	Mabitac	Barangay I (Poblacion)	716	María	García	Pérez	Male	67	OTHER_PROGRAM	Honorarium	Basic assistance	DepEd - Special initiative. Contact: regional office	12/30/2021
Laguna	San Pablo	Majada Labas	1	Clara	Santos	Cruz	Male	34	AICS	Medical Assistance	"PHP 3,000"	Red Cross - Special initiative. Contact: regional office	09/07/2023
Laguna	Biñan	San José	757	María	Santos	Reyes	Female	36	OTHER_PROGRAM	Skills Training	Carpentry	Community Organization - Pilot program. Contact: local coordinator	06/12/2021
Laguna	Luisiana	Barangay III (Poblacion)	584	James	Carn	Cruz	Male	53	DISASTER_RELIEF_ASSISTANCE	Parent Effectiveness Trainings	Level 1 support	World Vision - Emergency response	02/03/2023
Laguna	Santa Rosa	Masili	432	Pedro	López	Gómez	Female	65	KALAHI	Dental Services	Level 1 support	DOLE - Regular program. Contact: main branch	07/05/2022
Laguna	Lumban	Puting Lupa	306	Ana	Gómez	Gómez	Female	24	KALAHI	Insurance	Level 1 support	USAID - Annual assistance. Contact: local coordinator	05/11/2021
Laguna	Bay	San Roque	909	Miguel	García	Santos	Female	26	MEDICAL_SERVICES	Cash for Training	Standard package	Red Cross - Regular program. Contact: main branch	01/25/2024
Laguna	Biñan	San Ildefonso	527	Miguel	Santos	Galang	Female	25	OTHER_PROGRAM	Insurance	Level 1 support	Red Cross - Emergency response. Contact: local coordinator	10/15/2022
Laguna	Calamba	Parian	53	Juan	Gómez	López	Female	42	SUPPLEMENTAL_FEEDING	Voucher	Level 1 support	Private Donor - Regular program. Contact: main branch	10/05/2023
Laguna	Los Baños	Masili	940	Juan	Gómez	Pérez	Male	24	LIVELIHOOD_ASSISTANCE	Financial	"PHP 1,500"	Provincial Government - Emergency response. Contact: regional office	09/27/2021
Laguna	Famy	Masaya	520	María	Gómez	Cruz	Male	59	SUPPLEMENTAL_FEEDING	Scholarship Grants	Enhanced support	UNICEF - Special initiative. Contact: regional office	06/23/2023
Laguna	Santa Cruz	Palingon	330	Janna	Reyes	Reyes	Female	25	AICS	Skills Training	Computer Literacy	World Vision - Pilot program. Contact: regional office	10/22/2024
Laguna	Rizal	Casile	558	Clara	Cruz	Gómez	Male	41	OTHER_CAPABILITY_BUILDING_SUPPORT	Technical Skills Training	Enhanced support	DepEd - Pilot program. Contact: local coordinator	02/26/2023
Laguna	Rizal	Santo Domingo	325	Janna	Gómez	Pérez	Female	34	LIVELIHOOD_ASSISTANCE	Food Items	Rice (5kg)	USAID - Special initiative. Contact: regional office	12/31/2021
Laguna	Luisiana	Barangay III (Poblacion)	114	Pedro	Pérez	Reyes	Male	29	SOCIAL_PENSION	Dental Services	Basic assistance	DSWD - Special initiative. Contact: regional office	12/28/2024
Laguna	Cavinti	Súcol	147	Ana	García	Pérez	Male	63	SUPPLEMENTAL_FEEDING	Vaccination	Basic assistance	Caritas - Annual assistance	09/03/2022
Laguna	Magdalena	Palma	166	Miguel	Carn	Santos	Male	48	DISASTER_RELIEF_ASSISTANCE	Surgical Procedures	"PHP 5,000"	DOLE - Annual assistance	12/21/2023
Laguna	San Pablo	Puting Lupa	379	Janna	García	García	Male	29	EDUCATIONAL_ASSISTANCE	Tutorial Sessions	Standard package	DOH - Pilot program. Contact: regional office	07/21/2023
Laguna	Nagcarlan	San Agustín (Antipolo)	139	Miguel	López	Pérez	Male	74	KALAHI	Food for Work	Standard package	DA - Regular program. Contact: main branch	09/08/2024
Laguna	Cabuyao	Real	629	Juan	Carn	Gómez	Male	19	OTHER_CAPABILITY_BUILDING_SUPPORT	Job Fair	Level 1 support	DOLE - Annual assistance	08/12/2022
Laguna	Siniloan	San Miguel	299	Miguel	Cruz	López	Male	29	OTHER_CAPABILITY_BUILDING_SUPPORT	Parent Effectiveness Trainings	Standard package	DSWD - Emergency response	07/27/2021
Laguna	Pila	Masili	276	Clara	Gómez	García	Male	44	DISASTER_RELIEF_ASSISTANCE	Food Items	Basic Groceries	Provincial Government - Pilot program. Contact: local coordinator	12/14/2021
Laguna	San Pedro	Barangay I (Poblacion)	916	Miguel	Reyes	Gómez	Female	63	DISASTER_RELIEF_ASSISTANCE	Voucher	Standard package	Red Cross - Special initiative. Contact: regional office	02/14/2021
Laguna	Lumban	Barangay I (Poblacion)	789	Janna	Santos	Reyes	Female	24	SUPPLEMENTAL_FEEDING	Financial	"PHP 10,000"	DOLE - Annual assistance	12/13/2021
Laguna	Paete	San Miguel	850	Clara	García	Gómez	Male	78	LIVELIHOOD_ASSISTANCE	Job Referral	Enhanced support	Caritas - Emergency response	12/15/2022
Laguna	Alaminos	Punta	825	Miguel	Carn	García	Male	75	AICS	Financial	"PHP 3,000"	World Vision - Regular program. Contact: main branch	10/09/2022
Laguna	Majayjay	Santa Rosa	178	Ana	Gómez	Pérez	Male	75	OTHER_PROGRAM	Job Fair	Level 1 support	Caritas - Regular program. Contact: regional office	01/04/2022
Laguna	Lumban	Barangay II (Poblacion)	842	Juan	Cruz	López	Female	30	SLP	Alternative Learning System	Standard package	DSWD - Pilot program. Contact: main branch	06/18/2022
Laguna	Liliw	Masili	354	Miguel	Santos	López	Male	70	OTHER_CAPABILITY_BUILDING_SUPPORT	Insurance	Standard package	Caritas - Special initiative. Contact: regional office	12/24/2021
Laguna	Luisiana	San Isidro	154	Clara	Pérez	Galang	Male	53	SUPPLEMENTAL_FEEDING	Parent Effectiveness Trainings	Enhanced support	DA - Annual assistance. Contact: local coordinator	05/10/2022
Laguna	Victoria	Barangay III (Poblacion)	926	Janna	Cruz	Gómez	Female	18	SUPPLEMENTAL_FEEDING	"Non-Food Items (Hygiene Kits, Clothes, Household Items)"	Level 1 support	DSWD - Special initiative. Contact: main branch	06/24/2023
Laguna	Bay	Milagrosa	201	Juan	Reyes	García	Female	66	KALAHI	Agricultural and Fisheries	Level 1 support	World Vision - Emergency response	03/01/2021
Laguna	Rizal	San Isidro	878	María	Santos	Galang	Female	52	SUPPLEMENTAL_FEEDING	Financial	"PHP 1,500"	World Vision - Special initiative. Contact: local coordinator	10/25/2021
Laguna	Biñan	Del Carmen	115	María	Santos	Reyes	Male	47	PWD_ASSISTANCE	Transportation Allowance	Level 1 support	Red Cross - Special initiative	02/28/2021
Laguna	Liliw	Santo Domingo	671	Pedro	Pérez	Reyes	Female	48	MEDICAL_SERVICES	Cash for Training	Basic assistance	Community Organization - Emergency response. Contact: regional office	12/18/2024
Laguna	Bay	San Isidro	554	María	Gómez	Reyes	Male	34	EDUCATIONAL_ASSISTANCE	Burial Assistance	Standard package	Red Cross - Regular program. Contact: local coordinator	08/19/2021
Laguna	Victoria	Súcol	759	Janna	Santos	Santos	Female	25	AICS	Insurance	Basic assistance	USAID - Emergency response. Contact: local coordinator	03/08/2023
Laguna	Santa Maria	San Agustín (Antipolo)	68	Ana	Carn	García	Male	20	SOCIAL_PENSION	Mental Health Support	Standard package	DSWD - Annual assistance. Contact: local coordinator	03/24/2022
Laguna	Rizal	San Benito (Palita)	445	Juan	Santos	Cruz	Male	76	MEDICAL_SERVICES	Food for Work	Standard package	World Vision - Pilot program. Contact: local coordinator	09/05/2022
Laguna	Lumban	Puting Lupa	445	Clara	Cruz	López	Male	27	SUPPLEMENTAL_FEEDING	Activity Involvement/Advocacy	Standard package	DSWD - Annual assistance	01/03/2022
Laguna	Lumban	Palma	326	James	Carn	Cruz	Female	51	LIVELIHOOD_ASSISTANCE	Capital/Starter Kit	Enhanced support	Private Donor - Regular program	07/08/2022
Laguna	Paete	Masaya	846	María	Santos	Reyes	Male	39	SUPPLEMENTAL_FEEDING	Food for Work	Enhanced support	Community Organization - Emergency response	11/19/2023
Laguna	Biñan	San Andrés	708	María	Cruz	Pérez	Male	21	LIVELIHOOD_ASSISTANCE	Job Fair	Standard package	Provincial Government - Emergency response	09/15/2023
Laguna	Santa Maria	San José	602	James	Cruz	Gómez	Male	49	KALAHI	Job Referral	Standard package	Red Cross - Pilot program. Contact: regional office	10/04/2021
Laguna	Cavinti	San Gregorio	623	Clara	García	Pérez	Female	78	DISASTER_RELIEF_ASSISTANCE	Food Assistance	Rice (5kg)	World Vision - Special initiative. Contact: regional office	09/01/2022
Laguna	Mabitac	Maunong	880	Clara	Cruz	García	Male	46	SLP	Medical Assistance	"PHP 5,000"	World Vision - Pilot program	12/04/2022
Laguna	Pakil	San Roque	359	James	Pérez	Pérez	Male	63	PWD_ASSISTANCE	Agricultural and Fisheries	Level 1 support	DA - Emergency response	11/03/2024
Laguna	Siniloan	Turbina	145	Clara	López	Galang	Male	28	SLP	Scholarship Grants	Level 1 support	Provincial Government - Annual assistance. Contact: local coordinator	04/11/2023
Laguna	Victoria	Punta	275	Janna	Reyes	Gómez	Male	63	OTHER_CAPABILITY_BUILDING_SUPPORT	Financial	"PHP 3,000"	Private Donor - Pilot program. Contact: local coordinator	02/07/2021
Laguna	Nagcarlan	Masaya	509	Clara	Santos	Gómez	Female	30	AICS	Voucher	Enhanced support	Local Government - Pilot program. Contact: main branch	05/15/2024
Laguna	Siniloan	San José	179	Juan	Pérez	Cruz	Male	76	AICS	Food Assistance	Canned Goods (10 pcs)	DOH - Special initiative. Contact: local coordinator	10/16/2021
Laguna	Victoria	Casile	753	Clara	Santos	Pérez	Female	78	SOCIAL_PENSION	GAD Trainings	2-day workshop	DOH - Pilot program. Contact: regional office	09/02/2023
Laguna	Pangil	Santa Rosa	838	Miguel	Santos	Reyes	Female	21	OTHER_PROGRAM	"Non-Food Items (Hygiene Kits, Clothes, Household Items)"	Level 1 support	UNICEF - Regular program. Contact: local coordinator	02/25/2025
Laguna	Luisiana	Sirang Lupa	831	Miguel	Cruz	Cruz	Male	19	SOCIAL_PENSION	Consultation/Medical Check-Up	"PHP 5,000"	World Vision - Regular program. Contact: local coordinator	06/02/2024
Laguna	San Pedro	Barangay II (Poblacion)	477	María	Cruz	Cruz	Female	51	DISASTER_RELIEF_ASSISTANCE	Job Fair	Standard package	Private Donor - Regular program. Contact: main branch	03/28/2022
Laguna	Majayjay	Sirang Lupa	843	Ana	Santos	López	Female	60	MEDICAL_SERVICES	Parent Effectiveness Trainings	Basic assistance	DSWD - Pilot program. Contact: regional office	01/28/2021
Laguna	San Pablo	San José	976	Janna	López	Cruz	Female	39	SOCIAL_PENSION	Insurance	Enhanced support	UNICEF - Regular program. Contact: main branch	12/03/2022
Laguna	Luisiana	Makiling	414	Janna	Carn	Reyes	Male	22	AICS	Medical Supplies	"PHP 10,000"	Provincial Government - Annual assistance. Contact: main branch	01/27/2023
Laguna	Magdalena	Timbao	153	Clara	Carn	López	Female	26	PWD_ASSISTANCE	Technical Skills Training	Standard package	Provincial Government - Annual assistance. Contact: main branch	11/30/2021
Laguna	San Pedro	Looc	104	Ana	Reyes	Gómez	Female	37	SLP	Insurance	Basic assistance	Anonymous Donor - Pilot program. Contact: main branch	10/28/2024
Laguna	Liliw	Mayapa	75	Ana	García	Reyes	Male	38	DISASTER_RELIEF_ASSISTANCE	Alternative Learning System	Level 1 support	DA - Annual assistance	07/15/2022
Laguna	Victoria	San Cristóbal	128	Pedro	Gómez	Santos	Male	34	OTHER_CAPABILITY_BUILDING_SUPPORT	Capital/Starter Kit	Basic assistance	Anonymous Donor - Pilot program. Contact: local coordinator	08/17/2024
Laguna	San Pedro	Súcol	711	Ana	Pérez	Gómez	Female	29	SOCIAL_PENSION	Family Development Trainings	Week-long training	Red Cross - Annual assistance	07/23/2021
Laguna	Cavinti	Sirang Lupa	666	Clara	Reyes	Gómez	Female	45	LIVELIHOOD_ASSISTANCE	Skills Training	Plumbing	Provincial Government - Emergency response	01/14/2022
Laguna	Pakil	Timbao	568	Clara	Gómez	Pérez	Female	35	PWD_ASSISTANCE	Job Referral	Level 1 support	UNICEF - Regular program. Contact: local coordinator	06/21/2023
Laguna	Calamba	Casile	790	James	Santos	Santos	Male	20	SLP	Parent Effectiveness Trainings	Basic assistance	Local Government - Emergency response	02/13/2024
Laguna	Alaminos	San Gregorio	345	María	Pérez	Pérez	Female	22	EDUCATIONAL_ASSISTANCE	Food for Work	Enhanced support	Local Government - Special initiative. Contact: main branch	11/10/2023
Laguna	Victoria	Puting Lupa	531	Miguel	Santos	Santos	Male	77	AICS	"Non-Food Items (Hygiene Kits, Clothes, Household Items)"	Basic assistance	Local Government - Emergency response	10/05/2023
Laguna	Nagcarlan	San José	159	Pedro	Santos	Cruz	Female	70	KALAHI	"Non-Food Items (Hygiene Kits, Clothes, Household Items)"	Standard package	Private Donor - Regular program. Contact: local coordinator	07/01/2023
Laguna	Biñan	Makiling	538	Clara	García	García	Female	69	SUPPLEMENTAL_FEEDING	Consultation/Medical Check-Up	"PHP 5,000"	Caritas - Pilot program. Contact: local coordinator	01/31/2022
Laguna	Lumban	Punta	426	James	Cruz	Reyes	Male	31	OTHER_CAPABILITY_BUILDING_SUPPORT	Burial Assistance	Level 1 support	Red Cross - Special initiative. Contact: local coordinator	12/12/2023
Laguna	Mabitac	Timbao	681	Pedro	García	Santos	Female	65	KALAHI	Scholarship Grants	Standard package	DA - Emergency response	04/24/2024
Laguna	San Pablo	San Gregorio	996	María	Reyes	Gómez	Male	43	AICS	Skills Training	Carpentry	UNICEF - Special initiative	12/19/2021
Laguna	Victoria	Milagrosa	23	Pedro	Cruz	Gómez	Female	36	DISASTER_RELIEF_ASSISTANCE	Honorarium	Standard package	DOH - Emergency response	02/12/2024
Laguna	Paete	Súcol	47	James	Cruz	García	Male	58	LIVELIHOOD_ASSISTANCE	Skills Training	Computer Literacy	UNICEF - Regular program	05/29/2022
Laguna	Cabuyao	Mayapa	525	Juan	Reyes	Santos	Male	34	SOCIAL_PENSION	Family Development Trainings	3-day conference	Local Government - Annual assistance. Contact: regional office	06/30/2022
Laguna	Paete	Casile	729	Miguel	Cruz	Gómez	Female	71	SLP	Capital/Starter Kit	Enhanced support	UNICEF - Emergency response. Contact: regional office	10/09/2021
Laguna	Victoria	Milagrosa	834	Clara	Pérez	Pérez	Male	56	DISASTER_RELIEF_ASSISTANCE	Dental Services	Basic assistance	Community Organization - Regular program. Contact: regional office	11/04/2022
Laguna	Calamba	San Agustín (Antipolo)	706	Miguel	Carn	Santos	Female	59	PWD_ASSISTANCE	Alternative Learning System	Level 1 support	DA - Emergency response. Contact: local coordinator	04/08/2024
Laguna	San Pedro	San Agustín (Antipolo)	144	María	Reyes	García	Male	21	SLP	Food for Work	Level 1 support	DOLE - Annual assistance	08/29/2022
Laguna	Majayjay	San Antonio	585	Janna	Gómez	Santos	Male	59	SLP	GAD Trainings	3-day conference	UNICEF - Regular program. Contact: regional office	01/30/2023
Laguna	Alaminos	San Antonio	668	María	Reyes	Cruz	Male	52	LIVELIHOOD_ASSISTANCE	Family Development Trainings	Week-long training	USAID - Special initiative. Contact: main branch	09/06/2024
Laguna	Pangil	San Isidro	589	María	Carn	Cruz	Female	41	SUPPLEMENTAL_FEEDING	Food Items	Rice (5kg)	DA - Pilot program. Contact: main branch	01/01/2022
Laguna	Mabitac	San Cristóbal	419	María	García	López	Male	58	OTHER_PROGRAM	Burial Assistance	Standard package	World Vision - Special initiative	06/04/2022
Laguna	Magdalena	Barangay IV (Poblacion)	681	Juan	García	Cruz	Male	30	SOCIAL_PENSION	Dental Services	Standard package	Provincial Government - Special initiative	04/20/2021
Laguna	Kalayaan	San Miguel	973	Clara	García	Galang	Male	50	OTHER_CAPABILITY_BUILDING_SUPPORT	Technical Skills Training	Level 1 support	Private Donor - Annual assistance. Contact: main branch	06/25/2023
Laguna	Magdalena	Calo	799	James	Cruz	López	Female	32	AICS	Agricultural and Fisheries	Basic assistance	DOH - Regular program. Contact: regional office	04/17/2025
Laguna	Nagcarlan	San Andrés	85	Clara	Carn	Santos	Female	32	LIVELIHOOD_ASSISTANCE	Honorarium	Basic assistance	Local Government - Regular program. Contact: main branch	08/11/2023
Laguna	San Pedro	Puting Lupa	416	Janna	Pérez	Galang	Male	48	SOCIAL_PENSION	Food for Work	Enhanced support	Community Organization - Special initiative. Contact: local coordinator	11/11/2022
Laguna	San Pablo	San Roque	694	James	Reyes	Reyes	Male	60	OTHER_CAPABILITY_BUILDING_SUPPORT	Transportation Allowance	Level 1 support	USAID - Annual assistance. Contact: main branch	04/16/2025
Laguna	Cabuyao	San Agustín (Antipolo)	482	Pedro	Reyes	García	Female	45	MEDICAL_SERVICES	Job Referral	Enhanced support	World Vision - Pilot program	08/17/2023
Laguna	Luisiana	San Juan	456	Pedro	Reyes	Reyes	Male	27	DISASTER_RELIEF_ASSISTANCE	Skills Training	Plumbing	Provincial Government - Regular program	11/20/2021
Laguna	Santa Maria	Turbina	827	Pedro	Cruz	Galang	Male	74	KALAHI	Family Development Trainings	2-day workshop	UNICEF - Special initiative. Contact: local coordinator	01/12/2021
Laguna	Santa Cruz	Uwisan	297	James	Cruz	Gómez	Male	24	AICS	Activity Involvement/Advocacy	Level 1 support	Private Donor - Pilot program. Contact: local coordinator	11/13/2023
Laguna	Calamba	San Roque	112	Ana	López	Cruz	Male	50	SLP	Financial	"PHP 5,000"	DA - Special initiative. Contact: regional office	03/30/2024
Laguna	Siniloan	Milagrosa	962	Juan	Pérez	Pérez	Male	24	EDUCATIONAL_ASSISTANCE	Capital/Starter Kit	Standard package	Provincial Government - Regular program. Contact: local coordinator	09/21/2021
Laguna	Calamba	Zapote	230	Ana	García	Santos	Male	22	MEDICAL_SERVICES	Job Referral	Basic assistance	USAID - Regular program. Contact: main branch	01/15/2022
Laguna	Los Baños	San Juan	96	Clara	Gómez	López	Female	43	OTHER_CAPABILITY_BUILDING_SUPPORT	Medical Assistance	Crutches	Local Government - Pilot program	03/21/2021
Laguna	Santa Rosa	Barangay III (Poblacion)	950	Pedro	López	Gómez	Male	78	MEDICAL_SERVICES	Vaccination	Basic assistance	Community Organization - Regular program. Contact: regional office	07/18/2024
Laguna	Calauan	Saimsim	680	Juan	López	Pérez	Male	78	SOCIAL_PENSION	Surgical Procedures	"PHP 3,000"	UNICEF - Emergency response	03/01/2022
Laguna	Cavinti	Real	378	James	Cruz	Gómez	Female	72	LIVELIHOOD_ASSISTANCE	Job Referral	Level 1 support	Provincial Government - Annual assistance. Contact: local coordinator	09/08/2022
Laguna	San Pablo	Sirang Lupa	156	Pedro	García	Pérez	Female	33	EDUCATIONAL_ASSISTANCE	GAD Trainings	1-day seminar	DOLE - Special initiative. Contact: local coordinator	03/12/2022
Laguna	Mabitac	Sirang Lupa	421	James	García	Santos	Female	77	SLP	Vaccination	Basic assistance	DA - Emergency response. Contact: main branch	07/11/2023
Laguna	San Pablo	Súcol	105	Juan	Reyes	Cruz	Female	74	KALAHI	Alternative Learning System	Enhanced support	Caritas - Emergency response. Contact: main branch	01/07/2024
Laguna	Los Baños	Puting Lupa	705	James	Cruz	Santos	Male	25	OTHER_PROGRAM	Agricultural and Fisheries	Standard package	Provincial Government - Special initiative	03/28/2025
Laguna	Victoria	San Andrés	330	James	García	García	Female	39	LIVELIHOOD_ASSISTANCE	Consultation/Medical Check-Up	"PHP 10,000"	DSWD - Emergency response. Contact: local coordinator	03/06/2023
Laguna	Lumban	San Benito (Palita)	439	Janna	Gómez	Pérez	Male	51	KALAHI	Capital/Starter Kit	Standard package	DSWD - Special initiative	02/09/2024
Laguna	Bay	Barangay I (Poblacion)	132	Clara	López	García	Female	57	OTHER_PROGRAM	Alternative Learning System	Basic assistance	UNICEF - Regular program. Contact: main branch	09/18/2023
Laguna	San Pedro	Pansol	867	Ana	Carn	Gómez	Female	45	SLP	Insurance	Standard package	DOLE - Special initiative. Contact: local coordinator	03/28/2022
Laguna	Cavinti	Calo	382	Miguel	Carn	García	Female	63	OTHER_CAPABILITY_BUILDING_SUPPORT	Parent Effectiveness Trainings	Level 1 support	Private Donor - Emergency response	12/08/2024
Laguna	Pakil	Zapote	138	Ana	Cruz	Reyes	Male	53	SUPPLEMENTAL_FEEDING	Burial Assistance	Basic assistance	Anonymous Donor - Regular program. Contact: regional office	09/17/2021
Laguna	Cabuyao	Lingga	943	Ana	Reyes	Gómez	Female	73	LIVELIHOOD_ASSISTANCE	Transportation Allowance	Enhanced support	UNICEF - Special initiative. Contact: local coordinator	04/02/2023
Laguna	Santa Maria	Lingga	843	María	Reyes	Cruz	Female	64	OTHER_CAPABILITY_BUILDING_SUPPORT	Alternative Learning System	Standard package	DepEd - Pilot program. Contact: local coordinator	10/06/2024
Laguna	Famy	San Ildefonso	270	Janna	García	García	Female	24	SOCIAL_PENSION	Family Development Trainings	Week-long training	DA - Special initiative. Contact: regional office	12/09/2022
Laguna	Pakil	Santo Tomás (Calabuso)	550	Miguel	Gómez	Galang	Male	69	OTHER_PROGRAM	Alternative Learning System	Enhanced support	USAID - Special initiative. Contact: regional office	05/02/2023
Laguna	Siniloan	Barangay IV (Poblacion)	396	Pedro	Pérez	García	Male	57	OTHER_CAPABILITY_BUILDING_SUPPORT	Equipment/School Materials	Tablet	UNICEF - Annual assistance. Contact: main branch	04/22/2024
Laguna	Pila	Sirang Lupa	557	Pedro	Cruz	López	Female	76	AICS	Dental Services	Basic assistance	Caritas - Pilot program. Contact: local coordinator	10/20/2022
Laguna	Pangil	San José	913	Pedro	Pérez	Reyes	Male	60	OTHER_PROGRAM	Cash for Work	Enhanced support	DSWD - Special initiative. Contact: main branch	06/24/2021
Laguna	Pagsanjan	Parian	464	Ana	Carn	Galang	Female	45	SOCIAL_PENSION	Insurance	Standard package	DA - Special initiative. Contact: local coordinator	12/13/2022
Laguna	Lumban	San Andrés	675	Clara	López	Pérez	Male	76	AICS	Burial Assistance	Standard package	Anonymous Donor - Regular program. Contact: local coordinator	11/10/2024
Laguna	Mabitac	San Benito (Palita)	450	Ana	García	Cruz	Female	19	OTHER_CAPABILITY_BUILDING_SUPPORT	Parent Effectiveness Trainings	Enhanced support	DA - Special initiative. Contact: local coordinator	08/08/2022
Laguna	Liliw	Real	331	Miguel	López	Cruz	Male	26	MEDICAL_SERVICES	Food Items	Basic Groceries	DOH - Emergency response	07/19/2024
Laguna	Los Baños	San Miguel	253	Clara	Pérez	López	Female	23	PWD_ASSISTANCE	Dental Services	Level 1 support	Private Donor - Regular program. Contact: regional office	07/05/2021
Laguna	Bay	San Miguel	681	Janna	García	Pérez	Male	72	LIVELIHOOD_ASSISTANCE	Tutorial Sessions	Enhanced support	DA - Special initiative. Contact: main branch	10/14/2022
Laguna	San Pedro	Paciano Rizal	963	Clara	Santos	García	Male	75	EDUCATIONAL_ASSISTANCE	Leadership Skills Training	Standard package	Caritas - Regular program	06/16/2021
Laguna	Santa Cruz	San Antonio	285	Miguel	López	Galang	Female	18	SOCIAL_PENSION	Burial Assistance	Level 1 support	UNICEF - Regular program. Contact: local coordinator	05/23/2021
Laguna	Kalayaan	Santo Tomás (Calabuso)	274	James	Cruz	López	Female	20	SUPPLEMENTAL_FEEDING	Values Formation	2-day workshop	Red Cross - Special initiative	05/08/2022
Laguna	Nagcarlan	Barangay II (Poblacion)	20	Ana	López	Galang	Male	79	EDUCATIONAL_ASSISTANCE	Vaccination	Level 1 support	Provincial Government - Special initiative. Contact: local coordinator	03/13/2021
Laguna	Santa Cruz	Zapote	239	Pedro	López	García	Female	27	OTHER_CAPABILITY_BUILDING_SUPPORT	"Non-Food Items (Hygiene Kits, Clothes, Household Items)"	Basic assistance	DOH - Special initiative. Contact: regional office	09/29/2024
Laguna	Biñan	San Juan	270	James	García	Pérez	Female	54	AICS	Values Formation	Week-long training	Private Donor - Regular program. Contact: local coordinator	05/14/2022
Laguna	San Pablo	Paciano Rizal	418	Ana	Carn	García	Female	61	OTHER_PROGRAM	Mental Health Support	Standard package	Anonymous Donor - Pilot program	05/27/2021
Laguna	Calauan	Looc	945	Juan	Pérez	Santos	Female	40	EDUCATIONAL_ASSISTANCE	Skills Training	Computer Literacy	Local Government - Annual assistance	03/05/2025
Laguna	Calamba	Majada Labas	310	María	Santos	Santos	Male	50	SLP	Technical Skills Training	Standard package	UNICEF - Special initiative. Contact: main branch	09/23/2024
Laguna	Calamba	Sirang Lupa	31	Ana	López	García	Female	26	AICS	Job Fair	Enhanced support	Private Donor - Annual assistance	01/14/2024
Laguna	Pila	San Andrés	826	Juan	Gómez	Reyes	Male	70	PWD_ASSISTANCE	Family Development Trainings	3-day conference	USAID - Pilot program. Contact: regional office	06/10/2023
Laguna	Magdalena	Palingon	104	Miguel	Pérez	López	Male	30	OTHER_PROGRAM	Financial	"PHP 5,000"	USAID - Pilot program	03/18/2023
Laguna	Rizal	Makiling	682	Janna	Gómez	Santos	Female	45	LIVELIHOOD_ASSISTANCE	Values Formation	Week-long training	DSWD - Special initiative	04/26/2023
Laguna	Nagcarlan	San José	186	Juan	Pérez	Gómez	Female	68	MEDICAL_SERVICES	Job Referral	Basic assistance	Community Organization - Pilot program. Contact: regional office	03/12/2024
Laguna	Kalayaan	San Juan	128	Janna	Gómez	García	Male	24	SLP	Food Assistance	Food Pack	UNICEF - Regular program. Contact: local coordinator	06/10/2023
Laguna	Biñan	San Gregorio	210	Ana	Carn	Gómez	Female	43	PWD_ASSISTANCE	"Non-Food Items (Hygiene Kits, Clothes, Household Items)"	Level 1 support	UNICEF - Emergency response	08/27/2024
Laguna	Pakil	Casile	414	Janna	Reyes	Gómez	Female	33	OTHER_PROGRAM	Consultation/Medical Check-Up	"PHP 3,000"	DepEd - Special initiative. Contact: regional office	10/24/2024
Laguna	Santa Cruz	Barangay IV (Poblacion)	281	Juan	Santos	Galang	Male	57	PWD_ASSISTANCE	Leadership Skills Training	Basic assistance	USAID - Special initiative	03/24/2023
Laguna	Nagcarlan	San Cristóbal	959	Clara	Santos	López	Male	75	LIVELIHOOD_ASSISTANCE	Tutorial Sessions	Basic assistance	USAID - Annual assistance	08/29/2023
Laguna	Siniloan	Palingon	253	María	Gómez	Pérez	Male	43	AICS	Vaccination	Level 1 support	Local Government - Regular program. Contact: main branch	01/04/2025
Laguna	Santa Maria	Majada Labas	19	James	Gómez	Santos	Female	68	OTHER_PROGRAM	Values Formation	Week-long training	Anonymous Donor - Emergency response. Contact: main branch	03/08/2021
Laguna	Liliw	Palma	712	James	Gómez	Pérez	Female	56	OTHER_CAPABILITY_BUILDING_SUPPORT	Insurance	Level 1 support	World Vision - Emergency response. Contact: regional office	04/18/2023
Laguna	Biñan	San Ildefonso	732	María	Pérez	Reyes	Male	72	SOCIAL_PENSION	Burial Assistance	Basic assistance	DSWD - Annual assistance. Contact: main branch	07/16/2023
Laguna	Paete	Paciano Rizal	136	Pedro	García	López	Male	49	EDUCATIONAL_ASSISTANCE	Dental Services	Standard package	Provincial Government - Emergency response. Contact: regional office	04/07/2025
Laguna	Paete	Sirang Lupa	223	James	López	López	Female	53	KALAHI	Cash for Work	Enhanced support	Local Government - Pilot program. Contact: local coordinator	12/07/2021
Laguna	Victoria	San José	3	Miguel	Reyes	Cruz	Female	59	SLP	Leadership Skills Training	Enhanced support	DOH - Emergency response. Contact: local coordinator	04/12/2021
Laguna	Nagcarlan	Santa Rosa	963	Ana	Gómez	Galang	Female	74	MEDICAL_SERVICES	Capital/Starter Kit	Basic assistance	World Vision - Special initiative	08/30/2024
Laguna	San Pablo	San Benito (Palita)	236	Pedro	García	Reyes	Male	18	DISASTER_RELIEF_ASSISTANCE	Food Items	Rice (10kg)	Private Donor - Pilot program. Contact: local coordinator	08/10/2023
Laguna	Biñan	Puting Lupa	854	Ana	Cruz	Gómez	Female	66	SUPPLEMENTAL_FEEDING	Insurance	Enhanced support	DOH - Pilot program. Contact: regional office	02/08/2024
Laguna	Biñan	San Antonio	465	Juan	Carn	Reyes	Female	38	AICS	Scholarship Grants	Enhanced support	Provincial Government - Emergency response. Contact: main branch	06/26/2023
Laguna	Calauan	Palingon	228	Miguel	Carn	Pérez	Male	30	SOCIAL_PENSION	Mental Health Support	Enhanced support	DepEd - Annual assistance. Contact: main branch	12/26/2024
Laguna	Lumban	Lingga	913	Juan	García	Reyes	Female	68	SUPPLEMENTAL_FEEDING	Technical Skills Training	Enhanced support	Provincial Government - Regular program. Contact: main branch	12/08/2021
Laguna	San Pablo	Majada Labas	654	Pedro	Pérez	Galang	Male	43	DISASTER_RELIEF_ASSISTANCE	Capital/Starter Kit	Level 1 support	DOH - Annual assistance. Contact: main branch	04/08/2023
Laguna	Siniloan	Santo Domingo	499	Pedro	Carn	Reyes	Female	62	OTHER_PROGRAM	Vaccination	Basic assistance	USAID - Emergency response. Contact: regional office	04/17/2024
Laguna	Magdalena	Timbao	521	Miguel	López	Cruz	Male	26	SLP	"Non-Food Items (Hygiene Kits, Clothes, Household Items)"	Level 1 support	DOLE - Pilot program. Contact: local coordinator	11/10/2022
Laguna	San Pedro	Barangay III (Poblacion)	702	Miguel	Carn	Santos	Male	54	PWD_ASSISTANCE	Surgical Procedures	"PHP 3,000"	DOLE - Annual assistance. Contact: local coordinator	05/14/2021
Laguna	Kalayaan	Paciano Rizal	862	Pedro	López	Galang	Male	40	SLP	Medical Supplies	"PHP 5,000"	UNICEF - Emergency response. Contact: local coordinator	11/20/2023
Laguna	Cabuyao	Calo	917	Pedro	Cruz	Reyes	Female	18	SOCIAL_PENSION	Technical Skills Training	Enhanced support	DSWD - Pilot program	05/25/2023
Laguna	Mabitac	San Isidro	972	Janna	Gómez	García	Female	19	MEDICAL_SERVICES	Vaccination	Basic assistance	Caritas - Regular program. Contact: regional office	02/05/2025
Laguna	Calamba	Masili	677	Clara	Reyes	Santos	Female	60	LIVELIHOOD_ASSISTANCE	Financial	"PHP 2,000"	DA - Pilot program	09/23/2023
Laguna	Bay	San Juan	992	Pedro	Santos	Pérez	Female	45	OTHER_CAPABILITY_BUILDING_SUPPORT	Technical Skills Training	Standard package	Provincial Government - Annual assistance. Contact: main branch	01/20/2022
Laguna	Los Baños	San Roque	139	Miguel	García	Gómez	Male	53	EDUCATIONAL_ASSISTANCE	GAD Trainings	1-day seminar	Caritas - Special initiative. Contact: regional office	08/21/2022
Laguna	Kalayaan	Barangay II (Poblacion)	276	Clara	García	López	Female	48	PWD_ASSISTANCE	Medical Supplies	"PHP 10,000"	Private Donor - Pilot program	01/09/2021
Laguna	San Pablo	Paciano Rizal	291	Pedro	López	Galang	Female	58	AICS	Surgical Procedures	"PHP 10,000"	Local Government - Pilot program. Contact: main branch	05/16/2021
Laguna	Biñan	Makiling	53	Juan	Cruz	García	Male	22	SUPPLEMENTAL_FEEDING	GAD Trainings	Week-long training	Anonymous Donor - Pilot program. Contact: regional office	08/06/2024
Laguna	Santa Maria	San Cristóbal	687	Ana	Cruz	López	Male	54	KALAHI	Job Fair	Enhanced support	DOH - Emergency response. Contact: main branch	09/03/2023
Laguna	Santa Rosa	Santa Rosa	110	Clara	Pérez	García	Male	42	AICS	Agricultural and Fisheries	Standard package	Red Cross - Pilot program. Contact: main branch	09/06/2023
Laguna	Siniloan	San José	715	Juan	Santos	Reyes	Male	25	AICS	Values Formation	2-day workshop	UNICEF - Regular program. Contact: main branch	02/12/2021
Laguna	Kalayaan	Mayapa	948	James	Gómez	Gómez	Female	51	SOCIAL_PENSION	Scholarship Grants	Level 1 support	Community Organization - Emergency response. Contact: local coordinator	02/03/2024
Laguna	Biñan	San Benito (Palita)	648	Miguel	Reyes	Galang	Male	56	LIVELIHOOD_ASSISTANCE	Dental Services	Standard package	Community Organization - Emergency response. Contact: main branch	11/21/2023
Laguna	San Pedro	Real	4	Janna	García	Gómez	Female	66	KALAHI	Cash for Training	Basic assistance	Community Organization - Annual assistance	02/26/2023
Laguna	Bay	Majada Labas	667	Janna	López	Gómez	Female	49	SUPPLEMENTAL_FEEDING	Technical Skills Training	Standard package	World Vision - Special initiative. Contact: main branch	05/27/2024
Laguna	Luisiana	Paciano Rizal	684	Ana	Cruz	Pérez	Male	75	SUPPLEMENTAL_FEEDING	Medical Supplies	Medical Kit	Red Cross - Special initiative. Contact: regional office	04/23/2021
Laguna	Liliw	San Isidro	936	Pedro	Gómez	Reyes	Male	76	SUPPLEMENTAL_FEEDING	Food for Work	Basic assistance	USAID - Special initiative. Contact: local coordinator	01/02/2023
Laguna	Kalayaan	Sirang Lupa	870	Juan	García	López	Male	28	AICS	Scholarship Grants	Standard package	DA - Regular program. Contact: regional office	07/07/2024
Laguna	Magdalena	Paciano Rizal	47	James	López	Pérez	Male	64	SOCIAL_PENSION	Leadership Skills Training	Basic assistance	DOLE - Annual assistance. Contact: regional office	01/12/2021
Laguna	Famy	Masaya	94	Juan	Carn	Gómez	Male	42	AICS	Medical Supplies	Wheelchair	USAID - Annual assistance. Contact: main branch	02/03/2025
Laguna	San Pedro	Pansol	940	Miguel	Gómez	Cruz	Female	20	OTHER_CAPABILITY_BUILDING_SUPPORT	Job Referral	Basic assistance	Anonymous Donor - Pilot program. Contact: local coordinator	09/25/2024
Laguna	Calamba	Uwisan	560	Miguel	García	García	Male	62	OTHER_CAPABILITY_BUILDING_SUPPORT	Transportation Allowance	Level 1 support	Caritas - Special initiative. Contact: local coordinator	05/22/2023
Laguna	Los Baños	Santa Rosa	752	Pedro	Reyes	Cruz	Female	67	SUPPLEMENTAL_FEEDING	Burial Assistance	Level 1 support	Local Government - Annual assistance	09/03/2021
Laguna	Santa Maria	Palo-Alto	859	Pedro	Gómez	López	Male	69	LIVELIHOOD_ASSISTANCE	Food for Work	Enhanced support	Private Donor - Emergency response. Contact: regional office	06/27/2024
Laguna	Bay	Barangay III (Poblacion)	213	Miguel	López	Reyes	Female	49	SLP	Dental Services	Enhanced support	DA - Annual assistance. Contact: main branch	05/24/2022
Laguna	San Pablo	Sirang Lupa	436	María	Reyes	Pérez	Female	69	LIVELIHOOD_ASSISTANCE	Equipment/School Materials	Uniform	Red Cross - Special initiative. Contact: regional office	08/20/2024
Laguna	Santa Rosa	San Ildefonso	852	Miguel	García	Pérez	Female	52	SUPPLEMENTAL_FEEDING	Dental Services	Standard package	USAID - Regular program. Contact: main branch	03/17/2025
Laguna	Magdalena	Santo Domingo	508	Juan	Carn	Pérez	Male	49	OTHER_PROGRAM	Financial	"PHP 1,500"	DepEd - Annual assistance. Contact: main branch	10/16/2024
Laguna	Calauan	Masaya	836	Ana	Reyes	Santos	Male	51	MEDICAL_SERVICES	Leadership Skills Training	Basic assistance	World Vision - Pilot program. Contact: local coordinator	02/13/2021
Laguna	Famy	Masili	651	Juan	Cruz	García	Male	54	SLP	Tutorial Sessions	Level 1 support	DOLE - Regular program	09/04/2024
Laguna	Santa Maria	Barangay I (Poblacion)	205	Janna	López	Santos	Female	69	SUPPLEMENTAL_FEEDING	Insurance	Basic assistance	Provincial Government - Emergency response. Contact: regional office	08/30/2022
Laguna	Calamba	Ulango	381	James	García	Galang	Female	22	SOCIAL_PENSION	Medical Assistance	"PHP 3,000"	DOLE - Special initiative. Contact: local coordinator	02/21/2025
Laguna	Majayjay	San Roque	73	Clara	Carn	García	Male	62	SOCIAL_PENSION	Medical Assistance	Medical Kit	Community Organization - Pilot program	08/10/2024
Laguna	Santa Cruz	Barangay II (Poblacion)	516	Ana	Cruz	Cruz	Male	45	SOCIAL_PENSION	Scholarship Grants	Basic assistance	Caritas - Regular program. Contact: main branch	05/24/2022
Laguna	Paete	Santo Domingo	76	María	García	Santos	Female	45	SUPPLEMENTAL_FEEDING	Food Items	Canned Goods (10 pcs)	Local Government - Pilot program	03/25/2025
Laguna	Calauan	San José	841	James	Gómez	López	Female	25	SOCIAL_PENSION	Medical Supplies	Medical Kit	Anonymous Donor - Special initiative. Contact: local coordinator	09/11/2024
Laguna	Calamba	San Agustín (Antipolo)	77	James	Pérez	Galang	Male	44	SOCIAL_PENSION	Insurance	Basic assistance	USAID - Emergency response. Contact: main branch	06/30/2024
Laguna	Santa Rosa	Palingon	816	Clara	Carn	García	Male	33	DISASTER_RELIEF_ASSISTANCE	Job Fair	Standard package	DSWD - Emergency response	11/04/2021
Laguna	Majayjay	San Isidro	768	Janna	Cruz	Pérez	Male	35	DISASTER_RELIEF_ASSISTANCE	Insurance	Level 1 support	DOH - Special initiative. Contact: main branch	09/08/2024
Laguna	Lumban	Barangay I (Poblacion)	410	Janna	Reyes	López	Female	42	EDUCATIONAL_ASSISTANCE	"Non-Food Items (Hygiene Kits, Clothes, Household Items)"	Enhanced support	World Vision - Special initiative. Contact: regional office	05/17/2023
Laguna	Santa Rosa	Majada Labas	614	Janna	García	Gómez	Female	75	OTHER_PROGRAM	Dental Services	Standard package	Local Government - Emergency response	07/01/2023
Laguna	Calamba	Saimsim	106	Ana	García	Galang	Male	65	PWD_ASSISTANCE	Job Fair	Standard package	Red Cross - Special initiative. Contact: local coordinator	02/05/2021
Laguna	Lumban	Mayapa	845	Juan	Reyes	Cruz	Male	18	AICS	Leadership Skills Training	Enhanced support	USAID - Emergency response	12/12/2022
Laguna	Nagcarlan	San Benito (Palita)	551	James	Pérez	Pérez	Male	25	SOCIAL_PENSION	Parent Effectiveness Trainings	Basic assistance	World Vision - Special initiative	08/07/2024
Laguna	Paete	Puting Lupa	476	Juan	Santos	López	Male	77	EDUCATIONAL_ASSISTANCE	Financial	"PHP 1,500"	DepEd - Pilot program	04/15/2025
Laguna	Famy	Masaya	826	Juan	Cruz	García	Male	38	OTHER_CAPABILITY_BUILDING_SUPPORT	Insurance	Basic assistance	DA - Regular program	07/30/2023
Laguna	Lumban	Puting Lupa	275	Janna	Reyes	Galang	Female	51	LIVELIHOOD_ASSISTANCE	Burial Assistance	Enhanced support	DA - Annual assistance. Contact: local coordinator	02/21/2025
Laguna	Victoria	Mapagong	88	Juan	Gómez	Reyes	Male	41	PWD_ASSISTANCE	Capital/Starter Kit	Enhanced support	UNICEF - Annual assistance	08/19/2023
Laguna	Siniloan	Barangay IV (Poblacion)	723	James	García	Gómez	Female	54	KALAHI	Leadership Skills Training	Level 1 support	Anonymous Donor - Pilot program	08/24/2021
Laguna	Pagsanjan	Barangay I (Poblacion)	881	James	Gómez	García	Female	43	EDUCATIONAL_ASSISTANCE	GAD Trainings	3-day conference	Red Cross - Annual assistance. Contact: regional office	11/09/2024
Laguna	Santa Cruz	Santa Rosa	77	Pedro	Cruz	García	Female	64	SLP	Food Items	Rice (10kg)	Private Donor - Pilot program	12/27/2021
Laguna	Biñan	Puting Lupa	77	María	Pérez	Pérez	Female	31	LIVELIHOOD_ASSISTANCE	Values Formation	3-day conference	DOH - Pilot program. Contact: local coordinator	07/03/2024
Laguna	San Pablo	Makiling	442	Ana	Cruz	García	Female	75	SUPPLEMENTAL_FEEDING	Values Formation	3-day conference	DOLE - Emergency response. Contact: local coordinator	05/18/2023
Laguna	Famy	Mapagong	540	Juan	Gómez	Pérez	Female	46	OTHER_PROGRAM	Voucher	Standard package	USAID - Emergency response. Contact: local coordinator	10/14/2024
Laguna	Bay	Milagrosa	245	Ana	Gómez	García	Female	47	DISASTER_RELIEF_ASSISTANCE	Consultation/Medical Check-Up	"PHP 10,000"	Community Organization - Annual assistance. Contact: main branch	04/16/2025
Laguna	Famy	San Antonio	578	Ana	Santos	Reyes	Female	20	SUPPLEMENTAL_FEEDING	Tutorial Sessions	Standard package	DOLE - Special initiative. Contact: regional office	01/25/2021
Laguna	Santa Maria	Mapagong	778	Ana	García	López	Male	24	SLP	Parent Effectiveness Trainings	Level 1 support	Provincial Government - Pilot program. Contact: local coordinator	03/26/2023
Laguna	Lumban	Santa Rosa	382	Clara	Carn	López	Male	53	SUPPLEMENTAL_FEEDING	Alternative Learning System	Standard package	Caritas - Emergency response. Contact: main branch	08/10/2023
Laguna	Lumban	Mapagong	982	Miguel	Santos	López	Male	28	EDUCATIONAL_ASSISTANCE	Honorarium	Enhanced support	UNICEF - Special initiative	09/11/2023
Laguna	Alaminos	Masili	717	Pedro	Santos	Cruz	Male	49	KALAHI	Equipment/School Materials	Laptop	DepEd - Emergency response. Contact: local coordinator	10/22/2023
Laguna	Calauan	Calo	570	Ana	Carn	Reyes	Male	76	OTHER_PROGRAM	Activity Involvement/Advocacy	Level 1 support	DOH - Pilot program. Contact: regional office	12/24/2021
Laguna	San Pablo	Casile	713	Miguel	Carn	Reyes	Female	75	MEDICAL_SERVICES	Family Development Trainings	3-day conference	World Vision - Annual assistance. Contact: local coordinator	04/28/2021
Laguna	Pagsanjan	Calo	737	Miguel	Pérez	Gómez	Female	29	SOCIAL_PENSION	Capital/Starter Kit	Basic assistance	Provincial Government - Special initiative. Contact: main branch	04/24/2022
Laguna	Majayjay	Calo	142	Pedro	Pérez	Galang	Female	32	OTHER_PROGRAM	Insurance	Basic assistance	USAID - Annual assistance. Contact: local coordinator	11/08/2022
Laguna	Famy	San Vicente	893	James	Santos	Santos	Female	55	EDUCATIONAL_ASSISTANCE	GAD Trainings	3-day conference	DOLE - Regular program	04/04/2022
Laguna	Santa Rosa	San Miguel	368	Clara	Cruz	López	Female	75	LIVELIHOOD_ASSISTANCE	Scholarship Grants	Enhanced support	World Vision - Regular program. Contact: main branch	04/23/2021
Laguna	Alaminos	Masili	84	Juan	Reyes	Santos	Male	41	PWD_ASSISTANCE	Financial	"PHP 3,000"	Local Government - Annual assistance. Contact: local coordinator	05/03/2024
Laguna	Santa Maria	San Juan	143	Pedro	Reyes	Galang	Male	18	LIVELIHOOD_ASSISTANCE	Vaccination	Basic assistance	DSWD - Annual assistance. Contact: regional office	11/10/2023
Laguna	Santa Maria	San Juan	352	María	Santos	Reyes	Female	35	SUPPLEMENTAL_FEEDING	Food Items	Rice (10kg)	Anonymous Donor - Special initiative. Contact: regional office	08/02/2024
Laguna	Majayjay	San José	545	Miguel	Cruz	Galang	Male	63	OTHER_CAPABILITY_BUILDING_SUPPORT	Cash for Training	Basic assistance	USAID - Special initiative. Contact: regional office	04/03/2022
Laguna	Kalayaan	Pansol	913	Ana	Carn	García	Male	78	OTHER_CAPABILITY_BUILDING_SUPPORT	Food Assistance	Basic Groceries	DepEd - Special initiative. Contact: regional office	01/11/2025
Laguna	Lumban	Mapagong	152	Miguel	López	Galang	Male	73	OTHER_CAPABILITY_BUILDING_SUPPORT	Voucher	Standard package	Red Cross - Emergency response. Contact: regional office	10/02/2022
Laguna	Los Baños	Real	158	Clara	Santos	Galang	Male	24	OTHER_PROGRAM	Activity Involvement/Advocacy	Basic assistance	World Vision - Annual assistance. Contact: regional office	01/14/2024
Laguna	Lumban	San Vicente	446	María	García	Pérez	Male	59	KALAHI	"Non-Food Items (Hygiene Kits, Clothes, Household Items)"	Standard package	Caritas - Annual assistance. Contact: regional office	07/30/2022
Laguna	San Pedro	Del Carmen	653	James	Cruz	García	Female	58	MEDICAL_SERVICES	Food for Work	Standard package	Provincial Government - Pilot program. Contact: regional office	07/21/2024
Laguna	Pangil	San Agustín (Antipolo)	958	James	García	Pérez	Male	19	MEDICAL_SERVICES	Surgical Procedures	"PHP 3,000"	DA - Regular program. Contact: regional office	03/11/2023
Laguna	Liliw	San Antonio	763	Janna	García	Santos	Male	57	MEDICAL_SERVICES	Financial	"PHP 5,000"	Provincial Government - Emergency response. Contact: main branch	02/07/2022
Laguna	Cabuyao	Barangay I (Poblacion)	303	Ana	Santos	Gómez	Female	71	OTHER_PROGRAM	Parent Effectiveness Trainings	Level 1 support	Private Donor - Pilot program	09/10/2021
Laguna	Santa Maria	Barangay IV (Poblacion)	624	Janna	Cruz	García	Female	48	AICS	Alternative Learning System	Basic assistance	Caritas - Special initiative	08/16/2023
Laguna	Calauan	Zapote	656	Clara	García	Gómez	Female	50	MEDICAL_SERVICES	Medical Assistance	Medical Kit	DOH - Emergency response	10/24/2022
Laguna	Santa Rosa	Sirang Lupa	450	María	Pérez	Cruz	Female	69	EDUCATIONAL_ASSISTANCE	Tutorial Sessions	Standard package	DepEd - Regular program. Contact: main branch	10/20/2024
Laguna	Cavinti	Ulango	721	Miguel	Gómez	Galang	Female	47	DISASTER_RELIEF_ASSISTANCE	Leadership Skills Training	Level 1 support	Caritas - Special initiative. Contact: local coordinator	10/31/2022
Laguna	Calamba	San Andrés	224	Juan	Pérez	Gómez	Female	48	AICS	Medical Assistance	Medical Kit	World Vision - Regular program. Contact: regional office	12/29/2022
Laguna	Los Baños	Mapagong	43	Janna	Cruz	Galang	Female	51	KALAHI	Tutorial Sessions	Standard package	UNICEF - Regular program. Contact: regional office	07/07/2024
Laguna	Lumban	San Miguel	264	James	Reyes	Pérez	Female	24	LIVELIHOOD_ASSISTANCE	Mental Health Support	Standard package	Caritas - Regular program. Contact: local coordinator	12/28/2024
Laguna	Santa Cruz	Maunong	756	Ana	Gómez	Santos	Male	42	OTHER_CAPABILITY_BUILDING_SUPPORT	Skills Training	Cooking	DOLE - Annual assistance. Contact: main branch	09/04/2022
Laguna	San Pedro	San Agustín (Antipolo)	3	Miguel	López	Pérez	Female	33	AICS	Burial Assistance	Basic assistance	Private Donor - Emergency response	02/20/2024
Laguna	Pagsanjan	Looc	637	María	García	Reyes	Female	39	KALAHI	Dental Services	Enhanced support	Local Government - Regular program. Contact: local coordinator	03/21/2025
Laguna	Rizal	Masili	268	Pedro	García	García	Male	53	SOCIAL_PENSION	Medical Supplies	Wheelchair	USAID - Special initiative	09/06/2023
Laguna	Liliw	Del Carmen	596	Clara	Cruz	Reyes	Female	70	OTHER_PROGRAM	Medical Assistance	Wheelchair	DA - Special initiative. Contact: main branch	11/10/2022
Laguna	Liliw	Sirang Lupa	16	Clara	Pérez	Cruz	Female	44	AICS	Transportation Allowance	Enhanced support	Provincial Government - Annual assistance	07/23/2022
Laguna	Los Baños	Looc	334	James	López	García	Female	34	OTHER_PROGRAM	Skills Training	Computer Literacy	Community Organization - Emergency response	06/27/2022
Laguna	Pangil	Puting Lupa	464	Pedro	Reyes	Cruz	Female	78	DISASTER_RELIEF_ASSISTANCE	Parent Effectiveness Trainings	Basic assistance	DOLE - Annual assistance	06/03/2022
Laguna	Victoria	Barangay IV (Poblacion)	59	Clara	García	Cruz	Male	21	SUPPLEMENTAL_FEEDING	GAD Trainings	3-day conference	World Vision - Pilot program. Contact: regional office	01/12/2021
Laguna	Cavinti	Calo	177	Juan	Santos	Cruz	Male	78	MEDICAL_SERVICES	Honorarium	Enhanced support	UNICEF - Regular program. Contact: local coordinator	01/10/2021
Laguna	Paete	Puting Lupa	63	Miguel	Pérez	López	Female	75	LIVELIHOOD_ASSISTANCE	"Non-Food Items (Hygiene Kits, Clothes, Household Items)"	Enhanced support	DepEd - Pilot program	06/06/2021
Laguna	Cabuyao	San Vicente	958	Ana	Cruz	García	Male	52	PWD_ASSISTANCE	Surgical Procedures	"PHP 3,000"	DSWD - Emergency response. Contact: local coordinator	10/09/2023
Laguna	Bay	Barangay I (Poblacion)	561	Miguel	Cruz	Gómez	Male	58	OTHER_PROGRAM	Tutorial Sessions	Enhanced support	Private Donor - Emergency response	12/26/2022
Laguna	Mabitac	Saimsim	307	Juan	Pérez	García	Male	39	SOCIAL_PENSION	Insurance	Enhanced support	Red Cross - Special initiative	05/21/2021
Laguna	Lumban	Santa Rosa	246	Clara	García	López	Male	64	EDUCATIONAL_ASSISTANCE	Activity Involvement/Advocacy	Standard package	UNICEF - Special initiative. Contact: regional office	10/01/2022
Laguna	Siniloan	Zapote	289	Juan	Reyes	Santos	Male	69	SUPPLEMENTAL_FEEDING	Parent Effectiveness Trainings	Standard package	Caritas - Pilot program	05/17/2021
Laguna	Luisiana	San Agustín (Antipolo)	798	Miguel	García	Gómez	Male	52	SUPPLEMENTAL_FEEDING	"Non-Food Items (Hygiene Kits, Clothes, Household Items)"	Standard package	USAID - Special initiative. Contact: main branch	11/22/2022
Laguna	Cavinti	Parian	955	Clara	Pérez	López	Female	61	DISASTER_RELIEF_ASSISTANCE	Transportation Allowance	Enhanced support	Private Donor - Emergency response. Contact: main branch	11/24/2024
Laguna	Bay	Ulango	332	Ana	Gómez	Gómez	Female	32	OTHER_CAPABILITY_BUILDING_SUPPORT	Dental Services	Standard package	DepEd - Regular program. Contact: regional office	03/19/2022
Laguna	Lumban	Real	527	Ana	Carn	Galang	Male	78	PWD_ASSISTANCE	Medical Supplies	Crutches	DepEd - Annual assistance. Contact: regional office	01/05/2025
Laguna	Mabitac	San Agustín (Antipolo)	850	Pedro	García	Reyes	Male	69	KALAHI	Transportation Allowance	Standard package	Anonymous Donor - Annual assistance	07/14/2024
Laguna	Santa Maria	San Cristóbal	255	Juan	López	Reyes	Male	57	OTHER_CAPABILITY_BUILDING_SUPPORT	GAD Trainings	3-day conference	Local Government - Regular program. Contact: local coordinator	11/07/2022
Laguna	Nagcarlan	Palma	604	María	Gómez	Cruz	Female	61	LIVELIHOOD_ASSISTANCE	Vaccination	Standard package	Community Organization - Special initiative. Contact: regional office	03/17/2025
Laguna	Kalayaan	San Andrés	510	Pedro	Pérez	García	Female	38	SUPPLEMENTAL_FEEDING	Burial Assistance	Standard package	DOH - Pilot program. Contact: regional office	10/04/2021
Laguna	Nagcarlan	Palma	791	Ana	Gómez	García	Female	30	PWD_ASSISTANCE	Food Assistance	Rice (5kg)	Local Government - Regular program. Contact: local coordinator	10/11/2024
Laguna	Famy	Puting Lupa	718	James	López	Cruz	Female	64	DISASTER_RELIEF_ASSISTANCE	Skills Training	Cooking	DA - Special initiative. Contact: local coordinator	07/22/2023
Laguna	Bay	Lingga	606	Clara	Gómez	Galang	Female	28	OTHER_CAPABILITY_BUILDING_SUPPORT	Activity Involvement/Advocacy	Basic assistance	Anonymous Donor - Annual assistance. Contact: local coordinator	01/22/2024
Laguna	Santa Rosa	Turbina	737	Pedro	Gómez	Reyes	Female	66	SLP	Surgical Procedures	"PHP 3,000"	Red Cross - Emergency response. Contact: regional office	10/03/2022
Laguna	San Pablo	Calo	813	Janna	Pérez	López	Male	70	SLP	Capital/Starter Kit	Enhanced support	Community Organization - Pilot program	03/05/2024
Laguna	Lumban	Turbina	830	María	Carn	Santos	Female	73	MEDICAL_SERVICES	Voucher	Basic assistance	World Vision - Regular program. Contact: main branch	04/21/2021
Laguna	Biñan	San Juan	463	Clara	López	Gómez	Female	44	PWD_ASSISTANCE	Honorarium	Basic assistance	World Vision - Annual assistance. Contact: local coordinator	12/04/2023
Laguna	Majayjay	Calo	199	Pedro	López	Gómez	Female	48	PWD_ASSISTANCE	Food for Work	Basic assistance	DSWD - Regular program	06/10/2023
Laguna	Calauan	Makiling	271	Ana	Santos	Gómez	Male	61	OTHER_PROGRAM	Transportation Allowance	Enhanced support	Red Cross - Pilot program. Contact: local coordinator	07/30/2021
Laguna	Pagsanjan	Santo Domingo	746	Miguel	Cruz	Gómez	Female	49	MEDICAL_SERVICES	Honorarium	Level 1 support	DepEd - Regular program. Contact: local coordinator	12/09/2021
Laguna	Victoria	Palo-Alto	558	Ana	López	Pérez	Male	69	KALAHI	Capital/Starter Kit	Enhanced support	DOLE - Special initiative. Contact: regional office	10/14/2024
Laguna	Cavinti	Looc	64	María	Cruz	Galang	Male	47	AICS	Voucher	Standard package	DOH - Emergency response	12/27/2021
Laguna	Liliw	Timbao	230	Janna	Pérez	Gómez	Female	35	PWD_ASSISTANCE	Activity Involvement/Advocacy	Level 1 support	DSWD - Pilot program. Contact: local coordinator	09/16/2024
Laguna	Kalayaan	Masili	942	Pedro	Reyes	García	Female	78	SUPPLEMENTAL_FEEDING	GAD Trainings	2-day workshop	UNICEF - Pilot program. Contact: local coordinator	02/15/2022
Laguna	Bay	Casile	952	Miguel	García	Pérez	Female	33	KALAHI	Alternative Learning System	Basic assistance	Anonymous Donor - Special initiative. Contact: main branch	01/29/2023
Laguna	Santa Rosa	Puting Lupa	249	Pedro	Santos	Cruz	Male	52	DISASTER_RELIEF_ASSISTANCE	GAD Trainings	3-day conference	DepEd - Special initiative. Contact: local coordinator	05/23/2022
Laguna	Santa Rosa	Parian	246	Juan	Pérez	Reyes	Female	79	LIVELIHOOD_ASSISTANCE	Medical Supplies	"PHP 5,000"	UNICEF - Emergency response	08/20/2021
Laguna	Magdalena	Maunong	940	James	Carn	Pérez	Male	76	SOCIAL_PENSION	"Non-Food Items (Hygiene Kits, Clothes, Household Items)"	Level 1 support	World Vision - Annual assistance	03/15/2023
Laguna	Victoria	San Benito (Palita)	587	Ana	Reyes	Cruz	Male	26	MEDICAL_SERVICES	Job Fair	Standard package	DSWD - Emergency response. Contact: regional office	04/08/2024
Laguna	Calamba	Punta	157	Pedro	Gómez	García	Female	79	EDUCATIONAL_ASSISTANCE	Technical Skills Training	Standard package	Community Organization - Emergency response. Contact: local coordinator	11/28/2024
Laguna	Siniloan	Puting Lupa	735	Pedro	Santos	Gómez	Female	56	SOCIAL_PENSION	Tutorial Sessions	Basic assistance	DepEd - Special initiative. Contact: local coordinator	08/22/2021
Laguna	Pila	Sirang Lupa	702	Clara	Santos	Cruz	Female	68	SOCIAL_PENSION	Technical Skills Training	Standard package	USAID - Emergency response. Contact: local coordinator	06/04/2022
Laguna	Cabuyao	Palingon	985	Clara	Pérez	López	Male	54	SUPPLEMENTAL_FEEDING	Food Assistance	Rice (5kg)	DA - Pilot program. Contact: main branch	10/29/2021
Laguna	Pakil	San Juan	564	Pedro	Carn	Pérez	Female	68	OTHER_CAPABILITY_BUILDING_SUPPORT	Cash for Work	Basic assistance	DepEd - Special initiative. Contact: regional office	04/10/2021
Laguna	Cabuyao	San Cristóbal	950	Janna	Carn	Pérez	Male	27	SOCIAL_PENSION	Financial	"PHP 5,000"	DOLE - Annual assistance. Contact: local coordinator	09/10/2021
Laguna	Paete	San Isidro	88	James	Cruz	Gómez	Female	69	DISASTER_RELIEF_ASSISTANCE	Leadership Skills Training	Standard package	DOLE - Annual assistance. Contact: main branch	11/04/2021
Laguna	Cabuyao	Santo Domingo	313	Pedro	García	Reyes	Male	29	SLP	Surgical Procedures	Medical Kit	DSWD - Annual assistance. Contact: regional office	03/05/2023
Laguna	Santa Maria	Ulango	851	María	Pérez	Cruz	Female	25	SOCIAL_PENSION	Medical Assistance	"PHP 10,000"	Local Government - Pilot program. Contact: regional office	03/14/2023
Laguna	Nagcarlan	Real	66	Ana	Reyes	Reyes	Female	79	OTHER_CAPABILITY_BUILDING_SUPPORT	Insurance	Basic assistance	USAID - Emergency response. Contact: main branch	01/22/2022
Laguna	Luisiana	Lingga	662	Juan	García	Pérez	Male	20	OTHER_PROGRAM	Financial	"PHP 2,000"	Provincial Government - Special initiative. Contact: regional office	02/21/2024
Laguna	Pila	Punta	20	Clara	Reyes	Cruz	Male	36	PWD_ASSISTANCE	Transportation Allowance	Enhanced support	Red Cross - Annual assistance	05/12/2021
Laguna	Nagcarlan	San Juan	33	María	Santos	Cruz	Female	76	AICS	Activity Involvement/Advocacy	Level 1 support	Provincial Government - Annual assistance. Contact: regional office	06/13/2024
Laguna	Liliw	Mayapa	840	Ana	López	Reyes	Male	28	SUPPLEMENTAL_FEEDING	Values Formation	3-day conference	Red Cross - Special initiative	08/09/2021
Laguna	Pila	Masili	793	Miguel	López	López	Male	25	OTHER_PROGRAM	Family Development Trainings	1-day seminar	Private Donor - Annual assistance. Contact: main branch	03/03/2021
Laguna	Alaminos	Zapote	558	Clara	Pérez	Cruz	Male	43	DISASTER_RELIEF_ASSISTANCE	Values Formation	3-day conference	Local Government - Emergency response	04/12/2023
Laguna	Pila	Timbao	73	Janna	Carn	López	Male	62	DISASTER_RELIEF_ASSISTANCE	Food for Work	Level 1 support	Red Cross - Special initiative. Contact: main branch	01/02/2023
Laguna	Santa Cruz	Calo	866	Clara	Carn	Galang	Female	75	OTHER_CAPABILITY_BUILDING_SUPPORT	GAD Trainings	3-day conference	Anonymous Donor - Regular program. Contact: local coordinator	02/07/2022
Laguna	San Pablo	San Andrés	825	James	Gómez	Santos	Male	40	LIVELIHOOD_ASSISTANCE	"Non-Food Items (Hygiene Kits, Clothes, Household Items)"	Enhanced support	DepEd - Pilot program	06/20/2021
Laguna	Santa Maria	Parian	343	James	Santos	Galang	Female	72	SUPPLEMENTAL_FEEDING	Family Development Trainings	3-day conference	DA - Emergency response. Contact: main branch	02/08/2025
Laguna	Paete	Masaya	133	Ana	Santos	Santos	Female	27	SUPPLEMENTAL_FEEDING	Vaccination	Basic assistance	Anonymous Donor - Annual assistance	01/14/2021
Laguna	Paete	San Andrés	55	María	Reyes	Galang	Female	35	OTHER_PROGRAM	Vaccination	Standard package	Anonymous Donor - Pilot program. Contact: main branch	09/27/2021
Laguna	Mabitac	Zapote	61	Juan	Santos	Santos	Male	29	SOCIAL_PENSION	Equipment/School Materials	School Supplies Kit	Red Cross - Annual assistance. Contact: local coordinator	12/14/2023
Laguna	Magdalena	Masaya	857	Janna	Gómez	Cruz	Female	56	PWD_ASSISTANCE	Voucher	Enhanced support	UNICEF - Regular program. Contact: main branch	12/07/2024
Laguna	Siniloan	Casile	520	Ana	Pérez	Reyes	Female	43	SOCIAL_PENSION	Financial	"PHP 5,000"	DA - Regular program	02/29/2024
Laguna	Luisiana	Masili	272	Miguel	Reyes	Reyes	Female	28	LIVELIHOOD_ASSISTANCE	Insurance	Basic assistance	Anonymous Donor - Special initiative. Contact: regional office	12/14/2022
Laguna	Cabuyao	Mayapa	246	Janna	García	Gómez	Female	27	MEDICAL_SERVICES	Burial Assistance	Standard package	UNICEF - Regular program. Contact: local coordinator	05/22/2023
Laguna	Santa Maria	Súcol	176	James	Carn	García	Female	20	MEDICAL_SERVICES	Technical Skills Training	Basic assistance	DOH - Regular program. Contact: regional office	03/21/2025
Laguna	Biñan	Santo Domingo	628	Pedro	Carn	Gómez	Male	79	EDUCATIONAL_ASSISTANCE	Parent Effectiveness Trainings	Enhanced support	Local Government - Special initiative	09/21/2022
Laguna	Pakil	Pansol	317	Pedro	López	Santos	Female	24	SLP	Cash for Training	Standard package	Red Cross - Regular program. Contact: regional office	10/28/2021
Laguna	Siniloan	Calo	783	Juan	López	García	Male	78	OTHER_PROGRAM	Job Referral	Basic assistance	USAID - Pilot program. Contact: main branch	12/05/2022
Laguna	Luisiana	Del Carmen	705	Janna	Gómez	López	Female	21	OTHER_CAPABILITY_BUILDING_SUPPORT	Insurance	Enhanced support	DOH - Pilot program. Contact: main branch	03/03/2022
Laguna	Cavinti	Uwisan	662	Ana	Pérez	López	Female	78	KALAHI	Skills Training	Hairdressing	UNICEF - Emergency response. Contact: main branch	04/26/2021
Laguna	Siniloan	Paciano Rizal	131	Juan	Carn	García	Male	57	KALAHI	Transportation Allowance	Basic assistance	Caritas - Pilot program. Contact: regional office	08/24/2021
Laguna	Los Baños	San Vicente	102	Clara	Gómez	Santos	Male	25	KALAHI	GAD Trainings	Week-long training	DA - Annual assistance. Contact: regional office	01/13/2021
Laguna	Alaminos	Lingga	310	Clara	Pérez	Reyes	Female	55	LIVELIHOOD_ASSISTANCE	Vaccination	Enhanced support	USAID - Special initiative. Contact: main branch	05/26/2024
Laguna	Calauan	Calo	782	Miguel	García	Santos	Female	30	PWD_ASSISTANCE	Food Items	Rice (10kg)	Caritas - Special initiative. Contact: main branch	09/14/2024
Laguna	Magdalena	Mapagong	292	María	García	López	Female	29	SUPPLEMENTAL_FEEDING	Agricultural and Fisheries	Standard package	Community Organization - Regular program	03/09/2021
Laguna	Magdalena	San Gregorio	722	Pedro	Cruz	Cruz	Female	52	DISASTER_RELIEF_ASSISTANCE	Dental Services	Basic assistance	DepEd - Emergency response. Contact: regional office	01/13/2023
Laguna	Pagsanjan	Calo	495	Ana	Reyes	García	Female	55	LIVELIHOOD_ASSISTANCE	Burial Assistance	Enhanced support	DOH - Emergency response. Contact: local coordinator	04/17/2023
Laguna	Los Baños	Majada Labas	361	Janna	López	García	Male	71	PWD_ASSISTANCE	Food for Work	Enhanced support	Red Cross - Regular program. Contact: regional office	01/26/2022
Laguna	Santa Cruz	San Ildefonso	338	Juan	Reyes	López	Female	68	LIVELIHOOD_ASSISTANCE	Food Assistance	Canned Goods (10 pcs)	DA - Annual assistance. Contact: main branch	01/21/2024
Laguna	Rizal	San Andrés	579	Ana	López	Santos	Female	60	SOCIAL_PENSION	Scholarship Grants	Basic assistance	DA - Regular program. Contact: local coordinator	04/14/2021
Laguna	Santa Cruz	Palingon	10	Juan	Cruz	García	Male	53	KALAHI	Family Development Trainings	Week-long training	Private Donor - Pilot program. Contact: main branch	12/20/2024
Laguna	Bay	Looc	49	Juan	Carn	Reyes	Male	64	EDUCATIONAL_ASSISTANCE	Alternative Learning System	Standard package	Caritas - Pilot program. Contact: local coordinator	09/06/2022
Laguna	Mabitac	Santo Domingo	487	Juan	Gómez	García	Female	19	KALAHI	Capital/Starter Kit	Level 1 support	Private Donor - Regular program	02/12/2023
Laguna	Bay	Pansol	623	Janna	Pérez	Santos	Male	32	PWD_ASSISTANCE	Insurance	Standard package	World Vision - Pilot program. Contact: local coordinator	10/31/2021
Laguna	Siniloan	San Vicente	321	Ana	Reyes	López	Male	66	SOCIAL_PENSION	Family Development Trainings	Week-long training	Community Organization - Pilot program. Contact: regional office	01/14/2022
Laguna	Cabuyao	San Antonio	731	James	López	Reyes	Male	51	KALAHI	Insurance	Basic assistance	Anonymous Donor - Special initiative	10/03/2024
Laguna	Nagcarlan	Casile	569	James	Reyes	Reyes	Female	56	OTHER_PROGRAM	Cash for Work	Basic assistance	Caritas - Annual assistance	04/13/2024
Laguna	Biñan	San José	795	Janna	Carn	García	Female	43	SLP	Dental Services	Basic assistance	UNICEF - Pilot program. Contact: main branch	11/16/2024
Laguna	Lumban	San Gregorio	971	Clara	Pérez	Santos	Female	65	DISASTER_RELIEF_ASSISTANCE	Financial	"PHP 3,000"	DOH - Annual assistance. Contact: local coordinator	11/29/2024
Laguna	Kalayaan	Palingon	625	Janna	Santos	García	Male	22	OTHER_CAPABILITY_BUILDING_SUPPORT	GAD Trainings	3-day conference	UNICEF - Emergency response. Contact: local coordinator	03/29/2021
Laguna	Cavinti	San Roque	133	Pedro	López	Pérez	Female	65	KALAHI	Leadership Skills Training	Level 1 support	USAID - Emergency response. Contact: regional office	09/22/2022
Laguna	Magdalena	San Vicente	583	Juan	Gómez	Cruz	Female	42	EDUCATIONAL_ASSISTANCE	Job Referral	Standard package	Red Cross - Special initiative	09/17/2022
Laguna	Rizal	San Gregorio	83	Ana	Santos	Gómez	Male	68	PWD_ASSISTANCE	Family Development Trainings	Week-long training	USAID - Regular program	06/26/2024
Laguna	Siniloan	Mayapa	57	Ana	Cruz	López	Female	51	PWD_ASSISTANCE	Cash for Training	Standard package	DA - Emergency response. Contact: local coordinator	01/01/2022
Laguna	Siniloan	San Andrés	376	María	Pérez	Pérez	Male	64	AICS	Insurance	Level 1 support	Anonymous Donor - Annual assistance. Contact: regional office	01/18/2024
Laguna	Los Baños	San Isidro	349	María	García	Gómez	Male	21	SLP	Vaccination	Enhanced support	Red Cross - Special initiative	05/27/2023
Laguna	Pakil	Barangay III (Poblacion)	271	Miguel	Reyes	Cruz	Male	51	SOCIAL_PENSION	Parent Effectiveness Trainings	Enhanced support	DepEd - Annual assistance. Contact: local coordinator	01/02/2023
Laguna	Bay	Paciano Rizal	483	James	López	Reyes	Male	44	SUPPLEMENTAL_FEEDING	Parent Effectiveness Trainings	Basic assistance	DOLE - Special initiative. Contact: local coordinator	09/26/2023
Laguna	Magdalena	San Cristóbal	111	María	Gómez	García	Female	72	OTHER_PROGRAM	Family Development Trainings	3-day conference	Red Cross - Special initiative. Contact: main branch	04/01/2022
Laguna	Mabitac	Paciano Rizal	869	María	Reyes	Cruz	Female	59	OTHER_PROGRAM	Equipment/School Materials	Tablet	DOH - Regular program. Contact: regional office	02/19/2022
Laguna	Pakil	San Isidro	887	James	Cruz	Galang	Female	71	PWD_ASSISTANCE	Food Items	Food Pack	DOH - Special initiative. Contact: local coordinator	03/31/2022
Laguna	Pila	San Gregorio	76	Pedro	Cruz	Cruz	Male	73	KALAHI	Voucher	Basic assistance	DSWD - Special initiative. Contact: main branch	05/26/2022
Laguna	Los Baños	San Juan	158	Clara	Reyes	García	Female	46	OTHER_PROGRAM	Food for Work	Level 1 support	DSWD - Regular program. Contact: local coordinator	04/13/2024
Laguna	Santa Maria	Paciano Rizal	532	James	López	Gómez	Female	22	KALAHI	Job Fair	Standard package	Provincial Government - Emergency response	07/24/2023
Laguna	Biñan	Timbao	933	Clara	Gómez	García	Male	35	EDUCATIONAL_ASSISTANCE	Equipment/School Materials	Uniform	DSWD - Annual assistance. Contact: main branch	07/28/2021
Laguna	Nagcarlan	Masili	643	Miguel	Pérez	López	Male	78	SLP	Agricultural and Fisheries	Enhanced support	Local Government - Regular program. Contact: local coordinator	08/29/2024
Laguna	Victoria	Maunong	329	María	Carn	Cruz	Female	21	OTHER_CAPABILITY_BUILDING_SUPPORT	GAD Trainings	Week-long training	Private Donor - Regular program. Contact: main branch	01/06/2022
Laguna	Luisiana	San Cristóbal	122	Ana	Pérez	García	Male	18	MEDICAL_SERVICES	Scholarship Grants	Standard package	DA - Regular program	08/29/2024
Laguna	San Pablo	Paciano Rizal	41	María	Carn	García	Female	67	OTHER_CAPABILITY_BUILDING_SUPPORT	Activity Involvement/Advocacy	Standard package	Community Organization - Annual assistance. Contact: local coordinator	03/14/2023
Laguna	Santa Rosa	Santo Domingo	167	Juan	Gómez	Pérez	Male	37	OTHER_CAPABILITY_BUILDING_SUPPORT	Transportation Allowance	Standard package	UNICEF - Special initiative. Contact: regional office	03/08/2025
Laguna	Siniloan	San Roque	922	Miguel	García	López	Male	23	OTHER_CAPABILITY_BUILDING_SUPPORT	Values Formation	2-day workshop	Caritas - Special initiative. Contact: regional office	03/27/2021
Laguna	Pangil	Palo-Alto	642	Clara	Pérez	Pérez	Female	37	AICS	Cash for Work	Level 1 support	DA - Emergency response. Contact: main branch	10/09/2022
Laguna	Magdalena	Palma	23	Clara	Gómez	López	Male	37	SUPPLEMENTAL_FEEDING	Food Assistance	Food Pack	DSWD - Regular program. Contact: main branch	04/01/2023
Laguna	Majayjay	San José	279	Juan	Reyes	López	Male	63	MEDICAL_SERVICES	Insurance	Standard package	Provincial Government - Regular program. Contact: main branch	07/13/2024
Laguna	Calamba	Masili	763	Juan	Reyes	Gómez	Male	44	SLP	Surgical Procedures	"PHP 5,000"	Caritas - Annual assistance. Contact: main branch	05/28/2024
Laguna	Santa Maria	San Cristóbal	469	Pedro	López	Pérez	Female	43	MEDICAL_SERVICES	Consultation/Medical Check-Up	"PHP 5,000"	Local Government - Emergency response. Contact: local coordinator	10/22/2021
Laguna	Pakil	San Juan	400	Janna	Reyes	López	Female	49	OTHER_CAPABILITY_BUILDING_SUPPORT	Cash for Work	Level 1 support	Caritas - Special initiative. Contact: local coordinator	05/21/2022
Laguna	Calauan	Barangay II (Poblacion)	9	Juan	López	Galang	Female	27	MEDICAL_SERVICES	Scholarship Grants	Level 1 support	Private Donor - Annual assistance	04/01/2024
Laguna	Pagsanjan	Barangay I (Poblacion)	13	Clara	Gómez	Gómez	Male	35	SLP	Insurance	Level 1 support	DOH - Emergency response. Contact: regional office	02/25/2024
Laguna	San Pedro	San Antonio	924	Ana	Reyes	Reyes	Male	58	KALAHI	Agricultural and Fisheries	Enhanced support	UNICEF - Regular program. Contact: local coordinator	04/07/2023
Laguna	Calamba	Parian	923	Clara	Cruz	García	Male	29	SLP	Mental Health Support	Enhanced support	Caritas - Emergency response	04/27/2021
Laguna	Biñan	Uwisan	819	Clara	Santos	Santos	Male	27	PWD_ASSISTANCE	Activity Involvement/Advocacy	Basic assistance	Local Government - Emergency response. Contact: local coordinator	11/30/2024
Laguna	Santa Maria	San Gregorio	832	Pedro	Gómez	López	Female	41	EDUCATIONAL_ASSISTANCE	Values Formation	1-day seminar	DSWD - Emergency response. Contact: main branch	10/11/2022
Laguna	Alaminos	Pansol	52	Janna	Reyes	Reyes	Female	41	SUPPLEMENTAL_FEEDING	Values Formation	2-day workshop	Private Donor - Pilot program. Contact: local coordinator	12/22/2021
Laguna	Santa Cruz	Mapagong	209	Janna	Santos	López	Male	70	OTHER_PROGRAM	Surgical Procedures	Medical Kit	DSWD - Pilot program. Contact: regional office	02/15/2023
Laguna	Santa Rosa	San Gregorio	550	Juan	Carn	Gómez	Female	68	EDUCATIONAL_ASSISTANCE	Alternative Learning System	Basic assistance	UNICEF - Emergency response. Contact: local coordinator	10/20/2023
Laguna	Calauan	Barangay III (Poblacion)	612	Miguel	García	Gómez	Female	55	PWD_ASSISTANCE	Activity Involvement/Advocacy	Level 1 support	Provincial Government - Annual assistance. Contact: main branch	05/30/2024
Laguna	Magdalena	San Andrés	705	María	Pérez	Reyes	Female	63	AICS	Skills Training	Carpentry	DA - Special initiative. Contact: regional office	10/31/2024
Laguna	Bay	San Juan	402	Clara	Pérez	Santos	Male	42	SUPPLEMENTAL_FEEDING	Alternative Learning System	Standard package	Red Cross - Special initiative. Contact: local coordinator	08/30/2024
Laguna	Siniloan	San Miguel	191	James	Gómez	Gómez	Female	25	AICS	Insurance	Basic assistance	DOLE - Pilot program. Contact: regional office	03/19/2024
Laguna	Biñan	San Cristóbal	51	María	Carn	Cruz	Female	72	LIVELIHOOD_ASSISTANCE	Food Assistance	Rice (10kg)	Anonymous Donor - Regular program	08/24/2021
Laguna	Nagcarlan	San José	393	María	Reyes	Galang	Female	31	DISASTER_RELIEF_ASSISTANCE	Parent Effectiveness Trainings	Standard package	Private Donor - Regular program. Contact: regional office	04/06/2024
Laguna	San Pedro	San Gregorio	653	Janna	Pérez	García	Female	60	AICS	Activity Involvement/Advocacy	Standard package	UNICEF - Special initiative. Contact: regional office	02/27/2025
Laguna	San Pablo	Barangay IV (Poblacion)	680	Janna	López	Cruz	Female	48	SOCIAL_PENSION	Parent Effectiveness Trainings	Enhanced support	DA - Emergency response. Contact: local coordinator	12/06/2024
Laguna	Luisiana	San José	823	Pedro	Carn	Pérez	Male	41	DISASTER_RELIEF_ASSISTANCE	Voucher	Basic assistance	UNICEF - Regular program. Contact: local coordinator	07/31/2023
Laguna	Paete	Masili	621	Pedro	Cruz	Santos	Female	33	SLP	"Non-Food Items (Hygiene Kits, Clothes, Household Items)"	Standard package	DepEd - Regular program	03/10/2021
Laguna	Magdalena	San Ildefonso	719	Janna	Santos	Galang	Female	37	OTHER_CAPABILITY_BUILDING_SUPPORT	Family Development Trainings	1-day seminar	DOH - Pilot program	09/24/2021
Laguna	Luisiana	Saimsim	939	Ana	López	Galang	Male	55	SLP	Insurance	Level 1 support	DOH - Regular program	03/19/2024
Laguna	Majayjay	San Miguel	300	Ana	Pérez	Galang	Female	64	OTHER_CAPABILITY_BUILDING_SUPPORT	Values Formation	1-day seminar	Anonymous Donor - Pilot program. Contact: local coordinator	03/26/2023
Laguna	Santa Maria	Punta	622	James	López	Santos	Male	32	EDUCATIONAL_ASSISTANCE	Financial	"PHP 1,500"	DA - Emergency response. Contact: local coordinator	03/29/2025
Laguna	Famy	Sirang Lupa	196	Janna	Reyes	López	Male	31	PWD_ASSISTANCE	Mental Health Support	Enhanced support	DOLE - Emergency response. Contact: regional office	01/17/2022
Laguna	Santa Rosa	Saimsim	417	Juan	Cruz	López	Male	70	KALAHI	Food for Work	Basic assistance	DOH - Special initiative. Contact: local coordinator	01/09/2022
Laguna	Mabitac	Mayapa	664	Pedro	Santos	Gómez	Male	29	MEDICAL_SERVICES	Financial	"PHP 5,000"	DA - Pilot program. Contact: main branch	11/16/2022
Laguna	San Pedro	Barangay II (Poblacion)	420	Janna	Cruz	Pérez	Female	51	DISASTER_RELIEF_ASSISTANCE	Job Fair	Enhanced support	UNICEF - Regular program. Contact: local coordinator	05/21/2022
Laguna	Nagcarlan	San Cristóbal	755	Ana	Carn	López	Female	25	OTHER_PROGRAM	Capital/Starter Kit	Standard package	World Vision - Special initiative. Contact: local coordinator	08/25/2021
Laguna	Siniloan	Lingga	640	Janna	Reyes	Gómez	Male	36	SUPPLEMENTAL_FEEDING	Medical Assistance	Wheelchair	Caritas - Pilot program	11/21/2021
Laguna	Pangil	San José	617	Ana	López	Cruz	Female	63	LIVELIHOOD_ASSISTANCE	Activity Involvement/Advocacy	Level 1 support	World Vision - Emergency response. Contact: regional office	06/27/2024
Laguna	Famy	Parian	522	Janna	López	Gómez	Male	22	SLP	Leadership Skills Training	Level 1 support	World Vision - Annual assistance. Contact: regional office	08/13/2022
Laguna	Magdalena	San Gregorio	356	Clara	Carn	García	Female	73	PWD_ASSISTANCE	Financial	"PHP 2,000"	Caritas - Pilot program. Contact: local coordinator	03/01/2023
Laguna	Santa Maria	San Ildefonso	148	Juan	López	Gómez	Female	44	PWD_ASSISTANCE	Medical Assistance	Crutches	World Vision - Annual assistance. Contact: regional office	01/14/2025
Laguna	Mabitac	Real	365	Miguel	García	Galang	Male	58	LIVELIHOOD_ASSISTANCE	Consultation/Medical Check-Up	"PHP 5,000"	DOLE - Special initiative. Contact: regional office	01/24/2023
Laguna	Paete	Maunong	364	James	Reyes	Pérez	Female	30	OTHER_PROGRAM	Cash for Work	Enhanced support	Caritas - Annual assistance. Contact: main branch	12/16/2024
Laguna	Pakil	Mapagong	971	Clara	Carn	Pérez	Male	49	AICS	Medical Assistance	Medical Kit	Anonymous Donor - Annual assistance	05/24/2024
Laguna	Cavinti	Milagrosa	652	Juan	Reyes	Galang	Female	48	OTHER_PROGRAM	Scholarship Grants	Standard package	DOH - Annual assistance	01/02/2023
Laguna	Biñan	San Miguel	702	Ana	Santos	Cruz	Female	58	OTHER_PROGRAM	Agricultural and Fisheries	Level 1 support	World Vision - Special initiative. Contact: local coordinator	01/21/2021
Laguna	Siniloan	Looc	402	Pedro	Reyes	Gómez	Female	63	DISASTER_RELIEF_ASSISTANCE	Parent Effectiveness Trainings	Level 1 support	Private Donor - Pilot program. Contact: regional office	11/01/2021
Laguna	Luisiana	Santa Rosa	606	Pedro	Reyes	López	Male	54	KALAHI	Vaccination	Enhanced support	World Vision - Annual assistance	10/08/2024
Laguna	Pangil	San José	492	María	Santos	Gómez	Male	19	KALAHI	GAD Trainings	3-day conference	USAID - Pilot program. Contact: regional office	08/27/2022
Laguna	San Pablo	San José	229	Juan	Carn	Galang	Male	24	SOCIAL_PENSION	Burial Assistance	Basic assistance	DepEd - Emergency response. Contact: main branch	03/18/2023
Laguna	Santa Rosa	Masili	575	Janna	Reyes	Galang	Female	65	SUPPLEMENTAL_FEEDING	Food for Work	Basic assistance	Local Government - Regular program. Contact: regional office	10/07/2023
Laguna	Santa Cruz	Parian	852	James	Cruz	Santos	Male	28	PWD_ASSISTANCE	Equipment/School Materials	Laptop	Provincial Government - Special initiative. Contact: local coordinator	03/21/2022
Laguna	Biñan	San Benito (Palita)	537	Janna	Reyes	Reyes	Male	28	EDUCATIONAL_ASSISTANCE	Food Assistance	Rice (5kg)	Red Cross - Annual assistance. Contact: local coordinator	09/23/2021
Laguna	Pakil	Santo Domingo	268	Janna	Carn	Pérez	Male	40	MEDICAL_SERVICES	Honorarium	Basic assistance	DepEd - Emergency response. Contact: local coordinator	09/24/2023
Laguna	Mabitac	Milagrosa	405	Juan	Gómez	Cruz	Female	48	OTHER_PROGRAM	Technical Skills Training	Standard package	DA - Special initiative	04/06/2024
Laguna	Magdalena	Barangay II (Poblacion)	793	Miguel	López	Gómez	Female	61	LIVELIHOOD_ASSISTANCE	Leadership Skills Training	Standard package	DSWD - Regular program	12/18/2023
Laguna	San Pedro	Masaya	11	James	Pérez	Cruz	Female	62	OTHER_PROGRAM	Medical Assistance	"PHP 10,000"	USAID - Regular program. Contact: main branch	08/24/2022
Laguna	Victoria	Majada Labas	320	María	Santos	López	Female	25	LIVELIHOOD_ASSISTANCE	Skills Training	Sewing	DepEd - Emergency response	09/25/2022
Laguna	Mabitac	Barangay III (Poblacion)	713	Clara	López	Cruz	Male	73	SUPPLEMENTAL_FEEDING	Burial Assistance	Basic assistance	Provincial Government - Emergency response. Contact: local coordinator	01/27/2023
Laguna	Cavinti	Timbao	126	Janna	Carn	López	Female	49	OTHER_CAPABILITY_BUILDING_SUPPORT	Activity Involvement/Advocacy	Enhanced support	Caritas - Annual assistance. Contact: main branch	11/20/2021
Laguna	Nagcarlan	Mapagong	306	James	García	Gómez	Male	65	SUPPLEMENTAL_FEEDING	Tutorial Sessions	Standard package	DepEd - Annual assistance	07/13/2024
Laguna	Victoria	San Isidro	702	María	Pérez	Santos	Female	38	EDUCATIONAL_ASSISTANCE	Activity Involvement/Advocacy	Level 1 support	Caritas - Pilot program. Contact: main branch	12/22/2023
Laguna	Luisiana	Calo	511	Clara	López	Gómez	Male	48	SOCIAL_PENSION	Medical Supplies	"PHP 10,000"	World Vision - Emergency response. Contact: local coordinator	03/30/2021
Laguna	Pakil	San Cristóbal	89	Janna	Reyes	Santos	Male	18	DISASTER_RELIEF_ASSISTANCE	Capital/Starter Kit	Level 1 support	Local Government - Special initiative	02/20/2022
Laguna	Cabuyao	Barangay II (Poblacion)	355	James	Pérez	García	Female	30	KALAHI	Food Items	Rice (5kg)	Red Cross - Annual assistance. Contact: main branch	11/13/2022
Laguna	Kalayaan	Lingga	628	Clara	Reyes	López	Male	28	LIVELIHOOD_ASSISTANCE	Cash for Work	Level 1 support	Local Government - Special initiative. Contact: local coordinator	01/05/2024
Laguna	Calauan	Timbao	352	Juan	Santos	Pérez	Male	46	SOCIAL_PENSION	Skills Training	Carpentry	Caritas - Annual assistance. Contact: local coordinator	02/09/2022
Laguna	Majayjay	Santo Tomás (Calabuso)	689	Miguel	Reyes	Santos	Male	21	LIVELIHOOD_ASSISTANCE	GAD Trainings	Week-long training	Anonymous Donor - Emergency response. Contact: local coordinator	12/31/2021
Laguna	San Pedro	Del Carmen	14	Pedro	Pérez	Gómez	Male	53	DISASTER_RELIEF_ASSISTANCE	Voucher	Level 1 support	Red Cross - Pilot program. Contact: local coordinator	01/20/2022
Laguna	Santa Rosa	Santo Domingo	257	Pedro	Cruz	López	Female	32	SUPPLEMENTAL_FEEDING	Cash for Work	Enhanced support	UNICEF - Pilot program. Contact: main branch	01/09/2021
Laguna	Pila	Saimsim	209	Janna	Cruz	Pérez	Female	76	AICS	Capital/Starter Kit	Level 1 support	DSWD - Annual assistance. Contact: regional office	05/30/2022
Laguna	Pila	San José	281	Janna	Gómez	Gómez	Male	20	SOCIAL_PENSION	Leadership Skills Training	Standard package	DepEd - Emergency response. Contact: regional office	10/24/2024
Laguna	Pangil	Masili	443	Clara	López	Pérez	Female	73	LIVELIHOOD_ASSISTANCE	Consultation/Medical Check-Up	Wheelchair	DepEd - Emergency response. Contact: main branch	11/05/2021
Laguna	Pangil	San Agustín (Antipolo)	840	James	Carn	Gómez	Male	68	SOCIAL_PENSION	Values Formation	2-day workshop	Community Organization - Special initiative. Contact: local coordinator	06/19/2021
Laguna	Bay	Pansol	837	Pedro	Gómez	Cruz	Male	46	SOCIAL_PENSION	Burial Assistance	Basic assistance	DepEd - Regular program. Contact: local coordinator	05/27/2021
Laguna	San Pablo	Sirang Lupa	389	Janna	Santos	García	Female	38	KALAHI	Cash for Training	Standard package	DOLE - Annual assistance	03/22/2025
Laguna	Famy	San Vicente	617	María	García	Reyes	Male	19	LIVELIHOOD_ASSISTANCE	Consultation/Medical Check-Up	"PHP 10,000"	Private Donor - Regular program	03/21/2021
Laguna	Los Baños	San Agustín (Antipolo)	483	Janna	Gómez	Galang	Female	23	DISASTER_RELIEF_ASSISTANCE	Equipment/School Materials	School Supplies Kit	DSWD - Special initiative. Contact: main branch	03/15/2023
Laguna	Lumban	Majada Labas	147	Pedro	López	Galang	Male	48	KALAHI	Scholarship Grants	Basic assistance	Anonymous Donor - Annual assistance	03/28/2022
Laguna	Nagcarlan	Zapote	279	Ana	Carn	García	Female	71	DISASTER_RELIEF_ASSISTANCE	Food Assistance	Rice (10kg)	USAID - Annual assistance. Contact: main branch	01/29/2025
Laguna	Famy	San Juan	521	Miguel	Santos	López	Female	41	SLP	Financial	"PHP 3,000"	Community Organization - Regular program	09/05/2023
Laguna	Pangil	Milagrosa	630	Pedro	Pérez	López	Male	57	MEDICAL_SERVICES	Capital/Starter Kit	Standard package	DOH - Pilot program	03/18/2023
Laguna	Paete	Santo Domingo	606	María	Santos	López	Female	34	SLP	GAD Trainings	1-day seminar	Provincial Government - Special initiative. Contact: regional office	01/27/2023
Laguna	Victoria	San José	434	James	Pérez	Reyes	Male	22	MEDICAL_SERVICES	Food for Work	Enhanced support	DA - Pilot program. Contact: local coordinator	12/06/2024
Laguna	Paete	Palma	144	María	López	Pérez	Female	19	KALAHI	Job Fair	Enhanced support	USAID - Annual assistance. Contact: regional office	10/22/2021
Laguna	Mabitac	Del Carmen	289	Ana	Carn	Galang	Male	75	SUPPLEMENTAL_FEEDING	Equipment/School Materials	Laptop	Local Government - Annual assistance. Contact: regional office	02/28/2024
Laguna	Magdalena	Sirang Lupa	386	Ana	Gómez	García	Female	29	PWD_ASSISTANCE	Medical Assistance	"PHP 5,000"	World Vision - Pilot program	04/03/2024
Laguna	Calauan	Del Carmen	14	Janna	Carn	López	Female	22	SOCIAL_PENSION	Surgical Procedures	Wheelchair	DOH - Annual assistance. Contact: main branch	09/05/2022
Laguna	Los Baños	San Miguel	257	Janna	Reyes	Santos	Female	59	SOCIAL_PENSION	Equipment/School Materials	Uniform	Anonymous Donor - Emergency response	06/02/2023
Laguna	Lumban	Calo	346	Pedro	García	Cruz	Male	77	KALAHI	Equipment/School Materials	Books	Provincial Government - Pilot program. Contact: main branch	03/26/2022
Laguna	San Pedro	Majada Labas	698	Juan	Cruz	Reyes	Female	58	SUPPLEMENTAL_FEEDING	Food Assistance	Food Pack	World Vision - Special initiative. Contact: local coordinator	03/11/2025
Laguna	Alaminos	Santo Domingo	345	Miguel	Reyes	Gómez	Male	37	EDUCATIONAL_ASSISTANCE	Transportation Allowance	Basic assistance	Red Cross - Pilot program. Contact: local coordinator	03/10/2021
Laguna	Santa Rosa	Barangay III (Poblacion)	400	María	Santos	López	Female	25	SUPPLEMENTAL_FEEDING	Food Items	Food Pack	World Vision - Special initiative. Contact: local coordinator	07/10/2022
Laguna	Calauan	Santo Tomás (Calabuso)	207	Pedro	García	Galang	Female	18	PWD_ASSISTANCE	Consultation/Medical Check-Up	Medical Kit	DOLE - Annual assistance. Contact: main branch	06/28/2023
Laguna	Kalayaan	Majada Labas	858	Juan	García	Cruz	Male	73	SUPPLEMENTAL_FEEDING	Capital/Starter Kit	Basic assistance	Red Cross - Special initiative	05/15/2022
Laguna	Famy	Súcol	943	Pedro	Carn	García	Female	23	SLP	Consultation/Medical Check-Up	"PHP 3,000"	DSWD - Annual assistance. Contact: main branch	03/04/2024
Laguna	Los Baños	Uwisan	172	Miguel	García	López	Male	73	EDUCATIONAL_ASSISTANCE	Food Items	Food Pack	Caritas - Pilot program. Contact: main branch	04/10/2023
Laguna	Pila	Maunong	464	Miguel	López	Galang	Male	71	DISASTER_RELIEF_ASSISTANCE	Agricultural and Fisheries	Level 1 support	Red Cross - Special initiative	05/17/2022
Laguna	Pagsanjan	Palma	270	Ana	García	Cruz	Male	28	KALAHI	Food Items	Rice (5kg)	Red Cross - Emergency response	09/01/2023
Laguna	San Pablo	Milagrosa	221	Janna	Santos	Santos	Male	20	SOCIAL_PENSION	Capital/Starter Kit	Standard package	DOH - Special initiative. Contact: main branch	09/30/2024
Laguna	Kalayaan	Barangay II (Poblacion)	152	Janna	López	Reyes	Male	48	PWD_ASSISTANCE	Technical Skills Training	Basic assistance	UNICEF - Pilot program. Contact: regional office	12/31/2022
Laguna	Nagcarlan	Lingga	623	Miguel	López	García	Female	45	AICS	Technical Skills Training	Basic assistance	Community Organization - Regular program	06/20/2023
Laguna	Luisiana	Saimsim	183	Pedro	Reyes	Gómez	Male	64	MEDICAL_SERVICES	Dental Services	Enhanced support	World Vision - Regular program	10/22/2022
Laguna	San Pedro	San Andrés	399	Miguel	García	Galang	Female	60	OTHER_CAPABILITY_BUILDING_SUPPORT	Scholarship Grants	Level 1 support	USAID - Annual assistance. Contact: main branch	01/31/2023
Laguna	Mabitac	Santo Domingo	851	Janna	Carn	Pérez	Male	73	SUPPLEMENTAL_FEEDING	"Non-Food Items (Hygiene Kits, Clothes, Household Items)"	Level 1 support	Caritas - Special initiative. Contact: local coordinator	02/23/2021
Laguna	Magdalena	San Cristóbal	72	James	Pérez	Santos	Male	22	SLP	Tutorial Sessions	Standard package	DSWD - Regular program. Contact: regional office	11/28/2021
Laguna	Majayjay	Santo Domingo	418	Pedro	Reyes	Reyes	Female	77	LIVELIHOOD_ASSISTANCE	Vaccination	Standard package	USAID - Special initiative. Contact: regional office	08/17/2023
Laguna	Pila	Masaya	898	Ana	Carn	Reyes	Female	43	DISASTER_RELIEF_ASSISTANCE	Tutorial Sessions	Level 1 support	DSWD - Emergency response	12/14/2024
Laguna	Pila	Pansol	283	Clara	García	Pérez	Male	33	SOCIAL_PENSION	Job Referral	Level 1 support	Anonymous Donor - Regular program. Contact: regional office	10/18/2022
Laguna	Santa Rosa	Barangay I (Poblacion)	74	Pedro	Reyes	Gómez	Male	70	OTHER_CAPABILITY_BUILDING_SUPPORT	Dental Services	Basic assistance	DA - Emergency response. Contact: main branch	11/09/2021
Laguna	Pakil	Uwisan	355	Pedro	García	Santos	Female	48	KALAHI	Family Development Trainings	Week-long training	DOH - Regular program. Contact: local coordinator	03/07/2024
Laguna	Alaminos	Santa Rosa	727	Janna	Santos	Galang	Female	45	LIVELIHOOD_ASSISTANCE	Mental Health Support	Level 1 support	DSWD - Emergency response	12/21/2021
Laguna	Liliw	Palo-Alto	497	Ana	Reyes	Reyes	Male	24	EDUCATIONAL_ASSISTANCE	Equipment/School Materials	Uniform	UNICEF - Emergency response	03/06/2025
Laguna	Famy	Lingga	328	Pedro	Carn	García	Male	55	SUPPLEMENTAL_FEEDING	Honorarium	Level 1 support	Provincial Government - Special initiative. Contact: main branch	08/13/2021
Laguna	Paete	San Cristóbal	988	Janna	Santos	Cruz	Male	26	MEDICAL_SERVICES	Values Formation	2-day workshop	Private Donor - Annual assistance. Contact: regional office	09/06/2022
Laguna	Santa Rosa	Real	535	Miguel	Cruz	García	Female	56	MEDICAL_SERVICES	Mental Health Support	Standard package	USAID - Emergency response. Contact: regional office	04/09/2021
Laguna	Alaminos	San Benito (Palita)	580	María	Carn	Gómez	Male	52	AICS	Voucher	Basic assistance	Caritas - Emergency response. Contact: main branch	11/03/2021
Laguna	Bay	San Benito (Palita)	910	Ana	Pérez	López	Female	60	OTHER_CAPABILITY_BUILDING_SUPPORT	Parent Effectiveness Trainings	Basic assistance	Provincial Government - Pilot program	03/06/2023
Laguna	Alaminos	San Isidro	447	Juan	Gómez	Gómez	Female	44	MEDICAL_SERVICES	Food for Work	Enhanced support	Private Donor - Special initiative. Contact: main branch	01/26/2022
Laguna	Alaminos	Looc	373	James	García	Reyes	Male	29	SLP	Skills Training	Cooking	DOLE - Annual assistance. Contact: local coordinator	01/20/2024
Laguna	Kalayaan	Sirang Lupa	362	Juan	Carn	Cruz	Male	70	EDUCATIONAL_ASSISTANCE	Skills Training	Computer Literacy	DOH - Pilot program	01/09/2022
Laguna	Lumban	San Cristóbal	93	Clara	Cruz	Santos	Female	42	OTHER_CAPABILITY_BUILDING_SUPPORT	"Non-Food Items (Hygiene Kits, Clothes, Household Items)"	Level 1 support	Anonymous Donor - Regular program	07/23/2021
Laguna	Victoria	San Isidro	321	Miguel	Carn	Cruz	Male	60	OTHER_CAPABILITY_BUILDING_SUPPORT	Cash for Work	Enhanced support	DA - Special initiative. Contact: main branch	09/01/2022
Laguna	Alaminos	Real	324	Ana	Santos	Gómez	Male	46	MEDICAL_SERVICES	Parent Effectiveness Trainings	Standard package	Provincial Government - Emergency response. Contact: main branch	09/25/2022
Laguna	Lumban	Santa Rosa	384	Pedro	López	Cruz	Female	48	KALAHI	Job Referral	Level 1 support	USAID - Pilot program	02/15/2024
Laguna	Pakil	Santo Tomás (Calabuso)	575	Janna	Gómez	Pérez	Male	75	OTHER_CAPABILITY_BUILDING_SUPPORT	Financial	"PHP 3,000"	Private Donor - Special initiative. Contact: regional office	03/07/2021
Laguna	Santa Cruz	Santo Tomás (Calabuso)	736	Clara	Carn	Cruz	Female	79	SOCIAL_PENSION	Financial	"PHP 1,500"	Private Donor - Annual assistance. Contact: main branch	05/11/2021
Laguna	Pila	Puting Lupa	737	Ana	Reyes	Reyes	Female	51	AICS	Food for Work	Basic assistance	Provincial Government - Emergency response. Contact: regional office	02/18/2023
Laguna	Cavinti	Zapote	881	James	Pérez	Pérez	Male	50	MEDICAL_SERVICES	Vaccination	Level 1 support	Local Government - Pilot program. Contact: main branch	06/20/2023
Laguna	Bay	Súcol	346	Ana	Cruz	Gómez	Female	44	KALAHI	Surgical Procedures	"PHP 5,000"	Caritas - Special initiative. Contact: regional office	04/08/2023
Laguna	Calauan	Uwisan	849	Clara	Carn	Gómez	Female	73	SOCIAL_PENSION	Job Referral	Enhanced support	Community Organization - Pilot program. Contact: regional office	11/10/2024
Laguna	Cavinti	Zapote	103	Janna	Cruz	Gómez	Male	73	AICS	Job Fair	Enhanced support	Community Organization - Emergency response	04/02/2021
Laguna	Santa Cruz	San José	215	Juan	López	Pérez	Female	19	DISASTER_RELIEF_ASSISTANCE	Voucher	Standard package	Red Cross - Pilot program. Contact: main branch	01/06/2024
Laguna	Mabitac	Real	192	María	Santos	López	Male	31	AICS	Honorarium	Enhanced support	Red Cross - Pilot program. Contact: main branch	06/29/2024
Laguna	Santa Cruz	San Benito (Palita)	672	Juan	Reyes	López	Female	30	OTHER_PROGRAM	Cash for Training	Basic assistance	DSWD - Pilot program. Contact: main branch	01/09/2023
Laguna	Paete	Looc	884	Janna	García	Pérez	Female	41	OTHER_CAPABILITY_BUILDING_SUPPORT	Alternative Learning System	Standard package	DepEd - Regular program. Contact: main branch	09/05/2024
Laguna	Magdalena	Masaya	719	Clara	Carn	Pérez	Female	22	EDUCATIONAL_ASSISTANCE	Leadership Skills Training	Basic assistance	DepEd - Regular program. Contact: regional office	10/15/2022
Laguna	Bay	Santo Domingo	781	Janna	Santos	Gómez	Female	51	MEDICAL_SERVICES	Medical Supplies	"PHP 10,000"	Red Cross - Regular program	02/23/2021
Laguna	Liliw	Santa Rosa	194	Miguel	Gómez	Gómez	Female	72	DISASTER_RELIEF_ASSISTANCE	Activity Involvement/Advocacy	Basic assistance	Provincial Government - Special initiative. Contact: main branch	10/20/2022
Laguna	Rizal	Súcol	380	James	Cruz	Gómez	Female	40	OTHER_PROGRAM	Financial	"PHP 5,000"	Anonymous Donor - Annual assistance. Contact: regional office	03/14/2024
Laguna	Luisiana	Pansol	403	Ana	López	Galang	Female	36	EDUCATIONAL_ASSISTANCE	Alternative Learning System	Basic assistance	DOH - Pilot program. Contact: regional office	11/10/2022
Laguna	Nagcarlan	Uwisan	664	Miguel	Pérez	López	Male	47	KALAHI	Voucher	Standard package	UNICEF - Regular program	01/15/2024
Laguna	Famy	San Andrés	749	Ana	Cruz	Reyes	Female	66	SUPPLEMENTAL_FEEDING	Alternative Learning System	Enhanced support	Red Cross - Annual assistance. Contact: regional office	03/10/2024
Laguna	Los Baños	San Ildefonso	600	Juan	Pérez	Galang	Male	60	EDUCATIONAL_ASSISTANCE	Food Assistance	Food Pack	World Vision - Pilot program. Contact: main branch	02/14/2021
Laguna	Siniloan	Mapagong	11	Clara	López	Santos	Female	33	OTHER_CAPABILITY_BUILDING_SUPPORT	Vaccination	Level 1 support	DSWD - Emergency response. Contact: main branch	04/27/2021
Laguna	Biñan	San Gregorio	187	María	Pérez	Santos	Female	69	SOCIAL_PENSION	Tutorial Sessions	Basic assistance	Provincial Government - Special initiative. Contact: local coordinator	05/27/2021
Laguna	Santa Maria	San Agustín (Antipolo)	726	María	López	Santos	Male	67	SLP	Job Referral	Basic assistance	Anonymous Donor - Special initiative	10/21/2022
Laguna	Calauan	Zapote	15	James	Santos	Santos	Male	69	AICS	Cash for Training	Level 1 support	DOH - Annual assistance. Contact: regional office	11/11/2023
Laguna	Kalayaan	Puting Lupa	778	Janna	Carn	Santos	Male	57	KALAHI	Medical Assistance	"PHP 3,000"	USAID - Special initiative	06/20/2022
Laguna	Calauan	Lingga	297	James	García	García	Female	51	SUPPLEMENTAL_FEEDING	Cash for Work	Basic assistance	Local Government - Regular program	03/27/2024
Laguna	Kalayaan	San Agustín (Antipolo)	411	Ana	Carn	Pérez	Male	66	AICS	GAD Trainings	3-day conference	DOH - Special initiative. Contact: regional office	02/08/2025
Laguna	Cavinti	Palo-Alto	956	Pedro	Gómez	Reyes	Female	28	OTHER_CAPABILITY_BUILDING_SUPPORT	"Non-Food Items (Hygiene Kits, Clothes, Household Items)"	Level 1 support	Anonymous Donor - Annual assistance. Contact: local coordinator	12/08/2023
Laguna	Kalayaan	Mayapa	585	Pedro	Gómez	Galang	Female	31	MEDICAL_SERVICES	Burial Assistance	Basic assistance	Provincial Government - Annual assistance. Contact: local coordinator	02/23/2022
Laguna	Paete	Real	52	Pedro	Reyes	Santos	Male	65	KALAHI	Surgical Procedures	Wheelchair	DOH - Regular program. Contact: local coordinator	02/08/2024
Laguna	Luisiana	Santa Rosa	640	Janna	Carn	García	Female	64	DISASTER_RELIEF_ASSISTANCE	Consultation/Medical Check-Up	"PHP 3,000"	DA - Special initiative. Contact: main branch	10/10/2023
Laguna	Famy	Barangay III (Poblacion)	28	James	López	Gómez	Male	32	SUPPLEMENTAL_FEEDING	GAD Trainings	3-day conference	Red Cross - Regular program. Contact: main branch	07/25/2022
Laguna	Famy	San José	577	Miguel	López	Gómez	Male	52	MEDICAL_SERVICES	Job Fair	Standard package	DOLE - Pilot program. Contact: main branch	09/25/2023
Laguna	Paete	Palo-Alto	17	Clara	Reyes	López	Male	75	OTHER_PROGRAM	Vaccination	Enhanced support	Private Donor - Emergency response	04/02/2025
Laguna	Santa Rosa	Turbina	351	Juan	Cruz	García	Male	24	MEDICAL_SERVICES	Financial	"PHP 3,000"	Local Government - Regular program	08/20/2024
Laguna	Victoria	Puting Lupa	428	Ana	López	García	Female	46	LIVELIHOOD_ASSISTANCE	Food Items	Rice (5kg)	Provincial Government - Regular program	04/27/2022
Laguna	Pakil	Looc	650	Pedro	Reyes	Reyes	Female	61	SUPPLEMENTAL_FEEDING	Leadership Skills Training	Basic assistance	DepEd - Regular program. Contact: regional office	03/06/2024
Laguna	Victoria	Del Carmen	831	Clara	López	Santos	Male	71	MEDICAL_SERVICES	Financial	"PHP 10,000"	DOLE - Regular program	01/06/2024
Laguna	Magdalena	Milagrosa	229	María	García	García	Male	39	SOCIAL_PENSION	Tutorial Sessions	Enhanced support	DOLE - Emergency response. Contact: main branch	09/27/2021
Laguna	Santa Maria	Parian	766	Miguel	López	Pérez	Female	40	SOCIAL_PENSION	Honorarium	Enhanced support	Community Organization - Pilot program. Contact: local coordinator	07/11/2023
Laguna	Cavinti	Santo Tomás (Calabuso)	989	James	Santos	García	Female	41	KALAHI	Agricultural and Fisheries	Level 1 support	DOLE - Pilot program. Contact: regional office	11/23/2022
Laguna	Los Baños	Sirang Lupa	210	Ana	Reyes	Santos	Male	52	OTHER_PROGRAM	Transportation Allowance	Standard package	Provincial Government - Special initiative	01/14/2024
Laguna	Pakil	Barangay IV (Poblacion)	431	Ana	Pérez	Reyes	Female	68	AICS	Equipment/School Materials	Laptop	DSWD - Pilot program	03/23/2023
Laguna	Majayjay	San Agustín (Antipolo)	294	María	Gómez	García	Female	27	PWD_ASSISTANCE	Technical Skills Training	Basic assistance	Private Donor - Regular program	01/31/2025
Laguna	Cabuyao	Pansol	743	Miguel	Carn	Galang	Female	78	MEDICAL_SERVICES	Honorarium	Standard package	DOLE - Annual assistance. Contact: main branch	08/30/2021
Laguna	Calauan	Barangay I (Poblacion)	753	María	Reyes	Cruz	Female	25	SLP	Dental Services	Level 1 support	DOLE - Regular program. Contact: regional office	07/20/2023
Laguna	Santa Cruz	Timbao	582	María	Cruz	Gómez	Male	65	OTHER_CAPABILITY_BUILDING_SUPPORT	Dental Services	Level 1 support	Local Government - Emergency response. Contact: regional office	12/24/2023
Laguna	Pila	San Andrés	104	Pedro	López	López	Female	65	SUPPLEMENTAL_FEEDING	Technical Skills Training	Standard package	World Vision - Annual assistance	06/17/2024
Laguna	Santa Cruz	Zapote	204	Miguel	Reyes	Cruz	Male	29	MEDICAL_SERVICES	Values Formation	2-day workshop	UNICEF - Pilot program. Contact: main branch	01/24/2024
Laguna	Biñan	Palo-Alto	53	Pedro	García	Cruz	Male	46	AICS	Equipment/School Materials	Books	Local Government - Emergency response. Contact: local coordinator	02/02/2022
Laguna	Kalayaan	San José	974	James	Reyes	Reyes	Male	79	MEDICAL_SERVICES	Cash for Training	Enhanced support	Local Government - Annual assistance. Contact: regional office	06/07/2023
Laguna	Santa Rosa	San Andrés	940	María	García	Gómez	Female	46	PWD_ASSISTANCE	Cash for Training	Level 1 support	Red Cross - Regular program. Contact: local coordinator	02/18/2021
Laguna	Liliw	Real	375	Juan	Gómez	García	Female	40	DISASTER_RELIEF_ASSISTANCE	Agricultural and Fisheries	Standard package	Red Cross - Annual assistance	01/16/2025
Laguna	Mabitac	Uwisan	842	Ana	Gómez	Cruz	Male	43	SLP	Honorarium	Basic assistance	DSWD - Pilot program	05/25/2021
Laguna	Los Baños	Palingon	54	Miguel	López	Cruz	Female	54	PWD_ASSISTANCE	Parent Effectiveness Trainings	Enhanced support	Caritas - Special initiative	07/06/2023
Laguna	Paete	San José	276	María	Carn	Gómez	Male	49	OTHER_CAPABILITY_BUILDING_SUPPORT	Job Fair	Enhanced support	DSWD - Annual assistance. Contact: main branch	02/02/2022
Laguna	Pila	San Vicente	335	Miguel	López	López	Male	69	SLP	Mental Health Support	Enhanced support	Community Organization - Annual assistance. Contact: regional office	02/10/2023
Laguna	Luisiana	San Juan	31	Ana	Cruz	Santos	Female	55	PWD_ASSISTANCE	Consultation/Medical Check-Up	Medical Kit	World Vision - Annual assistance. Contact: main branch	11/02/2022
Laguna	Rizal	San Benito (Palita)	135	Janna	Santos	Pérez	Female	74	OTHER_CAPABILITY_BUILDING_SUPPORT	Scholarship Grants	Standard package	Anonymous Donor - Emergency response. Contact: main branch	08/19/2024
Laguna	Luisiana	Timbao	58	Clara	Carn	Pérez	Female	23	KALAHI	Surgical Procedures	Crutches	Anonymous Donor - Special initiative. Contact: main branch	03/04/2022
Laguna	Lumban	Barangay I (Poblacion)	105	Janna	Carn	Gómez	Male	25	AICS	Job Fair	Basic assistance	Community Organization - Pilot program. Contact: local coordinator	11/07/2023
Laguna	San Pedro	San Agustín (Antipolo)	266	María	Gómez	García	Male	34	SUPPLEMENTAL_FEEDING	Burial Assistance	Standard package	DOLE - Pilot program. Contact: regional office	03/22/2021
Laguna	Lumban	Masili	522	Ana	Santos	García	Female	29	PWD_ASSISTANCE	Job Fair	Enhanced support	World Vision - Annual assistance. Contact: main branch	07/03/2021
Laguna	Pagsanjan	Turbina	496	Clara	Reyes	López	Male	79	SLP	Job Fair	Basic assistance	Caritas - Annual assistance. Contact: local coordinator	04/12/2022
Laguna	Santa Cruz	Barangay IV (Poblacion)	253	Janna	López	Santos	Male	39	SOCIAL_PENSION	Medical Assistance	"PHP 3,000"	World Vision - Special initiative	10/10/2021
Laguna	Pagsanjan	San José	295	María	Reyes	Gómez	Male	79	OTHER_PROGRAM	GAD Trainings	3-day conference	Community Organization - Annual assistance. Contact: regional office	12/31/2023
Laguna	Rizal	San Agustín (Antipolo)	668	Ana	Reyes	García	Female	31	PWD_ASSISTANCE	Family Development Trainings	2-day workshop	Anonymous Donor - Special initiative. Contact: main branch	03/31/2021
Laguna	Mabitac	Looc	158	María	López	Pérez	Female	51	SUPPLEMENTAL_FEEDING	Consultation/Medical Check-Up	Crutches	Local Government - Emergency response	12/10/2022
Laguna	Cabuyao	Punta	549	Pedro	Cruz	Pérez	Female	36	AICS	Food for Work	Level 1 support	World Vision - Pilot program	10/04/2022
Laguna	Lumban	San José	631	Ana	Carn	Galang	Male	23	SOCIAL_PENSION	Honorarium	Level 1 support	DOLE - Annual assistance. Contact: main branch	10/20/2024
Laguna	Famy	San Cristóbal	67	Janna	García	López	Female	35	OTHER_CAPABILITY_BUILDING_SUPPORT	Alternative Learning System	Standard package	DepEd - Special initiative	07/22/2021
Laguna	Siniloan	San José	754	María	Santos	Reyes	Male	53	SOCIAL_PENSION	Cash for Work	Standard package	DepEd - Pilot program. Contact: local coordinator	06/08/2024
Laguna	Rizal	Ulango	299	Miguel	Carn	Santos	Male	71	PWD_ASSISTANCE	Alternative Learning System	Level 1 support	Caritas - Annual assistance. Contact: main branch	08/22/2022
Laguna	Pangil	Looc	463	Janna	Reyes	López	Male	54	AICS	Voucher	Basic assistance	DOH - Special initiative. Contact: regional office	01/06/2021
Laguna	Rizal	Real	725	María	Santos	Cruz	Female	55	OTHER_CAPABILITY_BUILDING_SUPPORT	Surgical Procedures	Crutches	Provincial Government - Pilot program. Contact: local coordinator	12/23/2021
Laguna	Pagsanjan	Sirang Lupa	820	Miguel	García	Gómez	Male	32	EDUCATIONAL_ASSISTANCE	Tutorial Sessions	Enhanced support	Local Government - Annual assistance. Contact: main branch	01/12/2025
Laguna	Luisiana	Zapote	101	Miguel	Carn	García	Female	55	SLP	Values Formation	2-day workshop	World Vision - Special initiative. Contact: local coordinator	03/15/2024
Laguna	Paete	Timbao	56	James	Carn	Galang	Male	57	LIVELIHOOD_ASSISTANCE	Job Fair	Standard package	Community Organization - Special initiative	02/24/2021
Laguna	Calauan	Majada Labas	332	Miguel	Cruz	Pérez	Female	26	MEDICAL_SERVICES	Cash for Work	Standard package	World Vision - Special initiative. Contact: regional office	12/27/2023
Laguna	Paete	Santa Rosa	836	Janna	Carn	Galang	Female	70	DISASTER_RELIEF_ASSISTANCE	Medical Assistance	Medical Kit	Caritas - Annual assistance. Contact: regional office	05/27/2021
Laguna	Pagsanjan	Maunong	751	Janna	Carn	Reyes	Female	71	SUPPLEMENTAL_FEEDING	Surgical Procedures	"PHP 10,000"	Caritas - Special initiative	08/09/2022
Laguna	Pila	Paciano Rizal	393	Juan	García	Gómez	Female	23	SUPPLEMENTAL_FEEDING	Values Formation	2-day workshop	DSWD - Special initiative. Contact: regional office	09/07/2023
Laguna	Calamba	San Gregorio	743	Clara	García	López	Female	71	SUPPLEMENTAL_FEEDING	Tutorial Sessions	Enhanced support	USAID - Annual assistance. Contact: main branch	01/06/2023
Laguna	San Pablo	San Gregorio	874	Pedro	Santos	Galang	Female	19	EDUCATIONAL_ASSISTANCE	Cash for Training	Level 1 support	Red Cross - Regular program. Contact: local coordinator	06/09/2024
Laguna	Kalayaan	Milagrosa	381	Janna	Reyes	López	Female	33	AICS	Values Formation	1-day seminar	Anonymous Donor - Special initiative. Contact: main branch	01/31/2025
Laguna	Santa Maria	Makiling	92	Ana	García	Gómez	Female	69	SOCIAL_PENSION	Skills Training	Carpentry	Community Organization - Annual assistance	11/26/2022
Laguna	Biñan	Looc	791	Clara	Santos	García	Male	18	OTHER_CAPABILITY_BUILDING_SUPPORT	Medical Supplies	"PHP 10,000"	DSWD - Annual assistance. Contact: main branch	01/25/2024
Laguna	Santa Rosa	San Miguel	447	Miguel	Carn	García	Male	47	SOCIAL_PENSION	"Non-Food Items (Hygiene Kits, Clothes, Household Items)"	Standard package	World Vision - Regular program. Contact: regional office	02/23/2025
Laguna	Liliw	Palma	109	María	Gómez	Pérez	Male	77	SOCIAL_PENSION	Skills Training	Plumbing	DepEd - Emergency response. Contact: local coordinator	05/04/2023
Laguna	Pagsanjan	San Juan	317	James	Santos	Galang	Male	65	DISASTER_RELIEF_ASSISTANCE	Skills Training	Sewing	DSWD - Annual assistance	09/05/2021
Laguna	Biñan	San José	168	Ana	Gómez	García	Male	50	SUPPLEMENTAL_FEEDING	Agricultural and Fisheries	Enhanced support	Caritas - Emergency response. Contact: main branch	05/12/2021
Laguna	Siniloan	Makiling	812	Clara	Santos	Gómez	Female	18	KALAHI	Food Assistance	Rice (5kg)	Red Cross - Emergency response. Contact: local coordinator	03/29/2025
Laguna	Siniloan	Majada Labas	982	Ana	Santos	López	Female	56	SUPPLEMENTAL_FEEDING	Mental Health Support	Basic assistance	DOH - Annual assistance. Contact: regional office	12/30/2023
Laguna	Pila	San Cristóbal	920	Ana	Gómez	Pérez	Female	33	EDUCATIONAL_ASSISTANCE	"Non-Food Items (Hygiene Kits, Clothes, Household Items)"	Enhanced support	Anonymous Donor - Special initiative. Contact: main branch	12/15/2021
Laguna	Magdalena	San Ildefonso	435	Ana	López	García	Female	34	SOCIAL_PENSION	Tutorial Sessions	Basic assistance	Red Cross - Annual assistance. Contact: main branch	03/18/2022
Laguna	Alaminos	San José	442	Clara	Santos	Gómez	Female	65	DISASTER_RELIEF_ASSISTANCE	Scholarship Grants	Basic assistance	DA - Emergency response. Contact: main branch	09/13/2021
Laguna	Cavinti	Timbao	218	James	Gómez	Gómez	Male	65	LIVELIHOOD_ASSISTANCE	Values Formation	Week-long training	Community Organization - Pilot program. Contact: regional office	11/10/2024
Laguna	Luisiana	Uwisan	222	Miguel	García	Pérez	Male	55	EDUCATIONAL_ASSISTANCE	Dental Services	Standard package	Red Cross - Annual assistance. Contact: main branch	05/20/2022
Laguna	Nagcarlan	Palo-Alto	673	Juan	Pérez	Cruz	Female	35	EDUCATIONAL_ASSISTANCE	Capital/Starter Kit	Standard package	UNICEF - Pilot program. Contact: main branch	02/20/2022
Laguna	Victoria	Puting Lupa	528	Pedro	Pérez	López	Male	39	MEDICAL_SERVICES	Cash for Work	Basic assistance	Provincial Government - Pilot program. Contact: local coordinator	11/15/2021
Laguna	Pangil	Sirang Lupa	278	Miguel	Pérez	Gómez	Male	39	LIVELIHOOD_ASSISTANCE	Capital/Starter Kit	Level 1 support	Red Cross - Special initiative. Contact: main branch	11/12/2021
Laguna	Santa Cruz	Palo-Alto	569	Janna	Pérez	Pérez	Female	77	SUPPLEMENTAL_FEEDING	Medical Supplies	Crutches	DOH - Regular program	09/13/2023
Laguna	Siniloan	San José	574	Clara	López	Santos	Female	76	SOCIAL_PENSION	Activity Involvement/Advocacy	Standard package	DOH - Annual assistance. Contact: main branch	09/25/2023
Laguna	San Pablo	Timbao	875	Ana	Reyes	Gómez	Male	52	SUPPLEMENTAL_FEEDING	Food Items	Basic Groceries	Community Organization - Special initiative. Contact: regional office	11/26/2021
Laguna	Pakil	Puting Lupa	466	Miguel	Gómez	García	Male	48	SLP	Job Fair	Basic assistance	Red Cross - Special initiative	03/01/2024
Laguna	Calamba	Barangay IV (Poblacion)	839	Janna	Santos	García	Female	57	EDUCATIONAL_ASSISTANCE	Job Fair	Basic assistance	DepEd - Pilot program. Contact: regional office	03/13/2024
Laguna	Cabuyao	San Isidro	754	Clara	Cruz	López	Male	44	SUPPLEMENTAL_FEEDING	Vaccination	Basic assistance	DOLE - Regular program. Contact: regional office	06/24/2024
Laguna	Santa Rosa	San Miguel	602	Janna	Pérez	Gómez	Female	53	AICS	Values Formation	2-day workshop	Community Organization - Regular program	12/23/2023
Laguna	Luisiana	San Roque	584	Ana	Carn	Reyes	Male	78	PWD_ASSISTANCE	Scholarship Grants	Basic assistance	Anonymous Donor - Emergency response. Contact: local coordinator	03/07/2025
Laguna	Victoria	Turbina	838	Juan	Pérez	Santos	Male	72	LIVELIHOOD_ASSISTANCE	Parent Effectiveness Trainings	Basic assistance	Red Cross - Pilot program. Contact: main branch	06/13/2024
Laguna	Pakil	Punta	30	Clara	Pérez	Pérez	Female	21	SOCIAL_PENSION	Capital/Starter Kit	Enhanced support	Anonymous Donor - Emergency response. Contact: local coordinator	11/21/2024
Laguna	Santa Rosa	Casile	359	Janna	Carn	Santos	Male	66	LIVELIHOOD_ASSISTANCE	Skills Training	Carpentry	DOH - Special initiative. Contact: regional office	03/12/2023
Laguna	San Pablo	Casile	919	María	López	Pérez	Female	71	MEDICAL_SERVICES	Skills Training	Plumbing	Private Donor - Emergency response. Contact: main branch	05/03/2021
Laguna	Paete	Barangay IV (Poblacion)	288	Janna	Carn	Gómez	Male	22	SUPPLEMENTAL_FEEDING	Alternative Learning System	Level 1 support	DOH - Annual assistance. Contact: regional office	09/27/2021
Laguna	Nagcarlan	Súcol	86	Pedro	Carn	Santos	Male	42	SUPPLEMENTAL_FEEDING	Burial Assistance	Standard package	World Vision - Emergency response. Contact: regional office	01/08/2021
Laguna	Pagsanjan	Ulango	234	Ana	López	Galang	Female	48	KALAHI	Food for Work	Basic assistance	USAID - Regular program	12/31/2022
Laguna	Kalayaan	Palo-Alto	747	James	Carn	Cruz	Male	31	SOCIAL_PENSION	Vaccination	Basic assistance	DSWD - Emergency response. Contact: main branch	12/08/2021
Laguna	Cabuyao	Lingga	313	Janna	Santos	Cruz	Female	47	SOCIAL_PENSION	Agricultural and Fisheries	Enhanced support	Provincial Government - Emergency response. Contact: main branch	11/17/2022
Laguna	Santa Cruz	Maunong	365	Juan	Pérez	Reyes	Female	64	SLP	Agricultural and Fisheries	Enhanced support	Provincial Government - Pilot program. Contact: regional office	08/31/2024
Laguna	Pangil	Del Carmen	777	María	Reyes	Santos	Male	74	AICS	Technical Skills Training	Standard package	DepEd - Regular program. Contact: regional office	04/08/2023
Laguna	Bay	Saimsim	799	María	López	Santos	Female	29	DISASTER_RELIEF_ASSISTANCE	Voucher	Enhanced support	UNICEF - Emergency response. Contact: local coordinator	12/02/2021
Laguna	Cabuyao	Mayapa	839	James	Cruz	García	Female	44	OTHER_PROGRAM	Medical Assistance	Medical Kit	DOLE - Special initiative. Contact: local coordinator	01/18/2023
Laguna	Bay	Barangay I (Poblacion)	905	Miguel	López	Pérez	Female	62	MEDICAL_SERVICES	Job Fair	Standard package	DA - Special initiative. Contact: local coordinator	05/11/2023
Laguna	Magdalena	San Miguel	269	Pedro	García	López	Male	41	SUPPLEMENTAL_FEEDING	Food for Work	Level 1 support	Community Organization - Regular program. Contact: main branch	09/13/2021
Laguna	Bay	Barangay I (Poblacion)	698	James	Cruz	Galang	Female	72	SOCIAL_PENSION	Parent Effectiveness Trainings	Basic assistance	DepEd - Emergency response	04/26/2021
Laguna	Cabuyao	Real	131	Pedro	García	Galang	Female	47	SOCIAL_PENSION	Financial	"PHP 5,000"	World Vision - Emergency response. Contact: main branch	03/02/2023
Laguna	Calauan	Zapote	803	Janna	Gómez	Gómez	Male	35	PWD_ASSISTANCE	"Non-Food Items (Hygiene Kits, Clothes, Household Items)"	Enhanced support	DA - Regular program. Contact: regional office	11/13/2024
Laguna	Cavinti	Barangay I (Poblacion)	993	Ana	Gómez	Reyes	Female	31	MEDICAL_SERVICES	Scholarship Grants	Basic assistance	Red Cross - Special initiative. Contact: main branch	01/14/2024
Laguna	Liliw	Del Carmen	789	Juan	López	Cruz	Female	73	OTHER_PROGRAM	Values Formation	3-day conference	Community Organization - Annual assistance. Contact: main branch	02/19/2021
Laguna	Pagsanjan	Barangay IV (Poblacion)	832	María	García	Gómez	Female	36	PWD_ASSISTANCE	Mental Health Support	Standard package	Anonymous Donor - Special initiative. Contact: main branch	04/02/2024
Laguna	Pagsanjan	Makiling	351	James	Cruz	Santos	Male	39	EDUCATIONAL_ASSISTANCE	Values Formation	2-day workshop	USAID - Pilot program. Contact: local coordinator	03/17/2024
Laguna	Santa Cruz	Ulango	180	Juan	Santos	López	Male	43	MEDICAL_SERVICES	Leadership Skills Training	Standard package	Private Donor - Special initiative. Contact: local coordinator	07/09/2022
Laguna	Pila	Masaya	802	Pedro	López	Reyes	Male	24	MEDICAL_SERVICES	Medical Supplies	Crutches	Red Cross - Annual assistance	03/05/2024
Laguna	Siniloan	Milagrosa	480	Ana	López	Pérez	Male	45	SLP	Values Formation	3-day conference	USAID - Annual assistance. Contact: main branch	05/26/2024
Laguna	Luisiana	Santo Tomás (Calabuso)	889	María	Carn	Galang	Male	55	EDUCATIONAL_ASSISTANCE	Equipment/School Materials	School Supplies Kit	World Vision - Emergency response. Contact: main branch	05/21/2022
Laguna	Biñan	San Vicente	163	María	López	Galang	Male	22	LIVELIHOOD_ASSISTANCE	Voucher	Level 1 support	DOH - Special initiative. Contact: local coordinator	10/27/2024
Laguna	Lumban	Santa Rosa	783	Pedro	Pérez	Galang	Female	53	OTHER_CAPABILITY_BUILDING_SUPPORT	Parent Effectiveness Trainings	Enhanced support	DepEd - Regular program. Contact: main branch	08/22/2021
Laguna	Paete	Paciano Rizal	888	Ana	Gómez	Santos	Male	35	AICS	Skills Training	Plumbing	DOLE - Emergency response. Contact: regional office	02/14/2023
Laguna	Famy	Ulango	96	María	Pérez	Santos	Male	74	SLP	Consultation/Medical Check-Up	"PHP 5,000"	Caritas - Pilot program. Contact: main branch	02/13/2024
Laguna	Pangil	Real	774	Ana	López	Santos	Male	31	PWD_ASSISTANCE	Technical Skills Training	Enhanced support	DSWD - Special initiative. Contact: main branch	07/08/2021
Laguna	Magdalena	Lingga	510	María	Gómez	García	Male	65	OTHER_CAPABILITY_BUILDING_SUPPORT	Food for Work	Basic assistance	World Vision - Pilot program. Contact: main branch	12/11/2024
Laguna	Alaminos	Masili	365	Janna	Gómez	Cruz	Female	40	EDUCATIONAL_ASSISTANCE	"Non-Food Items (Hygiene Kits, Clothes, Household Items)"	Level 1 support	DA - Special initiative. Contact: local coordinator	05/05/2024
Laguna	Biñan	San Gregorio	981	Pedro	Santos	Pérez	Female	72	SOCIAL_PENSION	Transportation Allowance	Basic assistance	DOLE - Pilot program	07/04/2022
Laguna	Santa Cruz	San Roque	353	Ana	Carn	Galang	Male	69	PWD_ASSISTANCE	Cash for Training	Level 1 support	Private Donor - Special initiative. Contact: local coordinator	06/08/2022
Laguna	Famy	Looc	800	Juan	Reyes	Galang	Female	31	OTHER_CAPABILITY_BUILDING_SUPPORT	Activity Involvement/Advocacy	Basic assistance	Caritas - Emergency response	04/01/2023
Laguna	Cabuyao	Majada Labas	436	Miguel	García	Gómez	Male	49	SLP	Honorarium	Level 1 support	Anonymous Donor - Regular program. Contact: regional office	01/14/2021
Laguna	Majayjay	San Juan	83	Janna	Cruz	García	Female	22	OTHER_PROGRAM	Tutorial Sessions	Enhanced support	World Vision - Regular program. Contact: regional office	08/25/2023
Laguna	Victoria	Milagrosa	225	Clara	Reyes	Galang	Male	39	AICS	Job Referral	Level 1 support	DepEd - Emergency response. Contact: regional office	05/10/2023
Laguna	Rizal	Sirang Lupa	412	Juan	Carn	Pérez	Male	45	OTHER_PROGRAM	Capital/Starter Kit	Standard package	Anonymous Donor - Emergency response. Contact: local coordinator	06/22/2024
Laguna	Liliw	Mapagong	735	Pedro	Pérez	Galang	Male	60	SLP	Food Assistance	Food Pack	DOLE - Special initiative. Contact: local coordinator	08/18/2024
Laguna	Luisiana	Barangay I (Poblacion)	981	María	Pérez	Santos	Male	29	SOCIAL_PENSION	Transportation Allowance	Standard package	DSWD - Pilot program. Contact: local coordinator	01/27/2025
Laguna	Mabitac	Palingon	118	Clara	Pérez	Santos	Female	35	LIVELIHOOD_ASSISTANCE	Job Fair	Enhanced support	Community Organization - Special initiative. Contact: regional office	03/09/2022
Laguna	Mabitac	San Miguel	482	Juan	Santos	Cruz	Male	53	MEDICAL_SERVICES	Food Items	Rice (10kg)	Provincial Government - Annual assistance. Contact: local coordinator	09/04/2022
Laguna	Bay	Pansol	192	Janna	Gómez	Pérez	Female	48	SLP	Dental Services	Enhanced support	Anonymous Donor - Special initiative. Contact: local coordinator	04/07/2022
Laguna	Rizal	Súcol	591	Clara	Pérez	Pérez	Female	30	EDUCATIONAL_ASSISTANCE	Surgical Procedures	Crutches	DepEd - Emergency response. Contact: local coordinator	05/28/2023
Laguna	Calamba	San José	590	Clara	Cruz	Galang	Female	37	KALAHI	Financial	"PHP 3,000"	UNICEF - Annual assistance. Contact: regional office	10/11/2021
Laguna	Calamba	Zapote	659	Ana	García	Reyes	Male	77	PWD_ASSISTANCE	Values Formation	1-day seminar	DA - Regular program. Contact: regional office	09/15/2022
Laguna	Calauan	Súcol	107	James	López	Galang	Female	62	KALAHI	Capital/Starter Kit	Basic assistance	Community Organization - Regular program. Contact: regional office	03/11/2023
Laguna	Lumban	Pansol	382	Juan	López	Galang	Female	53	DISASTER_RELIEF_ASSISTANCE	Alternative Learning System	Basic assistance	Private Donor - Special initiative	12/18/2022
Laguna	Kalayaan	Punta	783	James	Reyes	Cruz	Female	72	OTHER_PROGRAM	Insurance	Basic assistance	Caritas - Pilot program. Contact: local coordinator	06/18/2022
Laguna	Victoria	Barangay I (Poblacion)	390	Pedro	García	Reyes	Male	78	LIVELIHOOD_ASSISTANCE	Medical Assistance	"PHP 5,000"	Anonymous Donor - Annual assistance	11/13/2022
Laguna	Pila	Makiling	244	Juan	Carn	Gómez	Female	72	PWD_ASSISTANCE	Dental Services	Level 1 support	DSWD - Emergency response. Contact: regional office	10/23/2024
Laguna	Santa Rosa	Makiling	585	Juan	García	Galang	Male	24	SLP	Dental Services	Basic assistance	DSWD - Regular program	10/18/2023
Laguna	Siniloan	San Isidro	869	Ana	Santos	López	Female	40	LIVELIHOOD_ASSISTANCE	Leadership Skills Training	Standard package	DepEd - Pilot program. Contact: main branch	03/26/2024
Laguna	Magdalena	San Agustín (Antipolo)	468	María	Reyes	López	Female	51	SLP	Activity Involvement/Advocacy	Enhanced support	World Vision - Pilot program. Contact: main branch	01/04/2023
Laguna	Mabitac	Calo	866	Janna	Reyes	Pérez	Male	70	MEDICAL_SERVICES	Consultation/Medical Check-Up	"PHP 10,000"	World Vision - Special initiative. Contact: regional office	01/26/2025
Laguna	San Pablo	Saimsim	934	Janna	Santos	Pérez	Male	75	LIVELIHOOD_ASSISTANCE	Food Assistance	Basic Groceries	DSWD - Special initiative	06/10/2021
Laguna	Cavinti	San Andrés	538	Janna	García	Reyes	Female	67	PWD_ASSISTANCE	Values Formation	3-day conference	DOLE - Special initiative	06/23/2021
Laguna	San Pedro	Makiling	210	Miguel	Pérez	López	Male	49	MEDICAL_SERVICES	Honorarium	Enhanced support	Provincial Government - Emergency response	06/24/2023
Laguna	Pakil	Paciano Rizal	604	Pedro	Santos	Santos	Female	38	AICS	Skills Training	Carpentry	Caritas - Special initiative	03/03/2025
Laguna	Bay	San Roque	637	Clara	Pérez	Santos	Female	77	OTHER_CAPABILITY_BUILDING_SUPPORT	"Non-Food Items (Hygiene Kits, Clothes, Household Items)"	Basic assistance	DOH - Regular program. Contact: main branch	04/23/2025
Laguna	Cavinti	Zapote	947	María	Cruz	Reyes	Male	23	KALAHI	Food Items	Basic Groceries	DOLE - Pilot program. Contact: regional office	09/21/2024
Laguna	Calauan	Barangay IV (Poblacion)	73	James	Santos	Gómez	Male	33	DISASTER_RELIEF_ASSISTANCE	Cash for Work	Level 1 support	Red Cross - Pilot program. Contact: local coordinator	01/26/2021
Laguna	Nagcarlan	Del Carmen	992	Janna	Pérez	Galang	Male	52	LIVELIHOOD_ASSISTANCE	GAD Trainings	1-day seminar	Red Cross - Pilot program. Contact: local coordinator	03/08/2025
Laguna	Santa Maria	Zapote	635	Miguel	García	Pérez	Female	71	AICS	Cash for Work	Basic assistance	DA - Special initiative. Contact: local coordinator	08/15/2024
Laguna	San Pedro	San José	309	James	Pérez	Reyes	Female	64	DISASTER_RELIEF_ASSISTANCE	Voucher	Enhanced support	Red Cross - Annual assistance. Contact: local coordinator	03/13/2022
Laguna	San Pedro	Zapote	696	María	Santos	López	Female	70	LIVELIHOOD_ASSISTANCE	Family Development Trainings	1-day seminar	Local Government - Annual assistance. Contact: local coordinator	01/29/2023
Laguna	Santa Rosa	San Cristóbal	699	Pedro	Carn	Reyes	Male	37	PWD_ASSISTANCE	Equipment/School Materials	Uniform	DOH - Pilot program. Contact: main branch	01/11/2021
Laguna	Bay	Barangay III (Poblacion)	710	María	López	López	Male	59	LIVELIHOOD_ASSISTANCE	Skills Training	Sewing	World Vision - Annual assistance. Contact: regional office	06/15/2024
Laguna	Biñan	Barangay III (Poblacion)	590	Ana	Santos	Pérez	Male	58	SLP	Financial	"PHP 10,000"	DA - Special initiative	09/11/2022
Laguna	Calamba	Saimsim	860	Clara	López	Santos	Female	28	DISASTER_RELIEF_ASSISTANCE	Vaccination	Basic assistance	DOH - Special initiative. Contact: regional office	12/04/2024
Laguna	Calamba	Santo Tomás (Calabuso)	186	Janna	Santos	Reyes	Male	49	KALAHI	Dental Services	Enhanced support	Local Government - Regular program. Contact: local coordinator	09/19/2024
Laguna	Alaminos	San Vicente	856	Pedro	García	Pérez	Male	31	PWD_ASSISTANCE	Burial Assistance	Enhanced support	UNICEF - Special initiative. Contact: local coordinator	08/29/2024
Laguna	Famy	San Isidro	253	Ana	Cruz	Pérez	Female	41	OTHER_CAPABILITY_BUILDING_SUPPORT	Cash for Work	Basic assistance	DA - Emergency response. Contact: local coordinator	10/22/2023
Laguna	Luisiana	Santa Rosa	13	Janna	Cruz	García	Male	61	EDUCATIONAL_ASSISTANCE	Transportation Allowance	Level 1 support	DOH - Annual assistance	06/07/2022
Laguna	San Pablo	Palingon	299	María	López	Gómez	Male	56	LIVELIHOOD_ASSISTANCE	Technical Skills Training	Standard package	Private Donor - Regular program. Contact: main branch	03/29/2021
Laguna	Cabuyao	San Roque	76	María	Gómez	López	Female	60	SOCIAL_PENSION	Food for Work	Basic assistance	UNICEF - Special initiative. Contact: local coordinator	08/30/2021
Laguna	Lumban	Mapagong	51	Miguel	Gómez	García	Female	48	EDUCATIONAL_ASSISTANCE	Technical Skills Training	Enhanced support	UNICEF - Regular program	10/06/2023
Laguna	Rizal	Palingon	787	Juan	García	Santos	Female	34	OTHER_PROGRAM	Job Referral	Standard package	Red Cross - Special initiative	03/01/2024
Laguna	Magdalena	Makiling	149	Juan	Pérez	Pérez	Female	42	PWD_ASSISTANCE	Food for Work	Level 1 support	UNICEF - Special initiative. Contact: main branch	08/21/2022
Laguna	Los Baños	Puting Lupa	731	María	García	Pérez	Female	26	SUPPLEMENTAL_FEEDING	Scholarship Grants	Basic assistance	Private Donor - Special initiative. Contact: local coordinator	09/13/2024
Laguna	Liliw	Maunong	122	María	Gómez	Galang	Female	39	PWD_ASSISTANCE	Dental Services	Enhanced support	DOH - Regular program. Contact: main branch	04/21/2021
Laguna	Biñan	Casile	211	James	García	López	Male	72	SLP	Transportation Allowance	Enhanced support	Red Cross - Pilot program	10/16/2021
Laguna	Pila	Palingon	280	Miguel	Carn	Gómez	Male	62	SLP	Dental Services	Basic assistance	Anonymous Donor - Annual assistance. Contact: main branch	12/11/2024
Laguna	Mabitac	San Andrés	538	Clara	Reyes	Gómez	Female	65	LIVELIHOOD_ASSISTANCE	Family Development Trainings	3-day conference	Local Government - Annual assistance. Contact: regional office	03/15/2021
Laguna	Majayjay	Makiling	685	James	Gómez	Galang	Female	52	PWD_ASSISTANCE	GAD Trainings	2-day workshop	Provincial Government - Pilot program	04/18/2021
Laguna	Liliw	Lingga	156	Clara	Gómez	Santos	Male	54	DISASTER_RELIEF_ASSISTANCE	Equipment/School Materials	Uniform	Provincial Government - Pilot program. Contact: local coordinator	03/20/2025
Laguna	Siniloan	Pansol	238	Ana	Santos	Galang	Female	72	OTHER_CAPABILITY_BUILDING_SUPPORT	Alternative Learning System	Standard package	DOLE - Annual assistance. Contact: local coordinator	03/12/2023
Laguna	Liliw	Masaya	376	Juan	García	Pérez	Female	34	MEDICAL_SERVICES	Medical Supplies	"PHP 5,000"	DOLE - Special initiative	01/07/2023
Laguna	Luisiana	San Antonio	82	Juan	García	López	Male	45	MEDICAL_SERVICES	Parent Effectiveness Trainings	Basic assistance	Provincial Government - Annual assistance. Contact: local coordinator	02/03/2024
Laguna	Victoria	San Andrés	492	Miguel	García	Cruz	Male	18	PWD_ASSISTANCE	Consultation/Medical Check-Up	Medical Kit	Local Government - Regular program	11/06/2024
Laguna	Kalayaan	Majada Labas	356	María	Cruz	López	Female	70	PWD_ASSISTANCE	Job Referral	Standard package	World Vision - Special initiative. Contact: main branch	03/18/2021
Laguna	Alaminos	Maunong	925	María	García	López	Female	26	OTHER_CAPABILITY_BUILDING_SUPPORT	Voucher	Enhanced support	UNICEF - Pilot program. Contact: main branch	07/22/2021
Laguna	Calamba	Real	273	Ana	Gómez	García	Male	72	MEDICAL_SERVICES	Parent Effectiveness Trainings	Standard package	Local Government - Annual assistance. Contact: local coordinator	05/01/2023
Laguna	Pakil	San Ildefonso	580	Pedro	Santos	Cruz	Female	66	AICS	Tutorial Sessions	Level 1 support	Local Government - Annual assistance. Contact: local coordinator	03/05/2025
Laguna	Famy	Calo	44	Pedro	Pérez	Cruz	Male	78	LIVELIHOOD_ASSISTANCE	Consultation/Medical Check-Up	Crutches	USAID - Regular program. Contact: main branch	06/18/2024
Laguna	Los Baños	Pansol	573	Miguel	Pérez	Cruz	Male	30	EDUCATIONAL_ASSISTANCE	Surgical Procedures	Crutches	DSWD - Annual assistance. Contact: local coordinator	03/11/2023
Laguna	Luisiana	Saimsim	123	Pedro	García	López	Female	64	AICS	Scholarship Grants	Basic assistance	DA - Regular program. Contact: regional office	12/08/2022
Laguna	Alaminos	San Roque	349	Juan	Santos	Santos	Male	49	KALAHI	Food Items	Basic Groceries	Community Organization - Emergency response. Contact: local coordinator	10/27/2024
Laguna	San Pedro	Palma	708	James	Carn	Cruz	Male	45	OTHER_CAPABILITY_BUILDING_SUPPORT	"Non-Food Items (Hygiene Kits, Clothes, Household Items)"	Level 1 support	DSWD - Pilot program	05/13/2024
Laguna	Pila	Barangay IV (Poblacion)	330	Pedro	Pérez	Reyes	Male	70	PWD_ASSISTANCE	Job Fair	Standard package	USAID - Regular program. Contact: regional office	02/16/2022
Laguna	Pakil	Real	409	Janna	Gómez	Galang	Female	48	LIVELIHOOD_ASSISTANCE	Capital/Starter Kit	Basic assistance	Anonymous Donor - Emergency response. Contact: local coordinator	05/22/2024
Laguna	Santa Rosa	San Roque	991	Miguel	Reyes	Santos	Female	25	SOCIAL_PENSION	Scholarship Grants	Standard package	World Vision - Annual assistance. Contact: regional office	03/17/2022
Laguna	San Pedro	Saimsim	323	Ana	Cruz	Reyes	Female	25	SOCIAL_PENSION	Transportation Allowance	Basic assistance	UNICEF - Special initiative. Contact: regional office	04/04/2025
Laguna	Los Baños	Palo-Alto	111	Pedro	Santos	López	Male	77	OTHER_PROGRAM	Surgical Procedures	Medical Kit	DOLE - Pilot program. Contact: local coordinator	05/20/2024
Laguna	Calamba	Palingon	770	Janna	Pérez	López	Male	51	OTHER_PROGRAM	Family Development Trainings	2-day workshop	DOH - Special initiative	02/22/2021
Laguna	Magdalena	Maunong	89	Pedro	Pérez	Reyes	Female	40	KALAHI	Dental Services	Enhanced support	World Vision - Annual assistance	03/15/2025
Laguna	Calamba	Saimsim	433	James	López	García	Male	27	KALAHI	Capital/Starter Kit	Standard package	Local Government - Emergency response	01/17/2024
Laguna	Luisiana	Mapagong	710	James	Carn	García	Male	54	LIVELIHOOD_ASSISTANCE	Surgical Procedures	Crutches	Anonymous Donor - Regular program. Contact: local coordinator	11/03/2022
Laguna	Calamba	San Agustín (Antipolo)	794	Pedro	Reyes	Reyes	Female	65	SUPPLEMENTAL_FEEDING	Tutorial Sessions	Enhanced support	USAID - Annual assistance. Contact: local coordinator	01/09/2021
Laguna	Nagcarlan	Barangay I (Poblacion)	712	Miguel	Reyes	Gómez	Male	42	PWD_ASSISTANCE	Family Development Trainings	2-day workshop	Private Donor - Emergency response	11/22/2022
Laguna	Nagcarlan	San Roque	99	Miguel	Reyes	García	Male	68	DISASTER_RELIEF_ASSISTANCE	Job Fair	Basic assistance	UNICEF - Emergency response. Contact: local coordinator	03/24/2021
Laguna	San Pablo	Barangay I (Poblacion)	539	Janna	Gómez	Galang	Male	50	SOCIAL_PENSION	Cash for Training	Standard package	DepEd - Pilot program	11/15/2023
Laguna	Luisiana	Turbina	601	Ana	Santos	Galang	Male	62	PWD_ASSISTANCE	Cash for Work	Enhanced support	Private Donor - Special initiative. Contact: main branch	08/13/2021
Laguna	San Pablo	Mayapa	146	Janna	Carn	Gómez	Male	21	KALAHI	Agricultural and Fisheries	Standard package	Provincial Government - Pilot program	03/01/2025
Laguna	Santa Rosa	Majada Labas	694	Ana	García	López	Male	24	PWD_ASSISTANCE	GAD Trainings	2-day workshop	DOH - Regular program. Contact: regional office	03/06/2022
Laguna	Magdalena	San Vicente	257	Pedro	López	García	Female	50	OTHER_CAPABILITY_BUILDING_SUPPORT	Skills Training	Sewing	Local Government - Emergency response. Contact: regional office	12/22/2024
Laguna	Magdalena	San Isidro	189	Ana	Carn	Gómez	Female	19	MEDICAL_SERVICES	Food Items	Basic Groceries	UNICEF - Pilot program	05/02/2024
Laguna	Calauan	Calo	240	María	Carn	Cruz	Male	65	AICS	Job Fair	Standard package	Local Government - Special initiative. Contact: main branch	02/16/2024
Laguna	Luisiana	Saimsim	871	Juan	Pérez	Gómez	Female	63	SOCIAL_PENSION	Technical Skills Training	Level 1 support	Anonymous Donor - Special initiative	04/15/2023
Laguna	Santa Maria	Barangay III (Poblacion)	899	Clara	Carn	Reyes	Female	49	KALAHI	Job Referral	Level 1 support	Provincial Government - Emergency response. Contact: local coordinator	06/14/2023
Laguna	Siniloan	Puting Lupa	503	Juan	Santos	Galang	Female	22	OTHER_PROGRAM	Vaccination	Basic assistance	Provincial Government - Special initiative. Contact: regional office	01/30/2023
Laguna	Pakil	Timbao	708	James	López	Gómez	Male	74	PWD_ASSISTANCE	Technical Skills Training	Enhanced support	World Vision - Special initiative. Contact: local coordinator	09/22/2023
Laguna	Paete	San Antonio	809	María	Santos	Pérez	Female	63	SLP	Burial Assistance	Basic assistance	DA - Pilot program. Contact: local coordinator	03/19/2021
Laguna	Mabitac	San Juan	677	Juan	López	García	Male	34	KALAHI	Scholarship Grants	Basic assistance	USAID - Pilot program	03/21/2024
Laguna	Bay	Mapagong	819	Pedro	López	Pérez	Female	29	EDUCATIONAL_ASSISTANCE	Tutorial Sessions	Basic assistance	Community Organization - Annual assistance. Contact: main branch	12/16/2023
Laguna	Kalayaan	San Gregorio	271	Ana	Pérez	García	Female	69	AICS	Activity Involvement/Advocacy	Standard package	Community Organization - Emergency response. Contact: main branch	12/23/2021
Laguna	Calamba	Pansol	520	Ana	Santos	Gómez	Male	29	MEDICAL_SERVICES	Parent Effectiveness Trainings	Standard package	Provincial Government - Pilot program. Contact: main branch	07/06/2024
Laguna	Pakil	Looc	550	Janna	López	Gómez	Female	79	OTHER_PROGRAM	Family Development Trainings	1-day seminar	World Vision - Annual assistance. Contact: regional office	06/19/2022
Laguna	Santa Cruz	Masili	114	Janna	Carn	Galang	Male	52	OTHER_CAPABILITY_BUILDING_SUPPORT	"Non-Food Items (Hygiene Kits, Clothes, Household Items)"	Basic assistance	Private Donor - Pilot program. Contact: regional office	11/05/2022
Laguna	Siniloan	Looc	339	Miguel	Santos	Galang	Female	79	SOCIAL_PENSION	Leadership Skills Training	Level 1 support	DA - Pilot program	07/25/2022
Laguna	Alaminos	Uwisan	568	Ana	López	Gómez	Female	38	SLP	Leadership Skills Training	Enhanced support	DOH - Emergency response. Contact: local coordinator	08/01/2022
Laguna	Rizal	Turbina	943	Miguel	Gómez	Cruz	Female	38	LIVELIHOOD_ASSISTANCE	GAD Trainings	1-day seminar	DSWD - Special initiative. Contact: regional office	02/10/2022
Laguna	Biñan	Masaya	986	Pedro	Reyes	García	Female	75	EDUCATIONAL_ASSISTANCE	Medical Assistance	"PHP 3,000"	World Vision - Special initiative. Contact: regional office	04/25/2021
Laguna	Calauan	San Cristóbal	359	Ana	Santos	Gómez	Male	19	SLP	GAD Trainings	1-day seminar	UNICEF - Pilot program. Contact: local coordinator	04/19/2022
Laguna	Calamba	San Isidro	650	Janna	Pérez	García	Male	70	SOCIAL_PENSION	Medical Supplies	Medical Kit	Red Cross - Special initiative. Contact: regional office	01/24/2023
Laguna	Pangil	Masili	614	Juan	Gómez	Santos	Female	74	KALAHI	Cash for Work	Basic assistance	DepEd - Pilot program. Contact: main branch	09/19/2024
Laguna	Santa Maria	Barangay II (Poblacion)	334	Miguel	Gómez	López	Male	38	DISASTER_RELIEF_ASSISTANCE	Surgical Procedures	Wheelchair	Community Organization - Regular program. Contact: main branch	08/25/2024
Laguna	Calamba	San José	689	Miguel	Cruz	Cruz	Female	32	MEDICAL_SERVICES	Family Development Trainings	3-day conference	Provincial Government - Emergency response	11/27/2021
Laguna	Alaminos	Barangay II (Poblacion)	169	James	Santos	Galang	Male	28	MEDICAL_SERVICES	Honorarium	Basic assistance	Local Government - Pilot program. Contact: main branch	04/17/2025
Laguna	Nagcarlan	Puting Lupa	339	Janna	Gómez	Pérez	Male	27	SOCIAL_PENSION	Medical Supplies	"PHP 5,000"	UNICEF - Annual assistance. Contact: local coordinator	12/26/2022
Laguna	Pagsanjan	Masili	798	Pedro	Santos	Galang	Male	35	SLP	Job Referral	Level 1 support	DOLE - Regular program. Contact: local coordinator	09/10/2023
Laguna	Mabitac	Casile	261	Miguel	Santos	Reyes	Female	40	MEDICAL_SERVICES	Medical Assistance	"PHP 10,000"	Anonymous Donor - Pilot program. Contact: regional office	03/08/2025
Laguna	Luisiana	Pansol	887	Juan	López	López	Male	48	LIVELIHOOD_ASSISTANCE	Leadership Skills Training	Standard package	World Vision - Pilot program	03/29/2021
Laguna	Liliw	San Ildefonso	735	Juan	Santos	Galang	Male	71	OTHER_CAPABILITY_BUILDING_SUPPORT	Values Formation	Week-long training	Community Organization - Special initiative. Contact: local coordinator	06/27/2023
Laguna	Pakil	Barangay IV (Poblacion)	199	Juan	Cruz	García	Female	72	LIVELIHOOD_ASSISTANCE	Medical Supplies	Crutches	DOH - Emergency response. Contact: main branch	07/28/2022
Laguna	Pangil	Majada Labas	211	María	García	Galang	Female	73	DISASTER_RELIEF_ASSISTANCE	Consultation/Medical Check-Up	"PHP 3,000"	Anonymous Donor - Annual assistance	01/03/2021
Laguna	Paete	Sirang Lupa	287	María	Santos	Gómez	Female	43	OTHER_CAPABILITY_BUILDING_SUPPORT	Honorarium	Enhanced support	USAID - Pilot program. Contact: main branch	11/07/2024
Laguna	San Pablo	Palma	692	Clara	Reyes	García	Male	70	KALAHI	Skills Training	Cooking	Provincial Government - Regular program. Contact: main branch	06/08/2022
Laguna	Santa Maria	Santa Rosa	762	Juan	Cruz	García	Male	19	SLP	"Non-Food Items (Hygiene Kits, Clothes, Household Items)"	Level 1 support	Community Organization - Emergency response. Contact: regional office	03/17/2024
Laguna	Los Baños	Casile	743	Miguel	García	Cruz	Male	56	SUPPLEMENTAL_FEEDING	Alternative Learning System	Basic assistance	Provincial Government - Special initiative	05/21/2022
Laguna	Victoria	Looc	472	Pedro	López	Galang	Male	24	OTHER_PROGRAM	Alternative Learning System	Level 1 support	DOLE - Regular program. Contact: main branch	10/08/2022
Laguna	Bay	Majada Labas	482	Ana	Santos	Cruz	Male	41	SOCIAL_PENSION	Voucher	Standard package	DSWD - Pilot program. Contact: regional office	03/25/2021
Laguna	San Pedro	San Ildefonso	23	Pedro	García	Pérez	Male	56	OTHER_CAPABILITY_BUILDING_SUPPORT	Technical Skills Training	Basic assistance	Red Cross - Emergency response. Contact: main branch	11/22/2024
Laguna	Paete	Milagrosa	560	María	Reyes	Pérez	Female	49	OTHER_CAPABILITY_BUILDING_SUPPORT	Dental Services	Basic assistance	Anonymous Donor - Pilot program. Contact: main branch	07/03/2021
Laguna	Siniloan	Barangay III (Poblacion)	109	Janna	Cruz	López	Male	43	DISASTER_RELIEF_ASSISTANCE	Mental Health Support	Level 1 support	DOLE - Emergency response. Contact: local coordinator	06/18/2021
Laguna	San Pedro	San Andrés	296	Miguel	Cruz	García	Male	40	LIVELIHOOD_ASSISTANCE	Food Assistance	Canned Goods (10 pcs)	DA - Special initiative. Contact: main branch	04/18/2021
Laguna	Cavinti	Sirang Lupa	6	Clara	López	Gómez	Male	31	DISASTER_RELIEF_ASSISTANCE	Job Fair	Standard package	Community Organization - Special initiative. Contact: local coordinator	07/12/2021
Laguna	San Pablo	Palo-Alto	550	María	López	Gómez	Female	46	LIVELIHOOD_ASSISTANCE	Financial	"PHP 3,000"	Provincial Government - Regular program	05/02/2023
Laguna	Magdalena	San Benito (Palita)	681	Ana	López	Pérez	Male	42	OTHER_CAPABILITY_BUILDING_SUPPORT	Parent Effectiveness Trainings	Level 1 support	DSWD - Emergency response. Contact: local coordinator	05/22/2024
Laguna	Los Baños	Majada Labas	868	James	García	López	Female	73	MEDICAL_SERVICES	Vaccination	Level 1 support	DOH - Regular program. Contact: regional office	10/15/2024
Laguna	Paete	Santa Rosa	795	Clara	Santos	Galang	Male	48	MEDICAL_SERVICES	Agricultural and Fisheries	Standard package	Provincial Government - Annual assistance. Contact: local coordinator	01/24/2024
Laguna	Rizal	Palma	203	María	Carn	López	Female	19	KALAHI	Activity Involvement/Advocacy	Standard package	DOLE - Emergency response. Contact: regional office	04/16/2025
Laguna	Luisiana	Santo Tomás (Calabuso)	325	Pedro	Gómez	López	Female	19	LIVELIHOOD_ASSISTANCE	Transportation Allowance	Basic assistance	DOH - Annual assistance. Contact: main branch	03/25/2024
Laguna	Calauan	Santo Tomás (Calabuso)	825	Clara	Cruz	Galang	Female	40	AICS	Family Development Trainings	Week-long training	Anonymous Donor - Annual assistance	03/28/2025
Laguna	Pakil	Santo Domingo	785	Miguel	Carn	Cruz	Male	75	AICS	Capital/Starter Kit	Standard package	Anonymous Donor - Special initiative	09/29/2021
Laguna	Rizal	Sirang Lupa	244	Pedro	Pérez	Cruz	Female	64	SUPPLEMENTAL_FEEDING	Technical Skills Training	Enhanced support	Private Donor - Annual assistance	04/01/2024
Laguna	Victoria	Barangay I (Poblacion)	327	Juan	Cruz	García	Male	28	EDUCATIONAL_ASSISTANCE	Dental Services	Basic assistance	DSWD - Annual assistance. Contact: local coordinator	07/10/2022
Laguna	Lumban	Uwisan	987	Juan	Gómez	Gómez	Female	46	AICS	Agricultural and Fisheries	Standard package	UNICEF - Special initiative. Contact: local coordinator	06/25/2023
Laguna	Pakil	San Antonio	47	Juan	López	García	Male	59	AICS	Equipment/School Materials	School Supplies Kit	DSWD - Special initiative. Contact: main branch	01/08/2023
Laguna	Majayjay	Palma	761	Clara	Gómez	Galang	Female	52	KALAHI	Agricultural and Fisheries	Standard package	Local Government - Pilot program	02/04/2023
Laguna	Paete	San Cristóbal	591	James	Santos	Galang	Female	66	KALAHI	Job Fair	Basic assistance	DOH - Regular program	01/15/2023
Laguna	Liliw	Santo Tomás (Calabuso)	622	Ana	Santos	Santos	Male	26	KALAHI	Voucher	Standard package	DepEd - Special initiative	02/10/2023
Laguna	Santa Rosa	San José	13	Miguel	Cruz	Santos	Female	49	LIVELIHOOD_ASSISTANCE	Medical Assistance	"PHP 5,000"	DA - Regular program. Contact: local coordinator	03/10/2023
Laguna	Rizal	San Juan	907	Clara	García	Reyes	Male	47	PWD_ASSISTANCE	Medical Supplies	Medical Kit	DepEd - Pilot program	04/18/2024
Laguna	Famy	San Benito (Palita)	380	Janna	Pérez	Gómez	Female	32	MEDICAL_SERVICES	Food Assistance	Rice (5kg)	Local Government - Special initiative. Contact: regional office	05/31/2024
Laguna	Paete	Palma	365	Miguel	Gómez	Pérez	Female	79	SUPPLEMENTAL_FEEDING	Burial Assistance	Enhanced support	Red Cross - Annual assistance. Contact: main branch	04/26/2021
Laguna	Pangil	Súcol	602	Pedro	López	García	Male	31	AICS	Surgical Procedures	Medical Kit	UNICEF - Emergency response	08/19/2023
Laguna	Alaminos	Masaya	342	Pedro	Santos	López	Male	68	SOCIAL_PENSION	Voucher	Enhanced support	Local Government - Special initiative. Contact: main branch	10/26/2023
Laguna	Rizal	San Gregorio	860	Clara	Pérez	Pérez	Male	34	MEDICAL_SERVICES	Job Fair	Standard package	DOH - Pilot program	02/12/2023
Laguna	Famy	San Benito (Palita)	792	Clara	Pérez	Reyes	Female	39	KALAHI	Financial	"PHP 10,000"	World Vision - Emergency response. Contact: regional office	03/07/2021
Laguna	Siniloan	Barangay IV (Poblacion)	221	Ana	Santos	Pérez	Male	69	SLP	Job Fair	Standard package	DOH - Annual assistance. Contact: regional office	06/11/2022
Laguna	Calauan	San Ildefonso	73	James	Reyes	Gómez	Male	47	SLP	Activity Involvement/Advocacy	Level 1 support	Local Government - Pilot program. Contact: main branch	03/25/2022
Laguna	Calamba	Barangay IV (Poblacion)	746	Clara	Gómez	Gómez	Female	34	DISASTER_RELIEF_ASSISTANCE	Equipment/School Materials	School Supplies Kit	World Vision - Regular program	03/18/2024
Laguna	Magdalena	Palo-Alto	772	Juan	Pérez	Gómez	Male	33	EDUCATIONAL_ASSISTANCE	Activity Involvement/Advocacy	Level 1 support	World Vision - Regular program. Contact: main branch	04/11/2021
Laguna	Pila	Mayapa	625	Ana	Santos	Reyes	Male	69	OTHER_PROGRAM	Surgical Procedures	Medical Kit	DOH - Annual assistance. Contact: regional office	07/14/2024
Laguna	Magdalena	Punta	46	Janna	Reyes	Cruz	Female	25	KALAHI	Voucher	Level 1 support	World Vision - Pilot program. Contact: regional office	12/31/2022
Laguna	Bay	San Isidro	504	Juan	Santos	López	Female	76	OTHER_PROGRAM	GAD Trainings	Week-long training	Caritas - Special initiative. Contact: local coordinator	07/08/2022
Laguna	Alaminos	San Vicente	274	Janna	Santos	Gómez	Female	56	SUPPLEMENTAL_FEEDING	Skills Training	Carpentry	Anonymous Donor - Annual assistance. Contact: regional office	03/07/2021
Laguna	Rizal	Turbina	555	María	Pérez	Cruz	Female	48	PWD_ASSISTANCE	Tutorial Sessions	Basic assistance	Red Cross - Pilot program. Contact: local coordinator	10/05/2024
Laguna	Rizal	Palingon	208	Janna	García	Gómez	Female	29	AICS	Activity Involvement/Advocacy	Level 1 support	Private Donor - Emergency response. Contact: main branch	04/30/2021
Laguna	Santa Cruz	Saimsim	929	Juan	García	Santos	Male	50	MEDICAL_SERVICES	Consultation/Medical Check-Up	"PHP 3,000"	USAID - Pilot program	09/02/2021
Laguna	Los Baños	Del Carmen	861	María	López	Reyes	Female	75	MEDICAL_SERVICES	Capital/Starter Kit	Level 1 support	Caritas - Special initiative. Contact: local coordinator	01/24/2022
Laguna	Liliw	Casile	615	Juan	Gómez	Pérez	Female	29	SUPPLEMENTAL_FEEDING	Financial	"PHP 5,000"	UNICEF - Annual assistance. Contact: local coordinator	10/14/2021
Laguna	Victoria	Real	124	Pedro	Santos	Santos	Female	42	KALAHI	Food Items	Basic Groceries	Caritas - Special initiative	12/08/2023
Laguna	Paete	San Juan	10	Juan	Gómez	López	Male	55	SOCIAL_PENSION	Tutorial Sessions	Basic assistance	DSWD - Emergency response	03/11/2023
Laguna	Paete	San José	329	María	López	Gómez	Male	65	DISASTER_RELIEF_ASSISTANCE	Equipment/School Materials	Books	World Vision - Emergency response. Contact: main branch	04/05/2023
Laguna	Nagcarlan	Santo Tomás (Calabuso)	187	Janna	López	López	Male	35	PWD_ASSISTANCE	"Non-Food Items (Hygiene Kits, Clothes, Household Items)"	Basic assistance	Local Government - Annual assistance. Contact: regional office	02/22/2022
Laguna	Santa Cruz	Turbina	543	Pedro	López	García	Male	36	SLP	Medical Assistance	"PHP 5,000"	DSWD - Regular program	08/28/2023
Laguna	Famy	Timbao	668	James	López	Gómez	Female	72	PWD_ASSISTANCE	Job Referral	Enhanced support	DSWD - Special initiative. Contact: main branch	12/17/2021
Laguna	Magdalena	Ulango	60	James	Cruz	Galang	Female	20	SLP	Honorarium	Level 1 support	Private Donor - Special initiative. Contact: main branch	06/04/2021
Laguna	Famy	San Andrés	761	Miguel	Pérez	Cruz	Female	78	MEDICAL_SERVICES	Job Fair	Standard package	Red Cross - Special initiative. Contact: main branch	09/23/2024
Laguna	Nagcarlan	Timbao	899	James	Pérez	García	Male	52	SOCIAL_PENSION	GAD Trainings	2-day workshop	UNICEF - Pilot program. Contact: local coordinator	07/08/2024
Laguna	Luisiana	San Miguel	886	James	Cruz	Pérez	Female	22	SLP	Equipment/School Materials	Tablet	DOH - Pilot program. Contact: main branch	04/02/2025
Laguna	Santa Maria	Zapote	951	Ana	Santos	García	Male	52	SOCIAL_PENSION	Agricultural and Fisheries	Enhanced support	Local Government - Annual assistance	07/22/2021
Laguna	Famy	San José	782	James	Cruz	Pérez	Male	68	MEDICAL_SERVICES	Medical Supplies	"PHP 3,000"	Private Donor - Pilot program. Contact: main branch	08/23/2023
Laguna	San Pedro	Súcol	442	María	Santos	Cruz	Male	44	SOCIAL_PENSION	Equipment/School Materials	Books	DA - Special initiative. Contact: main branch	03/16/2022
Laguna	Mabitac	San Gregorio	217	Clara	García	Cruz	Female	54	AICS	Food for Work	Standard package	DA - Pilot program. Contact: regional office	04/04/2024
Laguna	Cabuyao	Punta	911	James	Pérez	López	Female	63	SLP	Agricultural and Fisheries	Level 1 support	UNICEF - Special initiative	01/14/2022
Laguna	Alaminos	Paciano Rizal	2	Juan	Carn	López	Female	38	SUPPLEMENTAL_FEEDING	Financial	"PHP 2,000"	Community Organization - Emergency response. Contact: regional office	01/01/2025
Laguna	Alaminos	San José	536	Clara	Reyes	Reyes	Female	33	EDUCATIONAL_ASSISTANCE	Insurance	Standard package	Provincial Government - Regular program. Contact: main branch	02/17/2021
Laguna	Pagsanjan	Real	718	James	Pérez	Santos	Male	45	KALAHI	Financial	"PHP 2,000"	Local Government - Annual assistance. Contact: main branch	08/17/2021
Laguna	Majayjay	Barangay III (Poblacion)	832	Clara	Cruz	López	Female	42	OTHER_CAPABILITY_BUILDING_SUPPORT	Capital/Starter Kit	Enhanced support	Anonymous Donor - Annual assistance	09/17/2023
Laguna	Mabitac	Sirang Lupa	711	Janna	Cruz	García	Male	50	SOCIAL_PENSION	Burial Assistance	Level 1 support	USAID - Annual assistance. Contact: regional office	11/12/2022
Laguna	Pangil	Barangay II (Poblacion)	356	María	García	Reyes	Male	79	MEDICAL_SERVICES	Family Development Trainings	3-day conference	Caritas - Annual assistance. Contact: local coordinator	11/12/2023
Laguna	Majayjay	Real	626	María	Cruz	Pérez	Male	34	OTHER_PROGRAM	Mental Health Support	Level 1 support	DA - Pilot program. Contact: local coordinator	07/22/2024
Laguna	Calamba	Timbao	792	Miguel	Santos	Reyes	Male	60	OTHER_PROGRAM	Parent Effectiveness Trainings	Enhanced support	Caritas - Special initiative. Contact: main branch	02/11/2024
Laguna	Kalayaan	San Roque	667	Clara	Santos	García	Male	47	AICS	Agricultural and Fisheries	Basic assistance	DA - Emergency response. Contact: regional office	06/17/2023
Laguna	Santa Cruz	San Benito (Palita)	165	Miguel	Carn	López	Male	58	AICS	GAD Trainings	2-day workshop	UNICEF - Regular program	04/18/2025
Laguna	Victoria	Real	998	Pedro	Carn	Gómez	Male	70	AICS	Consultation/Medical Check-Up	"PHP 5,000"	Community Organization - Pilot program	08/27/2023
Laguna	Santa Rosa	San Gregorio	734	Ana	Pérez	Pérez	Female	21	AICS	Values Formation	Week-long training	Local Government - Annual assistance	08/13/2023
Laguna	Bay	Looc	91	Juan	Carn	García	Female	19	OTHER_PROGRAM	Tutorial Sessions	Standard package	Caritas - Regular program. Contact: local coordinator	01/18/2024
Laguna	Paete	San Roque	167	Clara	Santos	Galang	Male	77	AICS	Values Formation	3-day conference	DOH - Emergency response. Contact: regional office	10/08/2022
Laguna	Calauan	Looc	959	María	Gómez	López	Female	26	PWD_ASSISTANCE	Medical Assistance	Crutches	Red Cross - Regular program. Contact: local coordinator	01/11/2021
Laguna	Kalayaan	Uwisan	207	Miguel	López	Santos	Female	71	LIVELIHOOD_ASSISTANCE	Parent Effectiveness Trainings	Enhanced support	DepEd - Pilot program	11/17/2023
Laguna	Alaminos	Lingga	282	Janna	López	Pérez	Female	48	OTHER_PROGRAM	Scholarship Grants	Enhanced support	World Vision - Regular program. Contact: main branch	04/01/2022
Laguna	Kalayaan	Masili	65	James	Carn	García	Female	42	SLP	Job Fair	Level 1 support	UNICEF - Emergency response. Contact: main branch	11/21/2023
Laguna	San Pedro	Sirang Lupa	888	María	Carn	López	Male	54	OTHER_PROGRAM	"Non-Food Items (Hygiene Kits, Clothes, Household Items)"	Standard package	Red Cross - Pilot program. Contact: main branch	08/26/2022
Laguna	Majayjay	Masaya	516	Janna	Santos	Cruz	Female	53	DISASTER_RELIEF_ASSISTANCE	Food Assistance	Food Pack	Community Organization - Pilot program. Contact: main branch	01/10/2025
Laguna	Lumban	Parian	157	James	García	Galang	Male	72	OTHER_PROGRAM	Medical Supplies	Medical Kit	DepEd - Regular program. Contact: local coordinator	12/22/2024
Laguna	Kalayaan	Masili	761	Ana	Pérez	Pérez	Male	22	LIVELIHOOD_ASSISTANCE	Vaccination	Enhanced support	Community Organization - Emergency response	08/23/2023
Laguna	Pangil	Santo Domingo	769	María	Cruz	Pérez	Female	41	SOCIAL_PENSION	Voucher	Level 1 support	Caritas - Emergency response. Contact: main branch	08/14/2022
Laguna	Lumban	Looc	747	Miguel	Pérez	Santos	Female	41	OTHER_PROGRAM	Dental Services	Basic assistance	UNICEF - Special initiative	05/29/2022
Laguna	Kalayaan	Maunong	306	María	Reyes	López	Male	46	PWD_ASSISTANCE	Equipment/School Materials	Tablet	DOH - Emergency response. Contact: local coordinator	02/03/2022
Laguna	Los Baños	Barangay I (Poblacion)	878	Clara	López	Cruz	Male	67	OTHER_PROGRAM	Vaccination	Standard package	UNICEF - Annual assistance. Contact: regional office	04/05/2025
Laguna	Cabuyao	San José	982	Clara	Gómez	López	Female	62	SOCIAL_PENSION	Cash for Work	Basic assistance	Provincial Government - Special initiative. Contact: local coordinator	01/22/2022
Laguna	Bay	Mayapa	395	Janna	López	Cruz	Female	48	DISASTER_RELIEF_ASSISTANCE	Family Development Trainings	Week-long training	Caritas - Pilot program	09/10/2022
Laguna	Siniloan	Súcol	74	Miguel	Santos	Santos	Male	54	OTHER_CAPABILITY_BUILDING_SUPPORT	Vaccination	Standard package	Red Cross - Annual assistance. Contact: local coordinator	09/15/2024
Laguna	Calauan	Palma	187	Pedro	Pérez	Galang	Female	75	SUPPLEMENTAL_FEEDING	Job Referral	Level 1 support	Provincial Government - Regular program. Contact: local coordinator	05/18/2021
Laguna	Mabitac	Zapote	574	Clara	Gómez	Pérez	Male	73	SOCIAL_PENSION	Financial	"PHP 3,000"	DA - Pilot program	10/15/2022
Laguna	Cabuyao	Santo Tomás (Calabuso)	337	Juan	Santos	Cruz	Male	36	OTHER_PROGRAM	Food Items	Canned Goods (10 pcs)	DOLE - Annual assistance. Contact: local coordinator	04/27/2022
Laguna	Calauan	Barangay III (Poblacion)	676	Ana	Reyes	Reyes	Male	40	SUPPLEMENTAL_FEEDING	Technical Skills Training	Basic assistance	USAID - Pilot program	10/27/2021
Laguna	Pagsanjan	San Juan	568	Juan	Gómez	Santos	Male	52	AICS	Cash for Training	Basic assistance	UNICEF - Special initiative. Contact: regional office	02/01/2021
Laguna	Calauan	San Vicente	623	María	Pérez	Santos	Female	71	EDUCATIONAL_ASSISTANCE	Family Development Trainings	2-day workshop	Provincial Government - Regular program. Contact: local coordinator	04/02/2022
Laguna	Bay	Súcol	730	Juan	Gómez	García	Male	67	OTHER_CAPABILITY_BUILDING_SUPPORT	Skills Training	Computer Literacy	Anonymous Donor - Annual assistance	06/26/2022
Laguna	Paete	Pansol	240	James	Reyes	Galang	Male	23	SOCIAL_PENSION	Cash for Work	Basic assistance	UNICEF - Special initiative. Contact: local coordinator	11/09/2024
Laguna	Lumban	Makiling	533	Ana	Carn	Reyes	Female	23	SUPPLEMENTAL_FEEDING	Medical Supplies	"PHP 5,000"	DSWD - Emergency response	09/17/2024
Laguna	Kalayaan	San Cristóbal	141	Juan	Pérez	Reyes	Female	73	LIVELIHOOD_ASSISTANCE	Food for Work	Basic assistance	Private Donor - Regular program. Contact: regional office	02/13/2021
Laguna	Rizal	San Benito (Palita)	265	James	Reyes	García	Male	54	SLP	Vaccination	Level 1 support	DOLE - Emergency response	07/01/2022
Laguna	Pagsanjan	Barangay II (Poblacion)	139	Janna	Cruz	Cruz	Female	47	MEDICAL_SERVICES	Alternative Learning System	Enhanced support	Local Government - Emergency response. Contact: main branch	09/11/2023
Laguna	Lumban	Timbao	459	Juan	Cruz	Cruz	Female	18	LIVELIHOOD_ASSISTANCE	"Non-Food Items (Hygiene Kits, Clothes, Household Items)"	Basic assistance	Community Organization - Pilot program. Contact: main branch	02/28/2022
Laguna	Los Baños	Santo Domingo	70	Ana	López	Gómez	Male	25	OTHER_CAPABILITY_BUILDING_SUPPORT	Skills Training	Computer Literacy	Local Government - Special initiative. Contact: regional office	02/14/2021
Laguna	Alaminos	San Roque	385	James	Cruz	Gómez	Female	45	OTHER_PROGRAM	Job Fair	Standard package	DOH - Regular program. Contact: main branch	01/15/2022
Laguna	San Pablo	Sirang Lupa	630	Juan	Pérez	Reyes	Female	42	LIVELIHOOD_ASSISTANCE	Equipment/School Materials	Laptop	World Vision - Special initiative. Contact: regional office	05/12/2022
Laguna	Victoria	San Roque	198	Janna	Cruz	Galang	Female	50	SOCIAL_PENSION	Vaccination	Level 1 support	Private Donor - Pilot program	06/03/2023
Laguna	Pila	Calo	205	Juan	Cruz	Cruz	Female	70	DISASTER_RELIEF_ASSISTANCE	Dental Services	Enhanced support	Private Donor - Pilot program. Contact: main branch	08/17/2023
Laguna	Cavinti	Casile	726	James	Gómez	Santos	Female	77	EDUCATIONAL_ASSISTANCE	Values Formation	1-day seminar	DSWD - Emergency response. Contact: main branch	05/18/2021
Laguna	San Pedro	San Cristóbal	568	Juan	Carn	López	Male	55	LIVELIHOOD_ASSISTANCE	Transportation Allowance	Level 1 support	DOLE - Regular program. Contact: main branch	02/12/2022
Laguna	Pangil	Ulango	799	Ana	López	García	Female	69	EDUCATIONAL_ASSISTANCE	Transportation Allowance	Standard package	DOLE - Regular program. Contact: regional office	07/04/2021
Laguna	Magdalena	Sirang Lupa	982	María	Santos	Galang	Male	31	SOCIAL_PENSION	Capital/Starter Kit	Basic assistance	DOH - Regular program	05/04/2022
Laguna	Alaminos	San Andrés	805	Miguel	López	Cruz	Male	28	AICS	Medical Supplies	"PHP 3,000"	Caritas - Pilot program. Contact: local coordinator	01/18/2021
Laguna	Luisiana	Sirang Lupa	687	Miguel	López	López	Female	19	SUPPLEMENTAL_FEEDING	Consultation/Medical Check-Up	"PHP 10,000"	USAID - Emergency response. Contact: local coordinator	01/01/2024
Laguna	Santa Cruz	San Benito (Palita)	859	James	López	Reyes	Female	70	OTHER_CAPABILITY_BUILDING_SUPPORT	Insurance	Basic assistance	DOH - Annual assistance	09/27/2022
Laguna	Cavinti	Ulango	882	James	Reyes	García	Female	47	SOCIAL_PENSION	Capital/Starter Kit	Standard package	DOH - Special initiative. Contact: regional office	06/20/2021
Laguna	Magdalena	Sirang Lupa	974	James	Santos	Cruz	Female	47	PWD_ASSISTANCE	Vaccination	Level 1 support	Community Organization - Special initiative	01/06/2024
Laguna	Pangil	San Agustín (Antipolo)	640	James	Reyes	Reyes	Female	21	MEDICAL_SERVICES	Cash for Work	Enhanced support	DOH - Emergency response. Contact: regional office	02/04/2022
Laguna	Pagsanjan	Santa Rosa	431	Juan	Carn	Cruz	Female	30	PWD_ASSISTANCE	Cash for Work	Standard package	Community Organization - Annual assistance. Contact: local coordinator	06/29/2023
Laguna	Santa Rosa	Milagrosa	890	Ana	Carn	García	Female	24	PWD_ASSISTANCE	Burial Assistance	Standard package	DSWD - Regular program. Contact: regional office	03/25/2025
Laguna	Siniloan	Pansol	325	Miguel	García	Santos	Female	55	SLP	Financial	"PHP 2,000"	Private Donor - Special initiative. Contact: local coordinator	05/09/2024
Laguna	San Pedro	Zapote	442	Janna	García	Pérez	Female	20	EDUCATIONAL_ASSISTANCE	Medical Assistance	"PHP 3,000"	DA - Emergency response. Contact: main branch	08/27/2021
Laguna	Alaminos	San José	804	Miguel	Gómez	Santos	Female	26	LIVELIHOOD_ASSISTANCE	Parent Effectiveness Trainings	Level 1 support	USAID - Regular program. Contact: local coordinator	09/02/2024
Laguna	Nagcarlan	San Gregorio	288	Ana	Carn	Pérez	Female	31	SOCIAL_PENSION	Medical Supplies	Crutches	DOLE - Pilot program. Contact: regional office	03/27/2025
Laguna	Nagcarlan	San Cristóbal	226	James	Carn	López	Female	69	SLP	Medical Assistance	Wheelchair	DOH - Annual assistance. Contact: main branch	11/16/2021
Laguna	Biñan	Saimsim	64	Pedro	Reyes	Reyes	Male	28	OTHER_PROGRAM	Cash for Training	Level 1 support	DSWD - Emergency response. Contact: main branch	04/23/2025
Laguna	Luisiana	San Vicente	967	Juan	Gómez	Pérez	Female	54	KALAHI	Equipment/School Materials	Uniform	DSWD - Pilot program. Contact: local coordinator	06/06/2022
Laguna	Calauan	Punta	938	Pedro	Carn	Santos	Male	31	OTHER_CAPABILITY_BUILDING_SUPPORT	Dental Services	Basic assistance	DOH - Annual assistance. Contact: local coordinator	06/12/2022
Laguna	Santa Cruz	Del Carmen	560	Juan	Pérez	García	Male	36	SLP	Medical Assistance	"PHP 5,000"	DSWD - Pilot program. Contact: main branch	04/22/2022
Laguna	Los Baños	Uwisan	714	James	Santos	Reyes	Female	25	DISASTER_RELIEF_ASSISTANCE	Job Fair	Basic assistance	World Vision - Regular program. Contact: local coordinator	09/10/2024
Laguna	Biñan	Real	498	Juan	Reyes	Cruz	Male	76	KALAHI	Capital/Starter Kit	Level 1 support	Community Organization - Special initiative. Contact: local coordinator	01/29/2025
Laguna	Famy	San Isidro	849	James	Carn	Pérez	Female	24	PWD_ASSISTANCE	Food Items	Canned Goods (10 pcs)	DOH - Annual assistance. Contact: main branch	01/29/2023
Laguna	Mabitac	San José	926	Ana	Reyes	Gómez	Female	76	SLP	Skills Training	Plumbing	DepEd - Annual assistance. Contact: local coordinator	02/11/2021
Laguna	Mabitac	Santa Rosa	917	Clara	Reyes	Pérez	Male	76	MEDICAL_SERVICES	Job Fair	Level 1 support	World Vision - Annual assistance. Contact: main branch	08/22/2021
Laguna	Liliw	San Roque	60	María	Cruz	Galang	Female	24	LIVELIHOOD_ASSISTANCE	Leadership Skills Training	Basic assistance	DA - Special initiative. Contact: main branch	07/10/2022
Laguna	Bay	San Andrés	397	Juan	Gómez	Pérez	Male	73	SUPPLEMENTAL_FEEDING	Surgical Procedures	"PHP 5,000"	Anonymous Donor - Annual assistance	03/13/2022
Laguna	Mabitac	Looc	257	James	García	Pérez	Male	72	SLP	Skills Training	Plumbing	Private Donor - Special initiative	11/07/2022
Laguna	Kalayaan	Looc	577	Pedro	Gómez	Cruz	Female	20	SOCIAL_PENSION	GAD Trainings	3-day conference	Caritas - Regular program	07/27/2024
Laguna	Biñan	Maunong	239	James	Reyes	García	Male	20	AICS	Food Assistance	Food Pack	Red Cross - Annual assistance. Contact: main branch	05/12/2024
Laguna	Pangil	Santa Rosa	801	Pedro	Gómez	López	Male	35	MEDICAL_SERVICES	Dental Services	Standard package	Community Organization - Emergency response. Contact: local coordinator	01/13/2023
Laguna	Santa Cruz	Looc	38	Miguel	López	Reyes	Female	62	KALAHI	Parent Effectiveness Trainings	Level 1 support	Anonymous Donor - Annual assistance	06/27/2023
Laguna	Famy	Turbina	25	Juan	Pérez	Cruz	Male	50	KALAHI	Values Formation	Week-long training	Local Government - Annual assistance	03/14/2023
Laguna	Majayjay	Palingon	410	Janna	Pérez	Reyes	Female	54	KALAHI	Equipment/School Materials	Uniform	Private Donor - Emergency response	08/22/2024
Laguna	Bay	Zapote	461	Pedro	Reyes	Gómez	Female	45	SLP	Capital/Starter Kit	Enhanced support	DOH - Special initiative. Contact: regional office	05/01/2023
Laguna	Calauan	Milagrosa	571	James	López	Santos	Female	53	EDUCATIONAL_ASSISTANCE	Equipment/School Materials	Books	Anonymous Donor - Annual assistance. Contact: regional office	09/24/2023
Laguna	Santa Rosa	Mayapa	988	Juan	Pérez	Galang	Female	33	OTHER_CAPABILITY_BUILDING_SUPPORT	Medical Assistance	"PHP 5,000"	Private Donor - Pilot program. Contact: local coordinator	04/26/2023
Laguna	Pangil	Milagrosa	417	James	Cruz	Gómez	Male	32	PWD_ASSISTANCE	Leadership Skills Training	Enhanced support	DOLE - Annual assistance. Contact: main branch	05/25/2022
Laguna	Siniloan	Parian	357	Janna	Carn	García	Female	46	OTHER_PROGRAM	Food Assistance	Canned Goods (10 pcs)	World Vision - Annual assistance	08/12/2024
Laguna	Santa Cruz	San Juan	383	María	Reyes	Cruz	Male	76	AICS	Dental Services	Basic assistance	Red Cross - Regular program. Contact: regional office	01/22/2021
Laguna	San Pedro	Palo-Alto	809	Clara	Cruz	Galang	Male	35	DISASTER_RELIEF_ASSISTANCE	Food Items	Canned Goods (10 pcs)	DepEd - Annual assistance	10/05/2023
Laguna	Luisiana	San Benito (Palita)	158	Clara	Gómez	Pérez	Female	66	PWD_ASSISTANCE	Cash for Training	Standard package	Local Government - Annual assistance. Contact: local coordinator	08/30/2021
Laguna	Calamba	San José	569	Janna	Santos	García	Female	63	OTHER_PROGRAM	Equipment/School Materials	Tablet	Caritas - Regular program. Contact: local coordinator	04/23/2023
Laguna	Bay	San Isidro	433	Ana	Gómez	Gómez	Female	63	EDUCATIONAL_ASSISTANCE	Burial Assistance	Basic assistance	Caritas - Special initiative. Contact: regional office	08/01/2022
Laguna	Majayjay	San Juan	48	Juan	Cruz	García	Male	36	EDUCATIONAL_ASSISTANCE	Insurance	Level 1 support	Caritas - Pilot program. Contact: main branch	11/18/2024
Laguna	Calamba	Looc	328	Janna	García	López	Female	46	LIVELIHOOD_ASSISTANCE	Job Referral	Basic assistance	Private Donor - Regular program. Contact: regional office	12/21/2024
Laguna	Magdalena	Súcol	433	María	García	Gómez	Male	23	SUPPLEMENTAL_FEEDING	Honorarium	Enhanced support	Caritas - Emergency response. Contact: main branch	03/29/2022
Laguna	Luisiana	Milagrosa	431	James	Carn	Gómez	Female	62	DISASTER_RELIEF_ASSISTANCE	Technical Skills Training	Standard package	UNICEF - Annual assistance	05/22/2022
Laguna	Cabuyao	San Cristóbal	56	Juan	Gómez	Santos	Female	67	SUPPLEMENTAL_FEEDING	Medical Assistance	Medical Kit	Community Organization - Special initiative. Contact: regional office	08/01/2021
Laguna	Magdalena	San José	577	Miguel	López	López	Male	75	AICS	"Non-Food Items (Hygiene Kits, Clothes, Household Items)"	Enhanced support	Local Government - Emergency response. Contact: local coordinator	06/18/2024
Laguna	Los Baños	Santo Tomás (Calabuso)	268	Pedro	Carn	López	Male	64	LIVELIHOOD_ASSISTANCE	Medical Supplies	Crutches	USAID - Special initiative. Contact: regional office	09/20/2023
Laguna	Majayjay	Saimsim	69	Janna	Pérez	Reyes	Female	78	SLP	Capital/Starter Kit	Enhanced support	Community Organization - Pilot program. Contact: main branch	02/13/2022
Laguna	Rizal	San Isidro	728	Miguel	López	Reyes	Female	72	SLP	Cash for Work	Standard package	UNICEF - Regular program. Contact: regional office	09/14/2022
Laguna	Calauan	San Antonio	902	Miguel	López	Pérez	Female	44	EDUCATIONAL_ASSISTANCE	Equipment/School Materials	Uniform	USAID - Emergency response	07/13/2022
Laguna	Mabitac	Zapote	601	María	López	Galang	Male	24	EDUCATIONAL_ASSISTANCE	Surgical Procedures	Wheelchair	DepEd - Special initiative. Contact: main branch	05/22/2023
Laguna	Paete	Parian	449	Miguel	López	Santos	Female	44	PWD_ASSISTANCE	Food for Work	Standard package	World Vision - Pilot program. Contact: regional office	10/30/2022
Laguna	Luisiana	San Antonio	793	Janna	García	Gómez	Female	36	SOCIAL_PENSION	Mental Health Support	Basic assistance	Anonymous Donor - Annual assistance. Contact: main branch	08/15/2022
Laguna	Santa Maria	Timbao	257	Ana	Gómez	García	Male	79	MEDICAL_SERVICES	Burial Assistance	Standard package	Anonymous Donor - Special initiative. Contact: regional office	12/05/2023
Laguna	Los Baños	Punta	672	Clara	Pérez	Pérez	Female	34	EDUCATIONAL_ASSISTANCE	Job Referral	Enhanced support	Anonymous Donor - Pilot program. Contact: local coordinator	12/08/2022
Laguna	Lumban	Del Carmen	490	Clara	García	Santos	Male	58	OTHER_CAPABILITY_BUILDING_SUPPORT	Financial	"PHP 5,000"	DepEd - Emergency response	06/14/2024
Laguna	Pangil	Barangay III (Poblacion)	746	Juan	Reyes	Santos	Male	28	MEDICAL_SERVICES	Food Assistance	Rice (5kg)	Provincial Government - Special initiative. Contact: main branch	12/24/2022
Laguna	Rizal	San José	643	James	Pérez	Gómez	Female	22	PWD_ASSISTANCE	Voucher	Standard package	Provincial Government - Emergency response. Contact: regional office	02/19/2023
Laguna	Los Baños	Uwisan	49	María	García	Gómez	Female	19	OTHER_CAPABILITY_BUILDING_SUPPORT	Leadership Skills Training	Level 1 support	Community Organization - Emergency response. Contact: local coordinator	02/11/2024
Laguna	Rizal	San José	659	Janna	Carn	Galang	Male	64	MEDICAL_SERVICES	Parent Effectiveness Trainings	Basic assistance	DOLE - Regular program. Contact: main branch	05/22/2022
Laguna	Majayjay	Real	316	Juan	García	Reyes	Male	73	SLP	Equipment/School Materials	Tablet	Community Organization - Regular program. Contact: main branch	03/26/2022
Laguna	Magdalena	Real	413	Janna	Pérez	Gómez	Female	29	SUPPLEMENTAL_FEEDING	Job Referral	Standard package	UNICEF - Pilot program. Contact: regional office	01/20/2023
Laguna	Pangil	San José	434	Juan	Pérez	Santos	Male	59	MEDICAL_SERVICES	Honorarium	Level 1 support	DSWD - Annual assistance. Contact: local coordinator	06/22/2022
Laguna	Santa Rosa	Masili	2	Clara	Carn	Santos	Male	59	LIVELIHOOD_ASSISTANCE	Technical Skills Training	Enhanced support	DOH - Regular program. Contact: regional office	05/17/2024
Laguna	Magdalena	Makiling	841	Miguel	Santos	Santos	Female	69	EDUCATIONAL_ASSISTANCE	Consultation/Medical Check-Up	Medical Kit	Local Government - Emergency response. Contact: regional office	08/06/2024
Laguna	San Pedro	San Benito (Palita)	952	Ana	Gómez	Cruz	Male	28	LIVELIHOOD_ASSISTANCE	Medical Assistance	Wheelchair	Anonymous Donor - Special initiative. Contact: main branch	05/13/2022
Laguna	Cabuyao	Real	145	Janna	Pérez	Santos	Male	27	SOCIAL_PENSION	Scholarship Grants	Level 1 support	Private Donor - Special initiative. Contact: main branch	04/21/2024
Laguna	Los Baños	San Roque	956	Ana	García	Santos	Male	45	SUPPLEMENTAL_FEEDING	Food Assistance	Canned Goods (10 pcs)	Anonymous Donor - Regular program. Contact: local coordinator	12/17/2022
Laguna	Pagsanjan	San José	366	Pedro	Carn	Gómez	Male	24	AICS	"Non-Food Items (Hygiene Kits, Clothes, Household Items)"	Enhanced support	Provincial Government - Annual assistance	02/04/2022
Laguna	Magdalena	San Ildefonso	420	Pedro	López	García	Male	31	PWD_ASSISTANCE	Medical Supplies	Medical Kit	DSWD - Regular program. Contact: local coordinator	05/16/2024
Laguna	Cabuyao	Maunong	573	Miguel	Gómez	López	Male	30	EDUCATIONAL_ASSISTANCE	Parent Effectiveness Trainings	Basic assistance	Provincial Government - Emergency response. Contact: local coordinator	12/17/2024
Laguna	Pangil	San Antonio	785	Clara	Pérez	Cruz	Female	22	AICS	Food Assistance	Food Pack	World Vision - Emergency response. Contact: local coordinator	11/14/2024
Laguna	Lumban	Pansol	561	María	Gómez	Santos	Female	78	AICS	Skills Training	Computer Literacy	Caritas - Regular program. Contact: regional office	10/21/2024
Laguna	Pila	San José	844	Ana	Gómez	López	Female	68	PWD_ASSISTANCE	Medical Assistance	Medical Kit	DOH - Emergency response. Contact: regional office	08/07/2022
Laguna	Pagsanjan	Lingga	444	Juan	Cruz	Santos	Female	59	KALAHI	Job Fair	Basic assistance	Anonymous Donor - Emergency response. Contact: main branch	12/30/2024
Laguna	Bay	San Cristóbal	916	María	Gómez	Galang	Male	25	AICS	Scholarship Grants	Standard package	DOH - Emergency response. Contact: local coordinator	07/10/2023
Laguna	Mabitac	Saimsim	434	Janna	López	Gómez	Female	67	OTHER_PROGRAM	Insurance	Standard package	Caritas - Emergency response. Contact: local coordinator	08/28/2024
Laguna	Siniloan	San Roque	643	Janna	Reyes	Gómez	Male	18	LIVELIHOOD_ASSISTANCE	Technical Skills Training	Standard package	Provincial Government - Regular program. Contact: main branch	12/05/2021
Laguna	Cabuyao	San Vicente	555	Juan	Gómez	Galang	Female	22	DISASTER_RELIEF_ASSISTANCE	Medical Supplies	"PHP 5,000"	USAID - Special initiative. Contact: regional office	03/16/2024
Laguna	Majayjay	Uwisan	57	James	Pérez	López	Male	28	KALAHI	Cash for Work	Level 1 support	Caritas - Regular program. Contact: main branch	04/02/2022
Laguna	Pangil	Sirang Lupa	562	Miguel	Carn	Gómez	Female	69	DISASTER_RELIEF_ASSISTANCE	Family Development Trainings	2-day workshop	DSWD - Special initiative. Contact: local coordinator	12/05/2024
Laguna	Pakil	Parian	964	James	López	Cruz	Male	60	KALAHI	Financial	"PHP 3,000"	Anonymous Donor - Annual assistance. Contact: main branch	10/07/2022
Laguna	Mabitac	Uwisan	977	Miguel	García	García	Female	65	SOCIAL_PENSION	Capital/Starter Kit	Level 1 support	DA - Pilot program. Contact: main branch	10/09/2021
Laguna	Santa Maria	Puting Lupa	178	Janna	García	Cruz	Female	27	EDUCATIONAL_ASSISTANCE	Tutorial Sessions	Standard package	Community Organization - Emergency response. Contact: main branch	02/18/2022
Laguna	Siniloan	Barangay IV (Poblacion)	293	Miguel	Pérez	Cruz	Female	32	SOCIAL_PENSION	Cash for Training	Standard package	USAID - Emergency response	01/26/2024
Laguna	Magdalena	Ulango	46	Clara	Santos	Galang	Female	56	EDUCATIONAL_ASSISTANCE	Medical Assistance	Wheelchair	DOH - Special initiative. Contact: local coordinator	06/12/2021
Laguna	Santa Rosa	Súcol	170	Clara	Cruz	Galang	Female	64	KALAHI	Financial	"PHP 10,000"	DSWD - Special initiative. Contact: main branch	04/23/2023
Laguna	Biñan	Santo Domingo	271	Juan	Pérez	García	Male	46	DISASTER_RELIEF_ASSISTANCE	Job Fair	Enhanced support	DepEd - Special initiative. Contact: main branch	12/31/2024
Laguna	Famy	Lingga	417	James	Carn	Pérez	Female	42	OTHER_CAPABILITY_BUILDING_SUPPORT	Food Items	Canned Goods (10 pcs)	Community Organization - Annual assistance. Contact: main branch	05/04/2024
Laguna	Majayjay	Barangay III (Poblacion)	848	Ana	López	Pérez	Male	65	SLP	Alternative Learning System	Level 1 support	Private Donor - Annual assistance	06/10/2021
Laguna	Liliw	Lingga	139	Janna	Cruz	Pérez	Female	23	SOCIAL_PENSION	Capital/Starter Kit	Standard package	DepEd - Emergency response. Contact: regional office	09/12/2021
Laguna	Cabuyao	Masaya	247	Pedro	Santos	Santos	Female	28	LIVELIHOOD_ASSISTANCE	Agricultural and Fisheries	Enhanced support	Private Donor - Annual assistance	12/30/2023
Laguna	Victoria	San Cristóbal	148	Ana	Pérez	García	Female	34	LIVELIHOOD_ASSISTANCE	Cash for Training	Basic assistance	UNICEF - Special initiative. Contact: regional office	02/16/2022
Laguna	Paete	Mapagong	230	Juan	Reyes	Santos	Male	32	OTHER_PROGRAM	Vaccination	Level 1 support	World Vision - Emergency response. Contact: local coordinator	12/15/2022
Laguna	Bay	San Antonio	792	Pedro	Cruz	López	Female	33	DISASTER_RELIEF_ASSISTANCE	Surgical Procedures	Medical Kit	UNICEF - Pilot program. Contact: local coordinator	02/05/2021
Laguna	Nagcarlan	Zapote	637	Ana	Santos	López	Female	73	SOCIAL_PENSION	Leadership Skills Training	Standard package	DSWD - Regular program. Contact: local coordinator	08/21/2024
Laguna	Lumban	Parian	704	James	Pérez	Reyes	Male	19	LIVELIHOOD_ASSISTANCE	Job Fair	Standard package	USAID - Emergency response	12/31/2022
Laguna	Cabuyao	Súcol	374	Miguel	Gómez	Pérez	Male	53	DISASTER_RELIEF_ASSISTANCE	Capital/Starter Kit	Level 1 support	DOH - Pilot program	04/15/2022
Laguna	Santa Cruz	San Cristóbal	80	Clara	Pérez	Galang	Male	36	LIVELIHOOD_ASSISTANCE	Job Fair	Level 1 support	World Vision - Emergency response	11/05/2021
Laguna	San Pedro	San Benito (Palita)	606	James	Carn	Reyes	Male	55	EDUCATIONAL_ASSISTANCE	Cash for Training	Basic assistance	Anonymous Donor - Regular program	05/05/2024
Laguna	Victoria	Turbina	738	Pedro	Pérez	Reyes	Female	67	KALAHI	Medical Assistance	"PHP 10,000"	DA - Annual assistance. Contact: regional office	04/26/2022
Laguna	Los Baños	San José	65	Miguel	Reyes	Galang	Male	38	PWD_ASSISTANCE	Skills Training	Cooking	World Vision - Annual assistance. Contact: main branch	09/21/2024
Laguna	Cavinti	Santo Domingo	88	Miguel	Pérez	Gómez	Male	28	SUPPLEMENTAL_FEEDING	Technical Skills Training	Enhanced support	Local Government - Regular program	12/05/2022
Laguna	Luisiana	Palingon	88	Miguel	García	Reyes	Female	58	OTHER_CAPABILITY_BUILDING_SUPPORT	GAD Trainings	Week-long training	UNICEF - Special initiative	02/28/2023
Laguna	Liliw	Looc	713	María	Santos	Gómez	Male	20	DISASTER_RELIEF_ASSISTANCE	Skills Training	Cooking	UNICEF - Regular program. Contact: local coordinator	10/18/2021
Laguna	Cavinti	San Miguel	726	Clara	Gómez	Pérez	Male	51	OTHER_PROGRAM	Activity Involvement/Advocacy	Level 1 support	DepEd - Annual assistance. Contact: main branch	03/06/2022
Laguna	Lumban	Looc	204	Janna	García	Cruz	Male	35	KALAHI	Values Formation	2-day workshop	Caritas - Regular program. Contact: main branch	08/21/2022
Laguna	Cavinti	Punta	913	Pedro	Pérez	Gómez	Female	32	SOCIAL_PENSION	Financial	"PHP 3,000"	Private Donor - Special initiative. Contact: regional office	03/08/2022
Laguna	San Pablo	Calo	382	Juan	Reyes	Santos	Male	42	OTHER_PROGRAM	Dental Services	Standard package	World Vision - Pilot program. Contact: regional office	04/07/2025
Laguna	Nagcarlan	Timbao	601	Janna	Santos	Pérez	Male	71	OTHER_CAPABILITY_BUILDING_SUPPORT	GAD Trainings	Week-long training	DOH - Emergency response. Contact: local coordinator	10/08/2022
Laguna	Liliw	Ulango	476	Ana	Santos	Gómez	Male	67	OTHER_CAPABILITY_BUILDING_SUPPORT	Insurance	Standard package	World Vision - Emergency response. Contact: regional office	03/14/2025
Laguna	Siniloan	Punta	573	Clara	Pérez	García	Female	68	OTHER_CAPABILITY_BUILDING_SUPPORT	Food for Work	Basic assistance	DOLE - Regular program. Contact: regional office	05/20/2022
Laguna	Liliw	Barangay III (Poblacion)	783	Juan	Reyes	Galang	Female	32	KALAHI	Cash for Work	Standard package	Caritas - Regular program. Contact: regional office	11/04/2022
Laguna	San Pablo	San Agustín (Antipolo)	606	Juan	Carn	Cruz	Male	47	OTHER_CAPABILITY_BUILDING_SUPPORT	Activity Involvement/Advocacy	Enhanced support	DA - Annual assistance. Contact: main branch	03/18/2023
Laguna	Cabuyao	Palo-Alto	819	James	Gómez	López	Female	34	LIVELIHOOD_ASSISTANCE	Leadership Skills Training	Enhanced support	Private Donor - Special initiative. Contact: main branch	12/03/2024
Laguna	Pakil	Barangay III (Poblacion)	539	Ana	Santos	García	Male	35	MEDICAL_SERVICES	Vaccination	Basic assistance	Local Government - Special initiative	11/26/2024
Laguna	Cabuyao	San Cristóbal	214	James	Gómez	García	Female	48	SOCIAL_PENSION	Medical Supplies	"PHP 3,000"	DOLE - Special initiative. Contact: regional office	02/10/2021
Laguna	Pila	San Agustín (Antipolo)	74	James	Reyes	Gómez	Female	67	SOCIAL_PENSION	Family Development Trainings	3-day conference	DA - Pilot program. Contact: regional office	01/19/2022
Laguna	Cavinti	San Gregorio	61	Miguel	Cruz	García	Male	60	SUPPLEMENTAL_FEEDING	Food Items	Food Pack	Provincial Government - Annual assistance. Contact: regional office	06/05/2023
Laguna	Pila	Calo	698	Clara	García	Reyes	Male	35	PWD_ASSISTANCE	Medical Assistance	Crutches	DSWD - Regular program	08/07/2024
Laguna	Alaminos	Parian	543	María	Santos	Reyes	Male	72	EDUCATIONAL_ASSISTANCE	Surgical Procedures	Medical Kit	Community Organization - Emergency response. Contact: regional office	07/02/2021
Laguna	Luisiana	Palma	219	James	Cruz	Reyes	Female	52	SLP	Family Development Trainings	1-day seminar	Provincial Government - Special initiative. Contact: regional office	02/03/2023
Laguna	San Pablo	Milagrosa	12	Janna	Santos	Pérez	Male	30	KALAHI	Job Referral	Enhanced support	DepEd - Special initiative	11/30/2023
Laguna	Lumban	Maunong	814	Juan	Carn	Gómez	Female	31	SUPPLEMENTAL_FEEDING	Alternative Learning System	Level 1 support	Anonymous Donor - Pilot program. Contact: main branch	06/02/2024
Laguna	Liliw	San Vicente	415	Clara	Pérez	Reyes	Female	76	EDUCATIONAL_ASSISTANCE	Parent Effectiveness Trainings	Standard package	DOLE - Special initiative	08/01/2024
Laguna	Magdalena	Santa Rosa	32	James	Reyes	Cruz	Male	53	MEDICAL_SERVICES	Financial	"PHP 5,000"	DSWD - Annual assistance	05/18/2021
Laguna	Santa Maria	San Roque	160	Pedro	Santos	Reyes	Female	35	DISASTER_RELIEF_ASSISTANCE	Skills Training	Sewing	Private Donor - Annual assistance. Contact: local coordinator	12/01/2021
Laguna	Lumban	Turbina	237	Janna	Reyes	Gómez	Female	22	OTHER_CAPABILITY_BUILDING_SUPPORT	Agricultural and Fisheries	Basic assistance	DepEd - Regular program. Contact: main branch	05/18/2021
Laguna	Rizal	San Vicente	739	Ana	López	Galang	Male	31	MEDICAL_SERVICES	Alternative Learning System	Standard package	DOLE - Annual assistance. Contact: main branch	02/06/2025
Laguna	Pila	San Cristóbal	181	Juan	Santos	García	Female	42	MEDICAL_SERVICES	Activity Involvement/Advocacy	Basic assistance	Anonymous Donor - Emergency response. Contact: main branch	05/03/2022
Laguna	Pila	Milagrosa	829	Clara	Carn	Cruz	Female	61	MEDICAL_SERVICES	GAD Trainings	3-day conference	Anonymous Donor - Annual assistance. Contact: local coordinator	07/30/2022
Laguna	Pangil	Del Carmen	558	Pedro	Carn	Gómez	Male	74	MEDICAL_SERVICES	Job Referral	Basic assistance	World Vision - Annual assistance. Contact: main branch	09/21/2022
Laguna	Pila	Paciano Rizal	341	Clara	Pérez	López	Male	56	MEDICAL_SERVICES	Medical Supplies	Crutches	DepEd - Special initiative. Contact: local coordinator	03/15/2024
Laguna	Santa Rosa	Timbao	458	Clara	Pérez	Reyes	Male	29	KALAHI	Technical Skills Training	Standard package	USAID - Emergency response. Contact: regional office	06/17/2023
Laguna	Kalayaan	San Cristóbal	80	Pedro	Cruz	López	Female	57	OTHER_PROGRAM	Burial Assistance	Enhanced support	DepEd - Special initiative	02/13/2022
Laguna	Santa Cruz	Turbina	647	Ana	Carn	García	Female	78	EDUCATIONAL_ASSISTANCE	Vaccination	Enhanced support	DOLE - Annual assistance. Contact: regional office	03/14/2025
Laguna	Kalayaan	Real	772	Pedro	Reyes	Cruz	Female	79	OTHER_PROGRAM	Financial	"PHP 1,500"	World Vision - Pilot program	01/14/2024
Laguna	Magdalena	Mayapa	987	Janna	López	García	Male	70	MEDICAL_SERVICES	Job Referral	Level 1 support	World Vision - Emergency response. Contact: main branch	10/30/2023
Laguna	Liliw	Timbao	820	Miguel	Gómez	López	Female	70	SLP	Insurance	Basic assistance	DSWD - Emergency response. Contact: local coordinator	05/09/2023
Laguna	San Pablo	San Juan	759	Clara	Carn	Pérez	Female	45	OTHER_CAPABILITY_BUILDING_SUPPORT	Parent Effectiveness Trainings	Basic assistance	Community Organization - Special initiative. Contact: main branch	01/18/2024
Laguna	Santa Cruz	Mayapa	473	Ana	Santos	Cruz	Female	52	AICS	Burial Assistance	Basic assistance	Caritas - Annual assistance. Contact: main branch	01/18/2024
Laguna	San Pedro	Majada Labas	671	Clara	Gómez	Santos	Male	71	SOCIAL_PENSION	Job Referral	Enhanced support	UNICEF - Annual assistance. Contact: main branch	08/07/2021
Laguna	Siniloan	Santa Rosa	715	Pedro	Gómez	Pérez	Male	18	SLP	Voucher	Enhanced support	Private Donor - Regular program. Contact: regional office	04/22/2023
Laguna	Liliw	San José	112	Ana	Carn	Cruz	Male	20	EDUCATIONAL_ASSISTANCE	Skills Training	Plumbing	DSWD - Regular program	12/16/2021
Laguna	Famy	Santa Rosa	980	Ana	López	Reyes	Female	60	OTHER_CAPABILITY_BUILDING_SUPPORT	Parent Effectiveness Trainings	Enhanced support	DOH - Pilot program	02/09/2022
Laguna	San Pablo	Timbao	292	James	Reyes	Gómez	Female	67	SOCIAL_PENSION	Agricultural and Fisheries	Standard package	UNICEF - Emergency response. Contact: local coordinator	03/30/2024
Laguna	Majayjay	San Juan	950	James	Santos	López	Male	24	MEDICAL_SERVICES	Dental Services	Standard package	USAID - Emergency response. Contact: main branch	02/12/2021
Laguna	Nagcarlan	Uwisan	822	Miguel	Cruz	García	Male	26	OTHER_PROGRAM	GAD Trainings	3-day conference	DA - Annual assistance. Contact: main branch	02/06/2025
Laguna	Santa Cruz	Masaya	631	James	Cruz	Gómez	Female	53	OTHER_PROGRAM	Surgical Procedures	Crutches	USAID - Special initiative	09/15/2021
Laguna	Santa Maria	Del Carmen	383	Pedro	Cruz	García	Male	40	AICS	Medical Assistance	Crutches	Private Donor - Annual assistance. Contact: main branch	03/28/2024
Laguna	Calamba	Puting Lupa	17	Juan	Pérez	García	Female	41	PWD_ASSISTANCE	Honorarium	Basic assistance	Community Organization - Pilot program	03/01/2024
Laguna	Cabuyao	Santa Rosa	493	Janna	Santos	Galang	Male	27	KALAHI	Cash for Training	Basic assistance	USAID - Emergency response	05/02/2023
Laguna	Paete	Maunong	331	Pedro	Gómez	Galang	Male	67	SLP	Transportation Allowance	Enhanced support	Anonymous Donor - Pilot program	12/05/2023
Laguna	San Pablo	Mayapa	926	Clara	Cruz	Reyes	Male	72	MEDICAL_SERVICES	Scholarship Grants	Level 1 support	Provincial Government - Regular program. Contact: local coordinator	09/06/2024
Laguna	Pagsanjan	San Juan	739	James	Pérez	Santos	Female	65	OTHER_CAPABILITY_BUILDING_SUPPORT	Medical Supplies	Crutches	Private Donor - Regular program. Contact: local coordinator	10/11/2023
Laguna	Cabuyao	Saimsim	873	Ana	Carn	Gómez	Male	78	SUPPLEMENTAL_FEEDING	Equipment/School Materials	Laptop	Local Government - Special initiative. Contact: main branch	05/02/2024
Laguna	Santa Rosa	Parian	486	Pedro	Gómez	Galang	Female	29	LIVELIHOOD_ASSISTANCE	GAD Trainings	1-day seminar	DOH - Annual assistance. Contact: regional office	03/22/2025
Laguna	Cavinti	San Roque	406	Ana	Santos	Cruz	Male	36	SLP	Agricultural and Fisheries	Level 1 support	UNICEF - Annual assistance. Contact: main branch	07/10/2024
Laguna	Liliw	Mayapa	117	Miguel	Santos	Pérez	Male	49	SUPPLEMENTAL_FEEDING	Dental Services	Standard package	DA - Special initiative	03/11/2022
Laguna	San Pedro	Timbao	555	Clara	Santos	López	Female	41	OTHER_PROGRAM	Parent Effectiveness Trainings	Level 1 support	DepEd - Emergency response. Contact: local coordinator	06/14/2022
Laguna	Paete	San Cristóbal	880	Ana	García	Reyes	Female	39	SUPPLEMENTAL_FEEDING	GAD Trainings	3-day conference	Red Cross - Pilot program. Contact: main branch	08/13/2024
Laguna	Pagsanjan	Barangay III (Poblacion)	115	Ana	Pérez	Pérez	Male	20	EDUCATIONAL_ASSISTANCE	Alternative Learning System	Level 1 support	Provincial Government - Regular program. Contact: local coordinator	03/05/2025
Laguna	Cabuyao	San Antonio	795	Miguel	Gómez	Santos	Female	57	OTHER_PROGRAM	Activity Involvement/Advocacy	Enhanced support	Provincial Government - Special initiative. Contact: local coordinator	03/10/2021
Laguna	Liliw	Barangay III (Poblacion)	549	María	Reyes	Pérez	Male	44	SLP	Insurance	Basic assistance	DSWD - Special initiative. Contact: main branch	11/15/2023
Laguna	Alaminos	Masili	814	Juan	García	Gómez	Female	78	MEDICAL_SERVICES	Surgical Procedures	"PHP 10,000"	DA - Special initiative	07/22/2022
Laguna	Rizal	Punta	625	Janna	García	Cruz	Female	36	MEDICAL_SERVICES	Family Development Trainings	2-day workshop	Provincial Government - Special initiative. Contact: regional office	05/28/2022
Laguna	Paete	Súcol	547	Janna	García	García	Male	26	EDUCATIONAL_ASSISTANCE	GAD Trainings	1-day seminar	DepEd - Special initiative. Contact: main branch	07/02/2021
Laguna	Calamba	Real	644	James	Reyes	Galang	Male	76	LIVELIHOOD_ASSISTANCE	Food Assistance	Canned Goods (10 pcs)	USAID - Annual assistance. Contact: main branch	02/23/2021
Laguna	Magdalena	Pansol	336	María	García	Cruz	Female	68	SOCIAL_PENSION	Food Assistance	Rice (5kg)	DOH - Emergency response	01/10/2024
Laguna	Nagcarlan	Mapagong	336	Pedro	Cruz	Santos	Female	66	KALAHI	Scholarship Grants	Basic assistance	Provincial Government - Regular program. Contact: local coordinator	06/09/2021
Laguna	Biñan	Puting Lupa	981	Miguel	Santos	Reyes	Male	30	EDUCATIONAL_ASSISTANCE	Leadership Skills Training	Basic assistance	Provincial Government - Annual assistance	11/10/2024
Laguna	Luisiana	Casile	922	Pedro	Gómez	Pérez	Female	19	SOCIAL_PENSION	Cash for Training	Basic assistance	DepEd - Pilot program	01/12/2025
Laguna	Bay	Makiling	889	Janna	Gómez	Cruz	Female	53	DISASTER_RELIEF_ASSISTANCE	Insurance	Level 1 support	UNICEF - Regular program. Contact: main branch	01/08/2023
Laguna	Alaminos	San Roque	740	Juan	Santos	Gómez	Female	46	OTHER_PROGRAM	Medical Assistance	Medical Kit	DOLE - Emergency response	09/21/2021
Laguna	Rizal	San Vicente	147	Ana	Pérez	Reyes	Female	28	KALAHI	Job Referral	Basic assistance	Community Organization - Regular program. Contact: main branch	09/13/2022
Laguna	Pangil	Masaya	122	Clara	Carn	García	Male	51	AICS	Parent Effectiveness Trainings	Level 1 support	Community Organization - Special initiative. Contact: local coordinator	10/03/2023
Laguna	Nagcarlan	Mapagong	81	James	López	Santos	Male	21	LIVELIHOOD_ASSISTANCE	Agricultural and Fisheries	Basic assistance	USAID - Regular program	08/25/2024
Laguna	Pila	San Ildefonso	685	Juan	Cruz	Santos	Female	21	PWD_ASSISTANCE	Alternative Learning System	Enhanced support	DOH - Pilot program. Contact: local coordinator	12/04/2023
Laguna	Majayjay	Barangay I (Poblacion)	666	Janna	Reyes	Pérez	Female	69	KALAHI	Scholarship Grants	Basic assistance	DOH - Regular program. Contact: main branch	07/20/2021
Laguna	Calamba	Parian	662	María	López	Galang	Male	18	LIVELIHOOD_ASSISTANCE	Mental Health Support	Enhanced support	DepEd - Pilot program	07/31/2024
Laguna	Magdalena	Masaya	375	James	Santos	López	Female	42	SOCIAL_PENSION	Scholarship Grants	Level 1 support	DOH - Emergency response. Contact: local coordinator	05/27/2021
Laguna	Biñan	San Cristóbal	570	Miguel	García	Santos	Female	43	KALAHI	Medical Supplies	"PHP 3,000"	Anonymous Donor - Regular program. Contact: local coordinator	01/03/2025
Laguna	Santa Rosa	Masaya	63	Janna	Gómez	Gómez	Female	28	DISASTER_RELIEF_ASSISTANCE	Surgical Procedures	Crutches	Local Government - Regular program	11/28/2024
Laguna	Cavinti	Zapote	504	Pedro	Pérez	Cruz	Female	40	SOCIAL_PENSION	Vaccination	Standard package	DOH - Pilot program. Contact: regional office	12/12/2022
Laguna	Los Baños	Barangay I (Poblacion)	668	James	Pérez	Gómez	Female	19	OTHER_PROGRAM	Vaccination	Enhanced support	DSWD - Emergency response. Contact: regional office	04/22/2024
Laguna	Liliw	San Miguel	449	Miguel	Carn	Cruz	Male	36	SOCIAL_PENSION	Capital/Starter Kit	Basic assistance	Caritas - Emergency response	07/01/2022
Laguna	Kalayaan	San Juan	428	Janna	Carn	Cruz	Female	46	OTHER_CAPABILITY_BUILDING_SUPPORT	Insurance	Level 1 support	UNICEF - Annual assistance. Contact: local coordinator	05/17/2024
Laguna	Mabitac	San Ildefonso	868	Pedro	Santos	García	Female	57	MEDICAL_SERVICES	Parent Effectiveness Trainings	Basic assistance	Community Organization - Regular program. Contact: regional office	05/22/2023
Laguna	Lumban	Milagrosa	427	Clara	Cruz	Santos	Female	72	PWD_ASSISTANCE	Voucher	Enhanced support	DOLE - Special initiative. Contact: regional office	07/29/2022
Laguna	Siniloan	Barangay II (Poblacion)	421	Pedro	Pérez	Santos	Male	69	DISASTER_RELIEF_ASSISTANCE	Cash for Work	Basic assistance	DOH - Regular program. Contact: main branch	03/23/2021
Laguna	San Pedro	Barangay II (Poblacion)	322	Ana	López	Cruz	Female	21	OTHER_CAPABILITY_BUILDING_SUPPORT	Financial	"PHP 2,000"	DOLE - Pilot program. Contact: local coordinator	09/20/2021
Laguna	Victoria	Santo Domingo	913	Miguel	Carn	Pérez	Female	74	SOCIAL_PENSION	GAD Trainings	2-day workshop	USAID - Pilot program	07/12/2023
Laguna	San Pedro	San Ildefonso	680	Miguel	Gómez	Gómez	Male	33	PWD_ASSISTANCE	Honorarium	Level 1 support	DOH - Pilot program. Contact: main branch	11/29/2023
Laguna	Bay	San Roque	166	María	Gómez	Galang	Male	64	LIVELIHOOD_ASSISTANCE	Scholarship Grants	Level 1 support	USAID - Special initiative	10/13/2021
Laguna	Biñan	Sirang Lupa	597	Miguel	Santos	Pérez	Male	54	SUPPLEMENTAL_FEEDING	Food for Work	Basic assistance	DA - Regular program. Contact: local coordinator	01/23/2021
Laguna	Cavinti	Calo	957	Ana	Cruz	Galang	Male	79	OTHER_CAPABILITY_BUILDING_SUPPORT	Honorarium	Level 1 support	Red Cross - Pilot program	02/06/2025
Laguna	Pangil	Majada Labas	649	Janna	Santos	Santos	Female	78	SUPPLEMENTAL_FEEDING	Mental Health Support	Level 1 support	Local Government - Pilot program	10/30/2021
Laguna	Paete	San Benito (Palita)	461	Clara	Santos	Pérez	Female	44	EDUCATIONAL_ASSISTANCE	Food Items	Food Pack	DOH - Regular program. Contact: main branch	07/25/2021
Laguna	Biñan	Barangay I (Poblacion)	459	Juan	Cruz	Gómez	Female	22	SUPPLEMENTAL_FEEDING	Burial Assistance	Basic assistance	USAID - Pilot program. Contact: main branch	12/26/2024
Laguna	Liliw	Puting Lupa	189	Clara	Cruz	Santos	Male	32	SLP	"Non-Food Items (Hygiene Kits, Clothes, Household Items)"	Enhanced support	Private Donor - Regular program. Contact: local coordinator	04/05/2021
Laguna	Pila	San Cristóbal	464	Clara	Cruz	Reyes	Female	40	OTHER_CAPABILITY_BUILDING_SUPPORT	Honorarium	Basic assistance	DOLE - Emergency response	04/20/2022
Laguna	Siniloan	Casile	912	Miguel	Gómez	Santos	Male	66	AICS	"Non-Food Items (Hygiene Kits, Clothes, Household Items)"	Basic assistance	Caritas - Annual assistance	10/31/2024
Laguna	Cavinti	Mapagong	379	Clara	Gómez	Pérez	Male	20	OTHER_PROGRAM	Food Assistance	Rice (5kg)	Provincial Government - Regular program. Contact: regional office	05/17/2021
Laguna	Kalayaan	Punta	2	Miguel	Santos	Gómez	Female	35	EDUCATIONAL_ASSISTANCE	Surgical Procedures	"PHP 5,000"	Anonymous Donor - Annual assistance. Contact: regional office	05/31/2021
Laguna	Nagcarlan	Santo Tomás (Calabuso)	618	Ana	Carn	Cruz	Male	60	KALAHI	Job Referral	Level 1 support	Anonymous Donor - Pilot program	12/04/2022
Laguna	Los Baños	Palma	364	Juan	Reyes	López	Male	43	SUPPLEMENTAL_FEEDING	Values Formation	1-day seminar	Red Cross - Emergency response. Contact: regional office	07/21/2021
Laguna	Cavinti	Súcol	72	Pedro	Reyes	García	Female	23	SOCIAL_PENSION	GAD Trainings	Week-long training	Red Cross - Pilot program. Contact: local coordinator	08/01/2023
Laguna	San Pablo	San José	427	Miguel	Santos	Gómez	Female	76	OTHER_CAPABILITY_BUILDING_SUPPORT	Food Assistance	Food Pack	Provincial Government - Emergency response. Contact: local coordinator	06/27/2024
Laguna	Santa Rosa	Masaya	638	Janna	Santos	Santos	Male	61	KALAHI	Values Formation	Week-long training	Provincial Government - Special initiative. Contact: local coordinator	03/15/2021
Laguna	Mabitac	Makiling	170	María	Carn	Santos	Female	71	DISASTER_RELIEF_ASSISTANCE	Job Fair	Enhanced support	DOLE - Special initiative	09/07/2024
Laguna	Pagsanjan	San Agustín (Antipolo)	205	Juan	Cruz	Cruz	Female	75	SOCIAL_PENSION	Activity Involvement/Advocacy	Standard package	DSWD - Annual assistance. Contact: local coordinator	07/03/2022
Laguna	Cabuyao	Milagrosa	825	Janna	Santos	Gómez	Male	34	LIVELIHOOD_ASSISTANCE	Job Referral	Standard package	Red Cross - Regular program. Contact: regional office	09/29/2022
Laguna	Santa Cruz	Palingon	337	Miguel	Pérez	Reyes	Male	79	SOCIAL_PENSION	GAD Trainings	3-day conference	Local Government - Emergency response. Contact: local coordinator	09/27/2023
Laguna	Calauan	Puting Lupa	999	Juan	Gómez	López	Female	63	OTHER_CAPABILITY_BUILDING_SUPPORT	Honorarium	Enhanced support	Caritas - Annual assistance. Contact: local coordinator	09/25/2023
Laguna	Liliw	San Benito (Palita)	472	Miguel	García	Gómez	Female	55	AICS	Values Formation	3-day conference	USAID - Emergency response. Contact: main branch	04/04/2024
Laguna	Cavinti	Paciano Rizal	195	Ana	Cruz	Santos	Male	59	LIVELIHOOD_ASSISTANCE	GAD Trainings	Week-long training	Private Donor - Pilot program. Contact: main branch	10/22/2023
Laguna	Lumban	San Benito (Palita)	670	Janna	Pérez	Galang	Female	65	OTHER_PROGRAM	Dental Services	Enhanced support	DA - Pilot program. Contact: regional office	09/23/2024
Laguna	Mabitac	San Andrés	653	Ana	Gómez	Galang	Male	67	SUPPLEMENTAL_FEEDING	Insurance	Basic assistance	Caritas - Annual assistance. Contact: main branch	10/18/2021
Laguna	Cabuyao	Palingon	275	James	Santos	Galang	Male	44	EDUCATIONAL_ASSISTANCE	Vaccination	Enhanced support	UNICEF - Emergency response. Contact: main branch	03/12/2021
Laguna	Famy	Casile	7	Janna	García	García	Female	37	LIVELIHOOD_ASSISTANCE	Agricultural and Fisheries	Standard package	USAID - Regular program. Contact: main branch	04/18/2021
Laguna	Calamba	Masaya	905	Juan	Pérez	García	Female	23	KALAHI	Family Development Trainings	3-day conference	Anonymous Donor - Pilot program. Contact: regional office	02/22/2025
Laguna	Alaminos	Barangay IV (Poblacion)	979	James	López	Gómez	Female	68	SUPPLEMENTAL_FEEDING	Equipment/School Materials	School Supplies Kit	Caritas - Regular program. Contact: main branch	08/21/2022
Laguna	Cabuyao	Calo	566	Ana	Carn	López	Female	52	DISASTER_RELIEF_ASSISTANCE	Tutorial Sessions	Standard package	World Vision - Annual assistance. Contact: local coordinator	04/19/2024
Laguna	Biñan	San José	616	Ana	Gómez	Santos	Female	29	LIVELIHOOD_ASSISTANCE	Job Referral	Level 1 support	DSWD - Regular program. Contact: main branch	11/15/2023
Laguna	Kalayaan	Pansol	854	Juan	García	Santos	Male	65	KALAHI	Family Development Trainings	3-day conference	DepEd - Pilot program. Contact: regional office	03/20/2024
Laguna	Famy	Parian	850	James	Santos	Santos	Female	20	KALAHI	Parent Effectiveness Trainings	Standard package	Provincial Government - Annual assistance. Contact: regional office	07/12/2024
Laguna	Alaminos	Pansol	573	Clara	Reyes	García	Male	65	LIVELIHOOD_ASSISTANCE	Medical Supplies	"PHP 10,000"	Provincial Government - Pilot program	07/22/2021
Laguna	Santa Maria	San Antonio	599	Pedro	Pérez	López	Female	21	KALAHI	Values Formation	3-day conference	USAID - Pilot program. Contact: main branch	02/07/2025
Laguna	Calauan	San José	770	María	Santos	Santos	Male	74	EDUCATIONAL_ASSISTANCE	Capital/Starter Kit	Enhanced support	Local Government - Pilot program	05/28/2024
Laguna	Kalayaan	Majada Labas	178	Juan	Reyes	Cruz	Female	69	SUPPLEMENTAL_FEEDING	Dental Services	Standard package	Private Donor - Regular program. Contact: local coordinator	07/23/2022
Laguna	Cavinti	San Gregorio	242	Ana	Carn	Reyes	Female	62	OTHER_PROGRAM	Skills Training	Computer Literacy	DOLE - Pilot program. Contact: regional office	01/11/2024
Laguna	Cabuyao	Zapote	203	Janna	Carn	Pérez	Male	21	EDUCATIONAL_ASSISTANCE	Alternative Learning System	Enhanced support	Caritas - Regular program. Contact: main branch	06/13/2021
Laguna	Lumban	Uwisan	543	James	Cruz	Gómez	Female	21	SUPPLEMENTAL_FEEDING	Job Fair	Enhanced support	UNICEF - Special initiative	07/19/2023
Laguna	Nagcarlan	Barangay II (Poblacion)	801	Miguel	Pérez	Gómez	Female	56	OTHER_PROGRAM	Transportation Allowance	Level 1 support	Anonymous Donor - Regular program. Contact: local coordinator	07/16/2024
Laguna	Santa Rosa	Mapagong	462	Pedro	Cruz	Galang	Male	38	DISASTER_RELIEF_ASSISTANCE	Surgical Procedures	"PHP 10,000"	Anonymous Donor - Special initiative. Contact: main branch	04/21/2024
Laguna	Bay	Timbao	80	María	Reyes	Galang	Male	61	AICS	Job Fair	Enhanced support	DSWD - Pilot program	06/29/2021
Laguna	Santa Rosa	Mapagong	523	Janna	Reyes	Gómez	Male	19	SLP	Honorarium	Enhanced support	Community Organization - Special initiative. Contact: main branch	08/21/2022
Laguna	Calamba	Ulango	417	James	Carn	Cruz	Female	33	EDUCATIONAL_ASSISTANCE	Technical Skills Training	Enhanced support	Provincial Government - Annual assistance	04/17/2022
Laguna	Luisiana	Santo Domingo	766	Pedro	García	Santos	Male	24	SUPPLEMENTAL_FEEDING	Activity Involvement/Advocacy	Level 1 support	DA - Emergency response. Contact: main branch	02/09/2024
Laguna	Santa Maria	Saimsim	384	Juan	Reyes	López	Male	36	OTHER_PROGRAM	Food Items	Rice (5kg)	Anonymous Donor - Special initiative. Contact: main branch	12/05/2023
Laguna	Pangil	San Miguel	391	Miguel	Reyes	López	Female	60	OTHER_PROGRAM	"Non-Food Items (Hygiene Kits, Clothes, Household Items)"	Basic assistance	DOLE - Pilot program. Contact: regional office	04/23/2025
Laguna	Famy	San Cristóbal	896	Pedro	Pérez	García	Female	50	SLP	Parent Effectiveness Trainings	Level 1 support	Provincial Government - Pilot program. Contact: main branch	06/16/2022
Laguna	Calauan	Calo	799	Juan	García	Santos	Female	26	LIVELIHOOD_ASSISTANCE	Dental Services	Level 1 support	DSWD - Emergency response. Contact: regional office	09/01/2022
Laguna	Famy	Timbao	688	Miguel	Cruz	López	Female	54	SLP	Financial	"PHP 1,500"	UNICEF - Special initiative	03/07/2022
Laguna	Paete	San Benito (Palita)	126	Miguel	Cruz	Santos	Female	75	LIVELIHOOD_ASSISTANCE	Consultation/Medical Check-Up	Crutches	Local Government - Regular program. Contact: regional office	10/13/2024
Laguna	Biñan	Pansol	494	Clara	Reyes	Galang	Female	34	SUPPLEMENTAL_FEEDING	Voucher	Standard package	Community Organization - Regular program	12/19/2023
Laguna	Pila	Looc	47	James	Pérez	Pérez	Male	44	SOCIAL_PENSION	Values Formation	3-day conference	UNICEF - Regular program. Contact: main branch	09/02/2023
Laguna	Luisiana	Puting Lupa	718	Miguel	Cruz	Pérez	Male	50	SLP	Tutorial Sessions	Standard package	Private Donor - Emergency response. Contact: local coordinator	09/02/2023
Laguna	Siniloan	Barangay III (Poblacion)	476	Pedro	Cruz	Pérez	Female	66	DISASTER_RELIEF_ASSISTANCE	Honorarium	Enhanced support	Community Organization - Regular program	08/12/2021
Laguna	Santa Cruz	Palma	949	Miguel	López	Galang	Male	29	OTHER_CAPABILITY_BUILDING_SUPPORT	Alternative Learning System	Level 1 support	DepEd - Emergency response	03/21/2023
Laguna	Biñan	Milagrosa	619	María	Pérez	García	Male	74	OTHER_CAPABILITY_BUILDING_SUPPORT	"Non-Food Items (Hygiene Kits, Clothes, Household Items)"	Enhanced support	USAID - Annual assistance. Contact: local coordinator	07/08/2021
Laguna	Pila	San Roque	464	Pedro	Cruz	Pérez	Male	62	KALAHI	GAD Trainings	1-day seminar	Community Organization - Special initiative	02/28/2021
Laguna	Calauan	San Agustín (Antipolo)	787	James	Carn	Galang	Male	73	OTHER_PROGRAM	Leadership Skills Training	Basic assistance	USAID - Emergency response. Contact: main branch	10/29/2023
Laguna	Bay	Santo Domingo	849	Janna	Santos	Santos	Female	28	OTHER_PROGRAM	Honorarium	Enhanced support	DA - Regular program	02/16/2025
Laguna	Rizal	Barangay II (Poblacion)	123	Janna	Reyes	Pérez	Female	30	AICS	Values Formation	3-day conference	Local Government - Regular program. Contact: main branch	04/05/2023
Laguna	Luisiana	Santa Rosa	474	Pedro	Gómez	Cruz	Male	48	MEDICAL_SERVICES	Cash for Training	Level 1 support	DOLE - Regular program	02/10/2022
Laguna	Bay	San Isidro	134	Pedro	Reyes	García	Female	30	OTHER_PROGRAM	Food Assistance	Basic Groceries	UNICEF - Special initiative. Contact: regional office	09/06/2022
Laguna	Calauan	Santa Rosa	619	Juan	Carn	Cruz	Male	55	SOCIAL_PENSION	Leadership Skills Training	Level 1 support	UNICEF - Emergency response	02/04/2025
Laguna	Nagcarlan	Sirang Lupa	817	James	Gómez	Gómez	Male	43	DISASTER_RELIEF_ASSISTANCE	Dental Services	Basic assistance	Provincial Government - Pilot program. Contact: regional office	11/11/2023
Laguna	Biñan	San Juan	841	Juan	Santos	Santos	Female	48	OTHER_CAPABILITY_BUILDING_SUPPORT	Job Fair	Level 1 support	Local Government - Emergency response	01/19/2022
Laguna	Bay	San Vicente	562	María	Santos	García	Male	39	DISASTER_RELIEF_ASSISTANCE	Skills Training	Computer Literacy	Red Cross - Emergency response. Contact: regional office	02/16/2022
Laguna	Rizal	Punta	849	Clara	Carn	Cruz	Female	23	EDUCATIONAL_ASSISTANCE	Skills Training	Computer Literacy	DOH - Regular program. Contact: regional office	08/21/2024
Laguna	Victoria	Barangay I (Poblacion)	607	Janna	García	García	Female	37	OTHER_PROGRAM	Activity Involvement/Advocacy	Level 1 support	Anonymous Donor - Pilot program. Contact: main branch	12/29/2022
Laguna	Pakil	San Ildefonso	780	Miguel	García	Santos	Female	38	SOCIAL_PENSION	Scholarship Grants	Enhanced support	Community Organization - Regular program. Contact: regional office	08/26/2024
Laguna	Famy	Timbao	23	Miguel	Santos	Gómez	Female	27	SLP	Leadership Skills Training	Level 1 support	Red Cross - Annual assistance. Contact: regional office	08/19/2021
Laguna	Pila	Saimsim	566	Ana	García	López	Female	36	SUPPLEMENTAL_FEEDING	Alternative Learning System	Standard package	Red Cross - Pilot program. Contact: main branch	08/24/2021
Laguna	Luisiana	Milagrosa	886	Ana	García	Pérez	Female	52	LIVELIHOOD_ASSISTANCE	Tutorial Sessions	Level 1 support	DOH - Pilot program. Contact: main branch	10/25/2022
Laguna	Santa Cruz	San Gregorio	766	James	García	Gómez	Female	43	OTHER_PROGRAM	Scholarship Grants	Level 1 support	DepEd - Special initiative. Contact: regional office	02/15/2021
Laguna	Cabuyao	Turbina	965	Miguel	Santos	García	Female	24	OTHER_PROGRAM	Scholarship Grants	Basic assistance	DepEd - Special initiative	08/10/2021
Laguna	Calamba	Santa Rosa	235	James	Gómez	Pérez	Female	54	KALAHI	Job Referral	Level 1 support	DSWD - Pilot program. Contact: regional office	01/22/2023
Laguna	Lumban	Palo-Alto	996	Ana	García	Gómez	Male	25	SOCIAL_PENSION	Food Assistance	Canned Goods (10 pcs)	DSWD - Emergency response. Contact: local coordinator	06/05/2021
Laguna	Siniloan	Paciano Rizal	59	James	Gómez	Pérez	Female	22	MEDICAL_SERVICES	Agricultural and Fisheries	Basic assistance	UNICEF - Emergency response. Contact: local coordinator	01/24/2024
Laguna	Magdalena	Barangay IV (Poblacion)	164	Janna	Reyes	López	Male	61	DISASTER_RELIEF_ASSISTANCE	Values Formation	3-day conference	USAID - Regular program. Contact: main branch	03/29/2023
Laguna	San Pedro	Makiling	771	María	López	Santos	Female	53	SOCIAL_PENSION	Cash for Training	Basic assistance	Local Government - Regular program	01/12/2024
Laguna	Rizal	Santa Rosa	826	María	Santos	García	Male	79	PWD_ASSISTANCE	GAD Trainings	1-day seminar	World Vision - Annual assistance. Contact: local coordinator	06/22/2024
Laguna	Majayjay	Turbina	216	Miguel	Carn	García	Female	68	PWD_ASSISTANCE	Honorarium	Standard package	World Vision - Annual assistance. Contact: regional office	07/29/2022
Laguna	Liliw	Timbao	183	Juan	García	López	Female	45	PWD_ASSISTANCE	Honorarium	Standard package	USAID - Pilot program. Contact: regional office	01/10/2021
Laguna	Victoria	San Juan	569	Janna	Cruz	Galang	Female	67	MEDICAL_SERVICES	Cash for Training	Basic assistance	Anonymous Donor - Special initiative. Contact: local coordinator	03/30/2021
Laguna	Victoria	Sirang Lupa	657	Clara	Santos	López	Male	20	SLP	Mental Health Support	Enhanced support	DSWD - Special initiative	06/28/2023
Laguna	San Pedro	Parian	935	James	Pérez	López	Male	56	SOCIAL_PENSION	Medical Supplies	"PHP 5,000"	Provincial Government - Pilot program. Contact: main branch	11/22/2021
Laguna	Rizal	Uwisan	90	James	Carn	López	Female	25	AICS	Skills Training	Carpentry	Red Cross - Special initiative. Contact: regional office	10/13/2021
Laguna	Majayjay	Santo Tomás (Calabuso)	964	Miguel	López	Santos	Male	32	SLP	Vaccination	Enhanced support	Local Government - Pilot program. Contact: local coordinator	08/03/2021
Laguna	Luisiana	San Roque	311	Clara	Reyes	Gómez	Female	70	OTHER_PROGRAM	Food Items	Rice (10kg)	DOLE - Regular program. Contact: regional office	09/23/2023
Laguna	Nagcarlan	Looc	557	Juan	Gómez	Reyes	Male	44	OTHER_PROGRAM	Agricultural and Fisheries	Standard package	USAID - Annual assistance. Contact: main branch	01/01/2024
Laguna	Majayjay	San Juan	972	Juan	Gómez	López	Male	66	PWD_ASSISTANCE	Food Items	Canned Goods (10 pcs)	DepEd - Annual assistance. Contact: local coordinator	05/16/2024
Laguna	Luisiana	Santa Rosa	257	James	Pérez	García	Male	68	KALAHI	Cash for Work	Basic assistance	World Vision - Pilot program	03/08/2024
Laguna	Famy	Puting Lupa	533	James	Carn	Cruz	Female	53	LIVELIHOOD_ASSISTANCE	Skills Training	Sewing	UNICEF - Annual assistance	11/03/2024
Laguna	Pakil	San Miguel	979	Clara	García	Galang	Male	33	SOCIAL_PENSION	Cash for Training	Basic assistance	DA - Annual assistance. Contact: local coordinator	09/09/2023
Laguna	Biñan	San Cristóbal	533	Miguel	Cruz	López	Male	43	SOCIAL_PENSION	Surgical Procedures	Wheelchair	Caritas - Special initiative. Contact: local coordinator	02/06/2022
Laguna	Majayjay	San Benito (Palita)	52	Janna	García	López	Female	62	SUPPLEMENTAL_FEEDING	Transportation Allowance	Enhanced support	DOLE - Emergency response	09/04/2022
Laguna	Victoria	Barangay IV (Poblacion)	338	Clara	Carn	Galang	Female	78	OTHER_CAPABILITY_BUILDING_SUPPORT	Food Assistance	Canned Goods (10 pcs)	DOLE - Regular program. Contact: local coordinator	06/07/2022
Laguna	Lumban	Lingga	171	Juan	Santos	López	Male	61	AICS	Cash for Work	Enhanced support	Local Government - Emergency response. Contact: regional office	12/06/2021
Laguna	Rizal	Casile	948	Clara	Pérez	García	Male	21	LIVELIHOOD_ASSISTANCE	Capital/Starter Kit	Enhanced support	Local Government - Annual assistance. Contact: regional office	04/14/2024
Laguna	Santa Rosa	Mayapa	67	Clara	Cruz	Reyes	Female	29	MEDICAL_SERVICES	Transportation Allowance	Enhanced support	DepEd - Emergency response. Contact: local coordinator	04/09/2023
Laguna	Pagsanjan	Paciano Rizal	625	Clara	Gómez	López	Female	34	EDUCATIONAL_ASSISTANCE	Transportation Allowance	Enhanced support	Community Organization - Annual assistance. Contact: local coordinator	06/25/2023
Laguna	Famy	Timbao	300	Janna	Pérez	Galang	Female	75	MEDICAL_SERVICES	Voucher	Level 1 support	DOH - Special initiative. Contact: local coordinator	12/23/2021
Laguna	Pila	Barangay III (Poblacion)	672	Pedro	Pérez	López	Female	58	MEDICAL_SERVICES	Food Items	Basic Groceries	USAID - Emergency response. Contact: local coordinator	01/13/2022
Laguna	Calamba	San Vicente	778	James	Cruz	Santos	Female	61	OTHER_CAPABILITY_BUILDING_SUPPORT	Food Items	Rice (5kg)	World Vision - Pilot program. Contact: main branch	09/01/2024
Laguna	Pakil	San Roque	832	Ana	Gómez	García	Male	43	MEDICAL_SERVICES	GAD Trainings	Week-long training	DOH - Regular program. Contact: regional office	03/16/2021
Laguna	Famy	San José	232	Miguel	Gómez	García	Female	48	OTHER_CAPABILITY_BUILDING_SUPPORT	Cash for Work	Basic assistance	World Vision - Emergency response. Contact: local coordinator	01/28/2024
Laguna	San Pablo	Barangay III (Poblacion)	975	Clara	Carn	Reyes	Female	32	SUPPLEMENTAL_FEEDING	Medical Assistance	Crutches	Provincial Government - Regular program	09/22/2021
Laguna	Luisiana	Majada Labas	837	Miguel	López	Gómez	Male	69	OTHER_CAPABILITY_BUILDING_SUPPORT	Leadership Skills Training	Standard package	USAID - Emergency response	06/30/2023
Laguna	Alaminos	Timbao	68	Ana	López	Santos	Female	51	MEDICAL_SERVICES	Equipment/School Materials	Uniform	Anonymous Donor - Regular program. Contact: regional office	10/11/2023
Laguna	San Pedro	San Miguel	506	Pedro	García	Santos	Female	46	SLP	Capital/Starter Kit	Standard package	Caritas - Pilot program. Contact: local coordinator	01/12/2024
Laguna	Victoria	San José	28	James	Carn	Reyes	Female	26	KALAHI	Cash for Work	Level 1 support	USAID - Pilot program. Contact: local coordinator	08/16/2021
Laguna	Pangil	San Vicente	949	Juan	Cruz	Pérez	Male	31	KALAHI	Capital/Starter Kit	Standard package	Private Donor - Regular program. Contact: local coordinator	05/11/2021
Laguna	Pakil	San Agustín (Antipolo)	628	Ana	Carn	Pérez	Female	53	DISASTER_RELIEF_ASSISTANCE	GAD Trainings	2-day workshop	UNICEF - Pilot program. Contact: regional office	10/31/2023
Laguna	Calauan	Zapote	51	Miguel	Cruz	Gómez	Female	21	SUPPLEMENTAL_FEEDING	Parent Effectiveness Trainings	Enhanced support	Red Cross - Special initiative. Contact: local coordinator	06/29/2022
Laguna	Pila	Uwisan	693	Miguel	Pérez	Cruz	Female	76	SLP	"Non-Food Items (Hygiene Kits, Clothes, Household Items)"	Basic assistance	Provincial Government - Special initiative. Contact: local coordinator	09/01/2021
Laguna	Paete	Mayapa	260	Miguel	García	Gómez	Female	55	OTHER_PROGRAM	Voucher	Enhanced support	DA - Emergency response. Contact: regional office	06/03/2024
Laguna	Famy	Looc	591	Juan	Santos	Pérez	Male	73	MEDICAL_SERVICES	Dental Services	Basic assistance	Private Donor - Annual assistance	08/16/2021
Laguna	Cavinti	Palma	785	Ana	Pérez	Gómez	Male	54	OTHER_CAPABILITY_BUILDING_SUPPORT	Cash for Work	Enhanced support	DepEd - Pilot program. Contact: regional office	09/02/2021
Laguna	Alaminos	San Agustín (Antipolo)	620	Miguel	Gómez	López	Female	77	EDUCATIONAL_ASSISTANCE	Job Fair	Basic assistance	DOH - Annual assistance. Contact: main branch	03/20/2022
Laguna	Pangil	Palo-Alto	963	Juan	Santos	Santos	Female	41	MEDICAL_SERVICES	Capital/Starter Kit	Enhanced support	USAID - Pilot program. Contact: main branch	09/07/2022
Laguna	Majayjay	San Gregorio	586	Clara	Carn	Gómez	Female	34	SLP	Values Formation	1-day seminar	Caritas - Regular program. Contact: regional office	06/06/2023
Laguna	Luisiana	Uwisan	687	Miguel	Cruz	Cruz	Female	30	SLP	Medical Supplies	Crutches	DOH - Pilot program. Contact: regional office	04/05/2023
Laguna	Calauan	Zapote	184	Ana	Santos	Cruz	Female	37	SUPPLEMENTAL_FEEDING	GAD Trainings	1-day seminar	Caritas - Pilot program. Contact: local coordinator	01/24/2025
Laguna	Pakil	Súcol	23	Juan	Pérez	García	Female	34	OTHER_CAPABILITY_BUILDING_SUPPORT	Insurance	Basic assistance	DA - Emergency response. Contact: main branch	07/25/2023
Laguna	Bay	San Antonio	786	Pedro	Cruz	López	Female	68	KALAHI	Insurance	Enhanced support	World Vision - Special initiative. Contact: local coordinator	01/17/2022
Laguna	Siniloan	Pansol	129	Janna	García	García	Male	44	LIVELIHOOD_ASSISTANCE	Family Development Trainings	Week-long training	DOLE - Emergency response	04/30/2024
Laguna	Mabitac	Makiling	291	Juan	Pérez	Galang	Female	72	SOCIAL_PENSION	Vaccination	Basic assistance	Caritas - Special initiative. Contact: regional office	10/01/2022
Laguna	Cabuyao	Santo Tomás (Calabuso)	832	Janna	Gómez	Pérez	Male	50	MEDICAL_SERVICES	Cash for Work	Basic assistance	Private Donor - Emergency response	06/06/2022
Laguna	Alaminos	Uwisan	501	Janna	Carn	García	Male	38	OTHER_PROGRAM	Activity Involvement/Advocacy	Basic assistance	USAID - Pilot program. Contact: local coordinator	04/22/2023
Laguna	Rizal	Santo Domingo	186	James	Cruz	Santos	Female	34	SLP	Honorarium	Basic assistance	Community Organization - Pilot program. Contact: regional office	06/07/2021
Laguna	Paete	Súcol	479	Clara	Carn	Santos	Male	39	PWD_ASSISTANCE	Food for Work	Basic assistance	Red Cross - Pilot program. Contact: main branch	07/03/2024
Laguna	Lumban	Masili	571	Pedro	Cruz	López	Male	42	LIVELIHOOD_ASSISTANCE	GAD Trainings	2-day workshop	Provincial Government - Pilot program. Contact: main branch	07/01/2022
Laguna	Bay	San Isidro	492	Janna	Pérez	Cruz	Male	20	LIVELIHOOD_ASSISTANCE	Medical Supplies	"PHP 5,000"	Caritas - Special initiative. Contact: regional office	05/21/2022
Laguna	Kalayaan	Barangay IV (Poblacion)	513	María	López	Santos	Female	44	AICS	Alternative Learning System	Basic assistance	DA - Pilot program. Contact: regional office	04/01/2023
Laguna	Pangil	Masaya	643	Clara	López	Pérez	Male	44	SOCIAL_PENSION	Alternative Learning System	Basic assistance	DOH - Special initiative. Contact: main branch	06/16/2021
Laguna	Bay	San Cristóbal	67	Janna	Cruz	García	Male	63	MEDICAL_SERVICES	Honorarium	Basic assistance	Red Cross - Pilot program. Contact: main branch	01/22/2021
Laguna	Santa Maria	Del Carmen	805	Juan	García	Pérez	Female	29	LIVELIHOOD_ASSISTANCE	Financial	"PHP 3,000"	DepEd - Annual assistance. Contact: regional office	03/08/2021
Laguna	San Pedro	Majada Labas	467	Janna	Carn	Gómez	Female	32	KALAHI	Honorarium	Enhanced support	Community Organization - Pilot program. Contact: local coordinator	12/11/2022
Laguna	Kalayaan	Santo Tomás (Calabuso)	285	Juan	Gómez	García	Male	55	AICS	Scholarship Grants	Basic assistance	Private Donor - Pilot program. Contact: regional office	09/04/2022
Laguna	Alaminos	Barangay I (Poblacion)	601	Miguel	Reyes	López	Female	37	SOCIAL_PENSION	Vaccination	Level 1 support	UNICEF - Pilot program	04/28/2023
Laguna	Los Baños	Milagrosa	417	Juan	Cruz	Gómez	Female	39	SLP	Food Items	Rice (10kg)	UNICEF - Pilot program	08/10/2022
Laguna	Biñan	Palma	100	María	Cruz	Pérez	Male	19	KALAHI	Values Formation	1-day seminar	UNICEF - Emergency response. Contact: regional office	06/07/2023
Laguna	Pakil	San Cristóbal	189	Janna	López	García	Male	21	SOCIAL_PENSION	Values Formation	3-day conference	Community Organization - Emergency response. Contact: regional office	01/17/2021
Laguna	Victoria	Parian	989	Janna	Santos	Pérez	Male	62	KALAHI	Burial Assistance	Standard package	Provincial Government - Special initiative. Contact: local coordinator	10/21/2022
Laguna	Rizal	Barangay IV (Poblacion)	890	Ana	Pérez	Reyes	Female	30	SUPPLEMENTAL_FEEDING	Food Items	Rice (5kg)	USAID - Special initiative. Contact: main branch	02/01/2023
Laguna	Santa Cruz	Lingga	858	Clara	López	López	Male	72	MEDICAL_SERVICES	Transportation Allowance	Enhanced support	UNICEF - Special initiative. Contact: local coordinator	09/12/2021
Laguna	Cabuyao	Del Carmen	388	Ana	Carn	López	Male	49	OTHER_PROGRAM	Leadership Skills Training	Standard package	Private Donor - Annual assistance. Contact: main branch	04/26/2024
Laguna	Paete	Lingga	241	James	López	Santos	Female	76	LIVELIHOOD_ASSISTANCE	Dental Services	Basic assistance	DOH - Special initiative. Contact: local coordinator	11/24/2021
Laguna	Rizal	San Juan	782	Juan	Reyes	López	Female	39	LIVELIHOOD_ASSISTANCE	Capital/Starter Kit	Basic assistance	DepEd - Annual assistance. Contact: main branch	11/04/2024
Laguna	Calauan	Palo-Alto	731	María	García	Galang	Female	42	EDUCATIONAL_ASSISTANCE	Food Assistance	Rice (10kg)	Anonymous Donor - Special initiative. Contact: regional office	12/12/2021
Laguna	Biñan	Barangay IV (Poblacion)	417	Ana	Pérez	Santos	Female	44	OTHER_CAPABILITY_BUILDING_SUPPORT	"Non-Food Items (Hygiene Kits, Clothes, Household Items)"	Standard package	Anonymous Donor - Emergency response. Contact: local coordinator	08/28/2021
Laguna	Pila	Saimsim	918	Janna	Reyes	Santos	Male	72	EDUCATIONAL_ASSISTANCE	Transportation Allowance	Level 1 support	DOLE - Emergency response. Contact: regional office	02/05/2025
Laguna	Los Baños	San José	176	James	García	Gómez	Male	34	LIVELIHOOD_ASSISTANCE	Cash for Work	Level 1 support	UNICEF - Pilot program	11/03/2021
Laguna	Magdalena	Punta	387	María	Reyes	Gómez	Male	23	KALAHI	Capital/Starter Kit	Level 1 support	Private Donor - Regular program	06/25/2021
Laguna	Pila	San Agustín (Antipolo)	471	Pedro	Gómez	Pérez	Female	60	MEDICAL_SERVICES	GAD Trainings	Week-long training	USAID - Regular program. Contact: main branch	11/09/2021
Laguna	Santa Rosa	Puting Lupa	853	Janna	Pérez	Reyes	Male	68	EDUCATIONAL_ASSISTANCE	Leadership Skills Training	Standard package	Red Cross - Special initiative. Contact: regional office	06/25/2023
Laguna	Calamba	Maunong	233	Janna	López	Santos	Female	33	OTHER_PROGRAM	Insurance	Standard package	UNICEF - Annual assistance. Contact: regional office	06/28/2022
Laguna	Pakil	Ulango	663	Miguel	Reyes	Gómez	Female	25	KALAHI	Medical Supplies	"PHP 5,000"	Community Organization - Special initiative	12/01/2021
Laguna	Liliw	Paciano Rizal	452	Pedro	López	Cruz	Female	78	OTHER_PROGRAM	Technical Skills Training	Basic assistance	Provincial Government - Special initiative. Contact: regional office	11/03/2024
Laguna	Luisiana	Palingon	277	Juan	Pérez	García	Male	50	DISASTER_RELIEF_ASSISTANCE	Voucher	Enhanced support	DSWD - Regular program. Contact: regional office	04/16/2023
Laguna	Magdalena	Punta	229	Juan	López	García	Female	27	DISASTER_RELIEF_ASSISTANCE	Food Items	Rice (10kg)	Local Government - Annual assistance	04/13/2025
Laguna	Nagcarlan	San Miguel	171	Ana	Carn	López	Male	51	DISASTER_RELIEF_ASSISTANCE	Vaccination	Basic assistance	Private Donor - Pilot program. Contact: main branch	06/19/2023
Laguna	Liliw	Milagrosa	735	Ana	López	Pérez	Male	36	SLP	Insurance	Standard package	Local Government - Annual assistance. Contact: regional office	12/02/2022
Laguna	Calauan	Súcol	213	Janna	Santos	Reyes	Male	31	SOCIAL_PENSION	Family Development Trainings	2-day workshop	Caritas - Special initiative. Contact: local coordinator	09/18/2024
Laguna	Paete	Barangay II (Poblacion)	282	Clara	Reyes	García	Female	20	MEDICAL_SERVICES	Agricultural and Fisheries	Basic assistance	DOH - Annual assistance. Contact: local coordinator	03/09/2024
Laguna	Lumban	Súcol	41	Janna	Pérez	Cruz	Male	72	EDUCATIONAL_ASSISTANCE	Surgical Procedures	Wheelchair	DOH - Special initiative. Contact: local coordinator	08/01/2024
Laguna	Biñan	Masili	122	Ana	Cruz	Reyes	Male	78	SLP	Food for Work	Level 1 support	DSWD - Annual assistance	09/28/2024
Laguna	Victoria	Palma	227	Pedro	Cruz	Galang	Female	73	SOCIAL_PENSION	Food Items	Food Pack	DepEd - Annual assistance. Contact: main branch	09/26/2021
Laguna	San Pablo	Sirang Lupa	294	Ana	Cruz	García	Male	58	EDUCATIONAL_ASSISTANCE	Alternative Learning System	Standard package	Red Cross - Special initiative	03/17/2023
Laguna	Liliw	Milagrosa	600	Janna	Pérez	Santos	Female	40	SLP	GAD Trainings	1-day seminar	Community Organization - Annual assistance. Contact: local coordinator	07/05/2021
Laguna	Victoria	San Gregorio	267	María	Santos	Cruz	Male	57	SLP	Technical Skills Training	Enhanced support	Caritas - Regular program	04/20/2021
Laguna	Mabitac	Súcol	541	Janna	López	Pérez	Female	28	MEDICAL_SERVICES	Parent Effectiveness Trainings	Level 1 support	Red Cross - Regular program. Contact: main branch	02/06/2023
Laguna	Calauan	Mapagong	759	María	Reyes	Pérez	Female	64	AICS	Dental Services	Basic assistance	World Vision - Emergency response	02/04/2021
Laguna	Biñan	Mapagong	828	María	García	Cruz	Female	23	PWD_ASSISTANCE	Agricultural and Fisheries	Enhanced support	Community Organization - Emergency response. Contact: regional office	05/30/2024
Laguna	Majayjay	San Miguel	451	Janna	García	García	Female	51	SUPPLEMENTAL_FEEDING	Vaccination	Enhanced support	Caritas - Emergency response. Contact: regional office	03/18/2025
Laguna	Cavinti	San Vicente	449	Clara	Pérez	Gómez	Female	18	DISASTER_RELIEF_ASSISTANCE	Cash for Work	Enhanced support	Caritas - Annual assistance. Contact: main branch	03/09/2023
Laguna	Pakil	San José	756	Clara	Carn	Gómez	Male	52	MEDICAL_SERVICES	Job Referral	Level 1 support	USAID - Emergency response. Contact: regional office	01/28/2024
Laguna	Mabitac	San Roque	61	James	Santos	López	Male	42	SUPPLEMENTAL_FEEDING	Activity Involvement/Advocacy	Level 1 support	DOH - Special initiative	09/23/2022
Laguna	Kalayaan	Ulango	502	Ana	Reyes	Galang	Male	46	KALAHI	Activity Involvement/Advocacy	Standard package	DSWD - Emergency response. Contact: regional office	01/10/2021
Laguna	Magdalena	San Gregorio	147	Clara	López	Santos	Male	40	PWD_ASSISTANCE	Voucher	Enhanced support	Local Government - Annual assistance. Contact: main branch	07/28/2021
Laguna	Pangil	Ulango	686	Juan	Cruz	Galang	Female	35	KALAHI	Transportation Allowance	Basic assistance	Red Cross - Regular program. Contact: local coordinator	02/07/2021
Laguna	Biñan	San Ildefonso	945	Janna	Santos	Galang	Female	31	AICS	Surgical Procedures	Medical Kit	Local Government - Regular program	04/04/2021
Laguna	Bay	San Ildefonso	790	María	Santos	García	Male	34	OTHER_PROGRAM	Alternative Learning System	Basic assistance	Red Cross - Pilot program	06/10/2024
Laguna	Santa Maria	Barangay III (Poblacion)	334	Janna	Reyes	Santos	Female	19	LIVELIHOOD_ASSISTANCE	Parent Effectiveness Trainings	Level 1 support	Caritas - Regular program	06/06/2023
Laguna	Bay	Lingga	881	Ana	Pérez	García	Male	48	SUPPLEMENTAL_FEEDING	Capital/Starter Kit	Basic assistance	DOH - Regular program. Contact: main branch	04/01/2024
Laguna	Biñan	San Ildefonso	953	Pedro	López	García	Female	36	PWD_ASSISTANCE	Vaccination	Basic assistance	DSWD - Special initiative. Contact: regional office	04/19/2023
Laguna	Paete	Ulango	891	Clara	Gómez	López	Female	49	SOCIAL_PENSION	Vaccination	Standard package	UNICEF - Pilot program. Contact: regional office	10/14/2022
Laguna	Mabitac	Paciano Rizal	142	Clara	Gómez	Cruz	Male	79	MEDICAL_SERVICES	Burial Assistance	Level 1 support	Caritas - Annual assistance. Contact: local coordinator	08/30/2021
Laguna	Pakil	Santo Tomás (Calabuso)	44	Clara	Pérez	Pérez	Male	71	MEDICAL_SERVICES	Skills Training	Computer Literacy	Caritas - Emergency response. Contact: local coordinator	11/13/2022
Laguna	Paete	San Ildefonso	144	María	Pérez	López	Female	45	KALAHI	Voucher	Level 1 support	Anonymous Donor - Pilot program. Contact: main branch	04/08/2021
Laguna	Liliw	Palma	865	Juan	Carn	Pérez	Male	58	OTHER_PROGRAM	Agricultural and Fisheries	Level 1 support	Caritas - Emergency response. Contact: main branch	11/07/2024
Laguna	San Pedro	Sirang Lupa	333	Miguel	Pérez	López	Male	25	LIVELIHOOD_ASSISTANCE	Tutorial Sessions	Standard package	Anonymous Donor - Pilot program	08/02/2022
Laguna	Bay	San Benito (Palita)	998	Juan	López	García	Male	59	DISASTER_RELIEF_ASSISTANCE	Equipment/School Materials	School Supplies Kit	UNICEF - Special initiative	08/05/2024
Laguna	San Pedro	Punta	497	Clara	Carn	López	Male	58	EDUCATIONAL_ASSISTANCE	Scholarship Grants	Enhanced support	Red Cross - Regular program	09/08/2022
Laguna	Siniloan	Mayapa	396	Juan	Gómez	Pérez	Female	76	SUPPLEMENTAL_FEEDING	Skills Training	Computer Literacy	DOH - Annual assistance. Contact: regional office	05/21/2021
Laguna	Pila	San Vicente	55	Pedro	Carn	López	Female	76	SOCIAL_PENSION	Family Development Trainings	1-day seminar	DOLE - Emergency response. Contact: main branch	07/22/2021
Laguna	Alaminos	Parian	307	Clara	Cruz	Reyes	Female	57	MEDICAL_SERVICES	Cash for Work	Standard package	World Vision - Annual assistance. Contact: local coordinator	02/20/2025
Laguna	Cabuyao	Masili	870	James	Cruz	Santos	Female	56	KALAHI	Mental Health Support	Basic assistance	Caritas - Emergency response. Contact: local coordinator	11/28/2024
Laguna	Mabitac	Masili	423	María	Gómez	Cruz	Male	39	OTHER_CAPABILITY_BUILDING_SUPPORT	Parent Effectiveness Trainings	Basic assistance	DOLE - Pilot program	02/21/2022
Laguna	Alaminos	Makiling	417	Pedro	Reyes	Pérez	Male	41	EDUCATIONAL_ASSISTANCE	Mental Health Support	Basic assistance	Caritas - Pilot program	03/13/2023
Laguna	Mabitac	Turbina	673	Miguel	Gómez	Santos	Male	55	SOCIAL_PENSION	Technical Skills Training	Enhanced support	UNICEF - Annual assistance. Contact: regional office	08/22/2024
Laguna	Majayjay	San Benito (Palita)	797	María	López	Cruz	Female	19	OTHER_PROGRAM	Equipment/School Materials	Uniform	Private Donor - Special initiative. Contact: main branch	08/04/2023
Laguna	Pila	Del Carmen	325	Miguel	Pérez	Gómez	Female	78	EDUCATIONAL_ASSISTANCE	Technical Skills Training	Level 1 support	Local Government - Special initiative	05/17/2021
Laguna	Mabitac	Mayapa	710	Clara	Carn	Reyes	Female	58	MEDICAL_SERVICES	Values Formation	2-day workshop	USAID - Annual assistance	02/14/2023
Laguna	Siniloan	San Ildefonso	671	Pedro	Reyes	García	Female	58	SUPPLEMENTAL_FEEDING	Dental Services	Level 1 support	World Vision - Regular program. Contact: local coordinator	06/24/2023
Laguna	Pakil	Saimsim	80	Clara	Carn	Gómez	Male	36	MEDICAL_SERVICES	Financial	"PHP 10,000"	DSWD - Regular program	09/10/2022
Laguna	Biñan	San Gregorio	31	Miguel	Santos	Pérez	Male	58	DISASTER_RELIEF_ASSISTANCE	Cash for Training	Enhanced support	Local Government - Emergency response	07/11/2023
Laguna	Biñan	Majada Labas	985	Miguel	García	Gómez	Male	19	DISASTER_RELIEF_ASSISTANCE	Surgical Procedures	Crutches	USAID - Special initiative. Contact: regional office	02/28/2024
Laguna	Kalayaan	Mayapa	112	Pedro	García	Cruz	Female	45	KALAHI	Honorarium	Level 1 support	DOLE - Regular program. Contact: main branch	09/17/2022
Laguna	Calauan	San Roque	558	Clara	Carn	Cruz	Female	49	PWD_ASSISTANCE	Medical Supplies	Crutches	DepEd - Regular program. Contact: main branch	04/14/2023
Laguna	San Pedro	Barangay IV (Poblacion)	865	James	Reyes	Cruz	Female	79	SOCIAL_PENSION	"Non-Food Items (Hygiene Kits, Clothes, Household Items)"	Enhanced support	DA - Annual assistance. Contact: local coordinator	02/14/2024
Laguna	Lumban	Majada Labas	717	María	Gómez	Reyes	Female	36	DISASTER_RELIEF_ASSISTANCE	"Non-Food Items (Hygiene Kits, Clothes, Household Items)"	Level 1 support	UNICEF - Annual assistance. Contact: local coordinator	05/18/2021
Laguna	Pangil	Mapagong	564	Pedro	Cruz	Gómez	Female	33	PWD_ASSISTANCE	Consultation/Medical Check-Up	"PHP 3,000"	USAID - Regular program	02/19/2022
Laguna	Bay	Timbao	650	James	López	Santos	Female	47	KALAHI	Consultation/Medical Check-Up	Wheelchair	Caritas - Pilot program. Contact: regional office	03/30/2024
Laguna	Famy	Palo-Alto	472	Janna	Carn	Reyes	Male	39	SUPPLEMENTAL_FEEDING	Insurance	Enhanced support	Community Organization - Annual assistance. Contact: local coordinator	09/12/2022
Laguna	Pangil	San Gregorio	74	Clara	Carn	Cruz	Female	31	OTHER_PROGRAM	Mental Health Support	Enhanced support	USAID - Emergency response. Contact: main branch	09/05/2021
Laguna	Bay	Santo Tomás (Calabuso)	553	Ana	López	López	Female	69	SOCIAL_PENSION	Values Formation	2-day workshop	UNICEF - Regular program	03/03/2024
Laguna	Cabuyao	Lingga	479	Pedro	Gómez	Cruz	Female	73	KALAHI	Values Formation	3-day conference	Local Government - Regular program. Contact: regional office	06/10/2022
Laguna	San Pedro	Calo	589	Juan	Pérez	López	Male	18	SUPPLEMENTAL_FEEDING	Food Assistance	Canned Goods (10 pcs)	DSWD - Annual assistance. Contact: regional office	07/18/2024
Laguna	Magdalena	San Miguel	387	James	Cruz	García	Male	62	EDUCATIONAL_ASSISTANCE	Tutorial Sessions	Basic assistance	Local Government - Special initiative. Contact: local coordinator	08/13/2021
Laguna	Cabuyao	Palingon	699	James	Carn	Reyes	Female	71	PWD_ASSISTANCE	Medical Assistance	"PHP 3,000"	Red Cross - Emergency response. Contact: main branch	02/19/2024
Laguna	Lumban	San Gregorio	882	Pedro	Santos	López	Male	19	KALAHI	Parent Effectiveness Trainings	Basic assistance	Private Donor - Pilot program. Contact: regional office	01/05/2023
Laguna	Santa Rosa	Timbao	564	Miguel	Cruz	Reyes	Male	39	PWD_ASSISTANCE	"Non-Food Items (Hygiene Kits, Clothes, Household Items)"	Enhanced support	Local Government - Annual assistance	12/22/2022
Laguna	Luisiana	Makiling	930	James	Santos	Galang	Male	63	KALAHI	Food Items	Rice (5kg)	DepEd - Annual assistance	04/08/2022
Laguna	Santa Rosa	Majada Labas	433	Janna	García	Santos	Female	50	SOCIAL_PENSION	Alternative Learning System	Basic assistance	USAID - Regular program. Contact: local coordinator	07/05/2023
Laguna	Lumban	Santo Domingo	412	James	López	Galang	Male	32	DISASTER_RELIEF_ASSISTANCE	Voucher	Basic assistance	World Vision - Pilot program. Contact: regional office	08/28/2021
Laguna	Mabitac	San Antonio	467	Ana	Cruz	López	Male	67	SLP	GAD Trainings	Week-long training	Private Donor - Regular program	01/21/2021
Laguna	Pakil	San Isidro	599	Ana	Pérez	Galang	Male	58	EDUCATIONAL_ASSISTANCE	Consultation/Medical Check-Up	Wheelchair	UNICEF - Special initiative. Contact: regional office	03/24/2022
Laguna	Paete	Milagrosa	621	Miguel	Cruz	Gómez	Female	39	EDUCATIONAL_ASSISTANCE	Voucher	Enhanced support	UNICEF - Special initiative. Contact: local coordinator	09/14/2024
Laguna	Siniloan	Palingon	992	Clara	Reyes	Pérez	Male	57	PWD_ASSISTANCE	Mental Health Support	Basic assistance	DOLE - Annual assistance. Contact: main branch	03/24/2022
Laguna	Santa Rosa	San Juan	909	Clara	Reyes	Santos	Female	56	OTHER_CAPABILITY_BUILDING_SUPPORT	Vaccination	Enhanced support	DA - Annual assistance. Contact: main branch	09/12/2021
Laguna	Calauan	Ulango	737	Miguel	López	López	Male	58	PWD_ASSISTANCE	Cash for Training	Standard package	DA - Emergency response. Contact: regional office	03/31/2024
Laguna	Siniloan	Turbina	994	Juan	Pérez	García	Female	58	DISASTER_RELIEF_ASSISTANCE	Voucher	Basic assistance	DepEd - Emergency response. Contact: local coordinator	10/30/2021
Laguna	Los Baños	Real	993	Janna	Cruz	Gómez	Female	28	DISASTER_RELIEF_ASSISTANCE	Dental Services	Enhanced support	Provincial Government - Pilot program. Contact: local coordinator	02/16/2023
Laguna	Victoria	San Miguel	248	Ana	Gómez	García	Female	21	DISASTER_RELIEF_ASSISTANCE	Food for Work	Standard package	DOH - Regular program	04/26/2024
Laguna	Bay	San Juan	581	Miguel	García	Santos	Female	24	SLP	Job Referral	Basic assistance	Caritas - Pilot program. Contact: main branch	09/16/2022
Laguna	Santa Rosa	Calo	120	Pedro	Pérez	Santos	Female	38	EDUCATIONAL_ASSISTANCE	Cash for Training	Basic assistance	Red Cross - Special initiative. Contact: local coordinator	11/20/2023
Laguna	Rizal	Barangay I (Poblacion)	67	María	Carn	López	Male	24	OTHER_PROGRAM	Medical Supplies	"PHP 3,000"	DA - Emergency response	12/30/2024
Laguna	Pagsanjan	San Antonio	573	María	López	Reyes	Male	21	AICS	Technical Skills Training	Standard package	Private Donor - Pilot program. Contact: local coordinator	08/31/2024
Laguna	Pagsanjan	Pansol	956	María	Gómez	Pérez	Male	29	MEDICAL_SERVICES	Transportation Allowance	Enhanced support	DSWD - Emergency response. Contact: main branch	06/06/2023
Laguna	Calamba	Mayapa	327	Clara	Pérez	López	Female	75	LIVELIHOOD_ASSISTANCE	"Non-Food Items (Hygiene Kits, Clothes, Household Items)"	Standard package	UNICEF - Regular program. Contact: local coordinator	01/23/2022
Laguna	Pagsanjan	Makiling	920	Pedro	López	Gómez	Female	44	OTHER_CAPABILITY_BUILDING_SUPPORT	Leadership Skills Training	Enhanced support	DSWD - Regular program. Contact: local coordinator	11/11/2022
Laguna	Bay	Barangay III (Poblacion)	703	James	Pérez	Reyes	Female	76	PWD_ASSISTANCE	Cash for Work	Standard package	Caritas - Annual assistance	04/25/2022
Laguna	Liliw	San Miguel	470	Pedro	Reyes	Reyes	Male	34	KALAHI	Dental Services	Standard package	DOLE - Pilot program	08/31/2022
Laguna	San Pedro	Pansol	493	James	García	Reyes	Female	37	SOCIAL_PENSION	Dental Services	Enhanced support	Private Donor - Annual assistance. Contact: local coordinator	05/15/2021
Laguna	Bay	Timbao	701	María	López	López	Female	48	LIVELIHOOD_ASSISTANCE	Capital/Starter Kit	Level 1 support	DOLE - Pilot program	11/28/2023
Laguna	Victoria	Barangay II (Poblacion)	663	Juan	García	Cruz	Female	78	LIVELIHOOD_ASSISTANCE	Transportation Allowance	Standard package	Anonymous Donor - Annual assistance. Contact: local coordinator	10/15/2021
Laguna	Los Baños	Barangay II (Poblacion)	286	Juan	López	Cruz	Female	43	OTHER_PROGRAM	Insurance	Enhanced support	World Vision - Pilot program	12/29/2023
Laguna	Paete	Santo Domingo	956	Miguel	Reyes	García	Male	48	OTHER_CAPABILITY_BUILDING_SUPPORT	Equipment/School Materials	Laptop	DOH - Emergency response. Contact: regional office	01/16/2023
Laguna	Siniloan	San Juan	914	James	Carn	Cruz	Female	52	DISASTER_RELIEF_ASSISTANCE	GAD Trainings	1-day seminar	DA - Annual assistance. Contact: regional office	12/27/2023
Laguna	San Pablo	Uwisan	608	María	Gómez	Cruz	Female	26	KALAHI	Medical Assistance	"PHP 3,000"	Local Government - Annual assistance. Contact: local coordinator	07/11/2021
Laguna	Magdalena	Punta	312	Pedro	Reyes	Reyes	Female	22	SLP	GAD Trainings	3-day conference	Local Government - Emergency response. Contact: main branch	02/18/2024
Laguna	Kalayaan	Palingon	309	Juan	López	Reyes	Female	69	KALAHI	Agricultural and Fisheries	Standard package	UNICEF - Special initiative. Contact: main branch	02/05/2022
Laguna	Rizal	Parian	775	James	García	Santos	Male	65	SOCIAL_PENSION	Cash for Work	Basic assistance	Provincial Government - Regular program. Contact: main branch	11/24/2024
Laguna	Pagsanjan	Masaya	97	Miguel	Santos	Reyes	Female	25	DISASTER_RELIEF_ASSISTANCE	Alternative Learning System	Basic assistance	Anonymous Donor - Special initiative. Contact: regional office	03/27/2025
Laguna	Kalayaan	Barangay II (Poblacion)	965	Pedro	Reyes	López	Male	38	AICS	Dental Services	Level 1 support	DepEd - Special initiative	06/28/2023
Laguna	Biñan	Puting Lupa	113	María	García	Santos	Male	33	OTHER_CAPABILITY_BUILDING_SUPPORT	Values Formation	Week-long training	UNICEF - Regular program. Contact: main branch	10/20/2022
Laguna	Pangil	Calo	988	Janna	Pérez	Pérez	Female	68	LIVELIHOOD_ASSISTANCE	Agricultural and Fisheries	Level 1 support	Local Government - Emergency response. Contact: local coordinator	11/04/2023
Laguna	Kalayaan	Masaya	637	María	Pérez	Santos	Female	33	SOCIAL_PENSION	Food Assistance	Food Pack	UNICEF - Regular program. Contact: local coordinator	04/19/2025
Laguna	Santa Rosa	Real	456	Clara	Reyes	Gómez	Male	35	DISASTER_RELIEF_ASSISTANCE	Voucher	Enhanced support	UNICEF - Pilot program. Contact: regional office	04/14/2022
Laguna	Victoria	Paciano Rizal	463	María	López	Cruz	Female	64	LIVELIHOOD_ASSISTANCE	Voucher	Enhanced support	DA - Emergency response. Contact: main branch	06/12/2023
Laguna	Mabitac	San Isidro	948	Miguel	Pérez	Gómez	Female	73	KALAHI	Burial Assistance	Basic assistance	Provincial Government - Emergency response. Contact: main branch	06/03/2021
Laguna	Pagsanjan	San Isidro	132	Pedro	García	Reyes	Male	45	SOCIAL_PENSION	Food Assistance	Rice (10kg)	Caritas - Special initiative. Contact: main branch	04/08/2024
Laguna	Cavinti	San Isidro	930	Miguel	Gómez	Cruz	Male	35	SUPPLEMENTAL_FEEDING	Cash for Training	Basic assistance	DOLE - Special initiative. Contact: main branch	08/15/2023
Laguna	Majayjay	Mayapa	965	Pedro	Carn	Reyes	Male	31	EDUCATIONAL_ASSISTANCE	GAD Trainings	2-day workshop	Private Donor - Emergency response	11/10/2022
Laguna	Majayjay	Majada Labas	929	Ana	García	Cruz	Male	73	LIVELIHOOD_ASSISTANCE	Scholarship Grants	Enhanced support	UNICEF - Annual assistance	11/10/2024
Laguna	Santa Rosa	Palo-Alto	121	Ana	Pérez	Pérez	Male	65	DISASTER_RELIEF_ASSISTANCE	Tutorial Sessions	Basic assistance	UNICEF - Regular program	11/28/2022
Laguna	Alaminos	San José	197	Pedro	Pérez	Cruz	Male	54	SLP	Mental Health Support	Standard package	DepEd - Annual assistance. Contact: regional office	11/02/2021
Laguna	Cabuyao	Maunong	806	Pedro	Cruz	Cruz	Female	57	OTHER_CAPABILITY_BUILDING_SUPPORT	Consultation/Medical Check-Up	"PHP 10,000"	Local Government - Regular program	09/03/2024
Laguna	Cabuyao	San Roque	482	Janna	Santos	López	Female	33	SUPPLEMENTAL_FEEDING	Cash for Training	Standard package	UNICEF - Regular program. Contact: main branch	12/20/2021
Laguna	Cavinti	Barangay IV (Poblacion)	634	Janna	López	Pérez	Female	38	MEDICAL_SERVICES	Job Referral	Basic assistance	Anonymous Donor - Special initiative. Contact: local coordinator	06/26/2023
Laguna	Famy	Del Carmen	794	María	García	Gómez	Female	18	KALAHI	Alternative Learning System	Basic assistance	World Vision - Annual assistance. Contact: regional office	05/19/2024
Laguna	Nagcarlan	Maunong	897	Miguel	Pérez	García	Female	77	OTHER_PROGRAM	Alternative Learning System	Enhanced support	Anonymous Donor - Special initiative. Contact: main branch	03/09/2023
Laguna	Calamba	Del Carmen	772	Clara	López	Pérez	Female	78	PWD_ASSISTANCE	Cash for Work	Basic assistance	Caritas - Pilot program. Contact: main branch	11/25/2022
Laguna	Cavinti	San Vicente	39	Miguel	Reyes	Cruz	Female	28	EDUCATIONAL_ASSISTANCE	Vaccination	Basic assistance	UNICEF - Special initiative. Contact: main branch	01/18/2025
Laguna	Santa Rosa	Barangay I (Poblacion)	566	Juan	Reyes	Galang	Female	79	MEDICAL_SERVICES	Job Fair	Level 1 support	Caritas - Annual assistance. Contact: main branch	05/04/2023
Laguna	Pakil	Barangay I (Poblacion)	512	Miguel	García	Galang	Female	28	SLP	Job Fair	Basic assistance	DepEd - Regular program. Contact: main branch	07/11/2021
Laguna	Siniloan	San Roque	474	Clara	Cruz	Galang	Male	19	SLP	Financial	"PHP 10,000"	DSWD - Emergency response. Contact: local coordinator	08/16/2022
Laguna	Pakil	Lingga	161	Janna	Pérez	López	Male	79	SOCIAL_PENSION	Food Assistance	Canned Goods (10 pcs)	DepEd - Pilot program. Contact: main branch	09/20/2024
Laguna	Cabuyao	Real	289	María	García	Santos	Female	49	SLP	Alternative Learning System	Enhanced support	Anonymous Donor - Annual assistance. Contact: local coordinator	06/24/2023
Laguna	Santa Rosa	Masili	200	Clara	Carn	Gómez	Female	71	OTHER_CAPABILITY_BUILDING_SUPPORT	Tutorial Sessions	Level 1 support	DepEd - Regular program. Contact: local coordinator	08/26/2023
Laguna	Calauan	Maunong	788	Miguel	Cruz	Cruz	Male	36	PWD_ASSISTANCE	Honorarium	Enhanced support	Anonymous Donor - Emergency response. Contact: main branch	10/17/2023
Laguna	Cavinti	Looc	528	James	Pérez	Pérez	Male	73	SOCIAL_PENSION	Leadership Skills Training	Level 1 support	Provincial Government - Regular program. Contact: local coordinator	06/17/2023
Laguna	Paete	Puting Lupa	917	Ana	Pérez	Galang	Male	22	EDUCATIONAL_ASSISTANCE	Transportation Allowance	Level 1 support	Local Government - Special initiative	03/27/2023
Laguna	Calamba	Punta	685	Clara	López	López	Female	20	KALAHI	Medical Supplies	"PHP 3,000"	Private Donor - Regular program. Contact: main branch	07/21/2022
Laguna	Pakil	Paciano Rizal	503	Juan	García	Santos	Male	45	KALAHI	Dental Services	Level 1 support	DepEd - Regular program	12/27/2023
Laguna	Victoria	Barangay III (Poblacion)	248	María	Pérez	Gómez	Male	43	KALAHI	Burial Assistance	Level 1 support	DOH - Special initiative	09/19/2022
Laguna	Siniloan	San Juan	383	Clara	López	Galang	Male	40	DISASTER_RELIEF_ASSISTANCE	Equipment/School Materials	Tablet	Provincial Government - Special initiative	04/22/2021
Laguna	Biñan	Mayapa	218	Pedro	Pérez	Reyes	Female	47	SLP	Job Fair	Standard package	Community Organization - Special initiative	11/02/2022
Laguna	Cavinti	San José	87	Miguel	Santos	García	Male	25	SOCIAL_PENSION	Cash for Training	Basic assistance	World Vision - Pilot program	02/05/2024
Laguna	Santa Maria	Ulango	82	James	Cruz	Cruz	Female	53	LIVELIHOOD_ASSISTANCE	Cash for Work	Basic assistance	Local Government - Annual assistance. Contact: local coordinator	01/26/2021
Laguna	Santa Rosa	Puting Lupa	62	Ana	García	García	Male	46	SOCIAL_PENSION	Equipment/School Materials	Tablet	DA - Pilot program. Contact: local coordinator	09/28/2023
Laguna	Pila	San Vicente	799	James	Santos	García	Male	30	OTHER_CAPABILITY_BUILDING_SUPPORT	Cash for Training	Standard package	Provincial Government - Special initiative. Contact: local coordinator	09/14/2022
Laguna	Mabitac	Turbina	500	María	García	Reyes	Female	76	SLP	Medical Assistance	Wheelchair	DepEd - Regular program. Contact: local coordinator	12/26/2023
Laguna	Cavinti	San Benito (Palita)	42	Miguel	Carn	Reyes	Male	42	AICS	Transportation Allowance	Basic assistance	Red Cross - Regular program. Contact: main branch	12/08/2024
Laguna	Calamba	San Roque	12	Janna	Reyes	Reyes	Male	39	AICS	Food Assistance	Canned Goods (10 pcs)	Red Cross - Pilot program. Contact: main branch	12/18/2022
Laguna	Siniloan	San Benito (Palita)	833	Ana	Gómez	Santos	Male	63	SUPPLEMENTAL_FEEDING	Voucher	Enhanced support	DOLE - Emergency response. Contact: local coordinator	09/05/2022
Laguna	Pila	Turbina	746	Miguel	López	Galang	Female	50	OTHER_PROGRAM	Activity Involvement/Advocacy	Enhanced support	UNICEF - Pilot program. Contact: main branch	03/04/2025
Laguna	Calamba	Palingon	841	James	García	Pérez	Female	54	SLP	Skills Training	Computer Literacy	DOH - Pilot program. Contact: local coordinator	10/22/2023
Laguna	Victoria	Real	643	Janna	Cruz	Cruz	Female	70	EDUCATIONAL_ASSISTANCE	Values Formation	2-day workshop	DOH - Special initiative. Contact: regional office	08/05/2022
Laguna	Rizal	Pansol	115	Juan	García	Reyes	Male	24	OTHER_CAPABILITY_BUILDING_SUPPORT	Leadership Skills Training	Enhanced support	Private Donor - Regular program. Contact: local coordinator	04/04/2022
Laguna	Bay	Puting Lupa	218	María	García	López	Female	40	SOCIAL_PENSION	Job Fair	Standard package	Community Organization - Regular program	01/04/2022
Laguna	Victoria	San Miguel	649	María	García	Gómez	Male	23	OTHER_PROGRAM	Equipment/School Materials	Uniform	Provincial Government - Annual assistance. Contact: main branch	12/28/2022
Laguna	Santa Maria	San Ildefonso	106	Ana	Gómez	Cruz	Male	32	PWD_ASSISTANCE	Medical Assistance	Crutches	Caritas - Pilot program. Contact: regional office	05/22/2021
Laguna	Pangil	San Roque	691	James	Pérez	Gómez	Male	32	SLP	"Non-Food Items (Hygiene Kits, Clothes, Household Items)"	Standard package	DOLE - Regular program	01/14/2021
Laguna	Pila	San José	528	Juan	García	Pérez	Male	57	MEDICAL_SERVICES	Consultation/Medical Check-Up	Wheelchair	Red Cross - Emergency response	01/31/2025
Laguna	Calauan	Uwisan	472	Pedro	Pérez	Cruz	Male	51	EDUCATIONAL_ASSISTANCE	Job Fair	Basic assistance	DepEd - Regular program. Contact: main branch	12/12/2022
Laguna	Magdalena	Makiling	754	Ana	Cruz	Cruz	Male	31	SOCIAL_PENSION	Technical Skills Training	Standard package	World Vision - Annual assistance	06/15/2022
Laguna	Pangil	Mayapa	846	Miguel	Cruz	Reyes	Male	46	OTHER_PROGRAM	Medical Assistance	Crutches	UNICEF - Annual assistance. Contact: local coordinator	12/04/2024
Laguna	Liliw	Barangay I (Poblacion)	893	Pedro	García	Reyes	Male	33	AICS	Job Fair	Standard package	World Vision - Regular program. Contact: main branch	04/07/2023
Laguna	Rizal	Palma	387	Ana	Pérez	Galang	Female	46	AICS	Technical Skills Training	Level 1 support	Red Cross - Pilot program	03/19/2024
Laguna	Santa Cruz	Barangay IV (Poblacion)	226	James	Reyes	Pérez	Female	40	OTHER_CAPABILITY_BUILDING_SUPPORT	Mental Health Support	Basic assistance	Red Cross - Regular program. Contact: local coordinator	04/11/2023
Laguna	San Pablo	San Roque	481	Juan	García	Reyes	Male	27	MEDICAL_SERVICES	Activity Involvement/Advocacy	Enhanced support	DSWD - Special initiative. Contact: regional office	09/18/2024
Laguna	Cavinti	Puting Lupa	754	James	López	Reyes	Female	64	EDUCATIONAL_ASSISTANCE	Cash for Work	Enhanced support	UNICEF - Special initiative. Contact: main branch	01/03/2024
Laguna	Calamba	Barangay IV (Poblacion)	408	María	López	Cruz	Female	72	OTHER_PROGRAM	Family Development Trainings	3-day conference	Caritas - Annual assistance. Contact: local coordinator	03/14/2022
Laguna	Alaminos	Parian	457	Pedro	Cruz	Galang	Female	21	OTHER_CAPABILITY_BUILDING_SUPPORT	Consultation/Medical Check-Up	"PHP 5,000"	DOH - Regular program	01/18/2022
Laguna	Lumban	Barangay III (Poblacion)	653	Janna	Gómez	García	Male	29	OTHER_PROGRAM	GAD Trainings	1-day seminar	Caritas - Regular program	07/04/2023
Laguna	Pangil	San Isidro	898	Clara	López	Reyes	Female	59	DISASTER_RELIEF_ASSISTANCE	Parent Effectiveness Trainings	Standard package	USAID - Emergency response	10/06/2024
Laguna	Santa Cruz	Del Carmen	711	Miguel	López	López	Male	51	EDUCATIONAL_ASSISTANCE	Parent Effectiveness Trainings	Enhanced support	Private Donor - Pilot program	07/13/2024
Laguna	Paete	Barangay I (Poblacion)	624	María	Carn	Reyes	Female	21	SUPPLEMENTAL_FEEDING	"Non-Food Items (Hygiene Kits, Clothes, Household Items)"	Level 1 support	DOH - Annual assistance	03/16/2023
Laguna	Lumban	San José	639	María	García	García	Female	37	OTHER_CAPABILITY_BUILDING_SUPPORT	Values Formation	3-day conference	DSWD - Annual assistance. Contact: main branch	08/31/2023
Laguna	Pangil	Turbina	21	Pedro	García	Cruz	Female	45	AICS	Transportation Allowance	Enhanced support	Community Organization - Emergency response. Contact: main branch	08/09/2023
Laguna	Pangil	Ulango	659	Miguel	García	Pérez	Male	45	SUPPLEMENTAL_FEEDING	Transportation Allowance	Enhanced support	USAID - Pilot program. Contact: regional office	02/09/2022
Laguna	Paete	Real	601	Ana	García	Galang	Male	23	SOCIAL_PENSION	Cash for Work	Level 1 support	Caritas - Special initiative. Contact: main branch	10/18/2023
Laguna	Calamba	Majada Labas	815	María	Santos	Cruz	Male	31	SUPPLEMENTAL_FEEDING	Food Items	Rice (10kg)	DOLE - Special initiative	06/05/2023
Laguna	Lumban	San Antonio	918	Clara	García	Pérez	Male	72	SUPPLEMENTAL_FEEDING	Cash for Training	Basic assistance	Community Organization - Pilot program. Contact: main branch	12/17/2024
Laguna	Cabuyao	Zapote	203	Juan	Gómez	Santos	Male	52	OTHER_CAPABILITY_BUILDING_SUPPORT	Activity Involvement/Advocacy	Level 1 support	USAID - Annual assistance. Contact: main branch	08/25/2023
Laguna	Nagcarlan	San Gregorio	417	María	Pérez	Reyes	Male	64	LIVELIHOOD_ASSISTANCE	Cash for Training	Basic assistance	UNICEF - Pilot program	03/20/2021
Laguna	Biñan	Masaya	416	Juan	Cruz	Pérez	Male	75	SUPPLEMENTAL_FEEDING	Financial	"PHP 5,000"	Community Organization - Annual assistance. Contact: main branch	11/05/2021
Laguna	Nagcarlan	Sirang Lupa	448	James	Pérez	López	Male	18	SUPPLEMENTAL_FEEDING	Surgical Procedures	"PHP 5,000"	Local Government - Annual assistance. Contact: main branch	12/28/2022
Laguna	Santa Rosa	San Andrés	512	Miguel	Gómez	Pérez	Male	36	OTHER_PROGRAM	Food Assistance	Basic Groceries	UNICEF - Regular program. Contact: main branch	11/23/2023
Laguna	Los Baños	Puting Lupa	85	Ana	Cruz	Santos	Female	74	EDUCATIONAL_ASSISTANCE	Tutorial Sessions	Basic assistance	Private Donor - Annual assistance. Contact: main branch	06/09/2023
Laguna	Pangil	Uwisan	167	Juan	Santos	Reyes	Female	18	AICS	Technical Skills Training	Level 1 support	USAID - Emergency response. Contact: local coordinator	12/22/2024
Laguna	Pakil	Uwisan	384	María	García	Santos	Male	30	OTHER_CAPABILITY_BUILDING_SUPPORT	Family Development Trainings	Week-long training	UNICEF - Pilot program. Contact: local coordinator	09/20/2024
Laguna	Rizal	Barangay III (Poblacion)	468	Ana	Reyes	García	Female	25	MEDICAL_SERVICES	Food for Work	Standard package	DSWD - Regular program. Contact: local coordinator	01/18/2025
Laguna	Pangil	Santo Domingo	72	Clara	Pérez	Reyes	Female	35	SUPPLEMENTAL_FEEDING	Alternative Learning System	Level 1 support	World Vision - Special initiative. Contact: regional office	12/14/2022
Laguna	Santa Cruz	San Vicente	810	Ana	García	López	Male	71	PWD_ASSISTANCE	Voucher	Level 1 support	USAID - Emergency response	08/09/2023
Laguna	Victoria	Lingga	997	Juan	Cruz	Reyes	Male	52	EDUCATIONAL_ASSISTANCE	Equipment/School Materials	Laptop	Red Cross - Pilot program. Contact: regional office	12/06/2024
Laguna	Cabuyao	Palo-Alto	521	Miguel	Pérez	Santos	Female	40	SLP	GAD Trainings	3-day conference	DA - Emergency response. Contact: local coordinator	04/15/2022
Laguna	Bay	Santo Tomás (Calabuso)	793	Juan	Carn	Gómez	Male	67	SLP	Cash for Training	Standard package	Local Government - Pilot program	03/19/2025
Laguna	Pakil	Del Carmen	473	Janna	López	Galang	Female	69	KALAHI	Food Assistance	Rice (10kg)	DepEd - Emergency response. Contact: local coordinator	07/19/2022
Laguna	Majayjay	Turbina	993	Janna	Carn	Santos	Male	43	MEDICAL_SERVICES	Food Items	Canned Goods (10 pcs)	Private Donor - Special initiative. Contact: regional office	07/27/2023
Laguna	Santa Rosa	Turbina	258	Ana	Reyes	Reyes	Female	58	OTHER_PROGRAM	Alternative Learning System	Enhanced support	World Vision - Pilot program. Contact: main branch	05/01/2021
Laguna	Paete	San Vicente	275	Pedro	García	Gómez	Male	55	MEDICAL_SERVICES	Mental Health Support	Basic assistance	DOH - Annual assistance. Contact: local coordinator	05/30/2021
Laguna	Famy	Sirang Lupa	750	Miguel	Santos	Reyes	Female	37	MEDICAL_SERVICES	Capital/Starter Kit	Basic assistance	Provincial Government - Annual assistance. Contact: local coordinator	06/02/2021
Laguna	Biñan	Barangay IV (Poblacion)	20	Pedro	García	Pérez	Female	19	MEDICAL_SERVICES	Leadership Skills Training	Level 1 support	UNICEF - Regular program	10/01/2023
Laguna	Kalayaan	Santa Rosa	490	Janna	Reyes	Gómez	Female	43	PWD_ASSISTANCE	Medical Supplies	"PHP 3,000"	DSWD - Emergency response. Contact: regional office	07/03/2024
Laguna	Siniloan	San Isidro	745	María	Reyes	Galang	Female	79	EDUCATIONAL_ASSISTANCE	Consultation/Medical Check-Up	Crutches	Anonymous Donor - Emergency response. Contact: local coordinator	07/28/2022
Laguna	Pakil	Milagrosa	490	James	López	Cruz	Male	74	MEDICAL_SERVICES	Vaccination	Level 1 support	Community Organization - Regular program. Contact: local coordinator	12/23/2023
Laguna	Siniloan	Makiling	733	Ana	Reyes	Galang	Female	53	SOCIAL_PENSION	Insurance	Standard package	DSWD - Emergency response. Contact: main branch	08/09/2024
Laguna	Calauan	Majada Labas	326	James	Carn	Cruz	Male	42	LIVELIHOOD_ASSISTANCE	Voucher	Standard package	UNICEF - Annual assistance	03/09/2021
Laguna	Liliw	San Isidro	529	Janna	López	López	Female	47	DISASTER_RELIEF_ASSISTANCE	Financial	"PHP 3,000"	DOH - Regular program	08/13/2021
Laguna	Pangil	San Agustín (Antipolo)	892	Juan	García	Reyes	Male	35	AICS	Skills Training	Plumbing	Local Government - Emergency response	04/27/2023
Laguna	Liliw	Santo Domingo	89	Clara	Pérez	Pérez	Female	24	SOCIAL_PENSION	Consultation/Medical Check-Up	"PHP 5,000"	Local Government - Emergency response. Contact: regional office	01/17/2025
Laguna	Lumban	Majada Labas	486	Ana	García	Gómez	Male	44	SUPPLEMENTAL_FEEDING	Burial Assistance	Level 1 support	World Vision - Regular program. Contact: local coordinator	07/12/2022
Laguna	Nagcarlan	Uwisan	708	Janna	Santos	García	Female	28	OTHER_PROGRAM	Consultation/Medical Check-Up	"PHP 5,000"	UNICEF - Annual assistance. Contact: local coordinator	08/06/2024
Laguna	Kalayaan	Punta	350	Miguel	Reyes	García	Female	54	DISASTER_RELIEF_ASSISTANCE	Food Items	Basic Groceries	Community Organization - Annual assistance. Contact: regional office	05/26/2023
Laguna	Nagcarlan	Puting Lupa	84	María	Reyes	Santos	Male	25	OTHER_CAPABILITY_BUILDING_SUPPORT	Insurance	Standard package	DOLE - Regular program	09/04/2021
Laguna	San Pablo	Mayapa	387	Clara	Cruz	Galang	Female	28	EDUCATIONAL_ASSISTANCE	Food for Work	Enhanced support	Caritas - Annual assistance. Contact: local coordinator	09/01/2024
Laguna	Kalayaan	Del Carmen	87	Ana	López	Gómez	Female	79	DISASTER_RELIEF_ASSISTANCE	Capital/Starter Kit	Standard package	DOLE - Regular program. Contact: local coordinator	06/28/2023
Laguna	Kalayaan	Mapagong	307	Ana	Cruz	Galang	Female	41	SUPPLEMENTAL_FEEDING	Agricultural and Fisheries	Level 1 support	DepEd - Annual assistance. Contact: regional office	10/19/2021
Laguna	Alaminos	Makiling	850	Miguel	López	Gómez	Female	47	SUPPLEMENTAL_FEEDING	Tutorial Sessions	Standard package	DOLE - Special initiative. Contact: regional office	02/12/2025
Laguna	Bay	Súcol	154	Pedro	Carn	García	Male	47	SOCIAL_PENSION	Medical Supplies	"PHP 3,000"	DSWD - Emergency response. Contact: main branch	08/02/2021
Laguna	Santa Rosa	San Roque	440	Juan	López	Cruz	Female	69	AICS	Activity Involvement/Advocacy	Standard package	World Vision - Pilot program. Contact: local coordinator	02/07/2023
Laguna	Majayjay	San Miguel	740	Ana	García	Galang	Male	78	SOCIAL_PENSION	Voucher	Standard package	USAID - Pilot program	08/28/2022
Laguna	Siniloan	Palo-Alto	960	Juan	Santos	Cruz	Male	69	MEDICAL_SERVICES	Surgical Procedures	Medical Kit	Community Organization - Special initiative. Contact: local coordinator	08/29/2023
Laguna	Alaminos	San Gregorio	264	Janna	Pérez	Cruz	Male	32	OTHER_CAPABILITY_BUILDING_SUPPORT	Values Formation	2-day workshop	DA - Special initiative. Contact: regional office	03/22/2025
Laguna	Liliw	San José	977	María	López	Cruz	Male	73	KALAHI	Agricultural and Fisheries	Level 1 support	Red Cross - Regular program	05/01/2024
Laguna	Paete	Timbao	735	Clara	López	Cruz	Female	52	OTHER_PROGRAM	Mental Health Support	Enhanced support	DepEd - Special initiative. Contact: local coordinator	10/08/2023
Laguna	Santa Cruz	San Ildefonso	421	Clara	López	Pérez	Female	56	KALAHI	Burial Assistance	Enhanced support	DA - Pilot program. Contact: main branch	12/28/2024
Laguna	Santa Rosa	San José	493	María	Santos	Santos	Male	41	AICS	Parent Effectiveness Trainings	Standard package	Private Donor - Pilot program. Contact: local coordinator	03/15/2021
Laguna	Famy	San Isidro	633	Ana	Reyes	Santos	Female	25	EDUCATIONAL_ASSISTANCE	Activity Involvement/Advocacy	Standard package	UNICEF - Regular program. Contact: main branch	01/03/2024
Laguna	Pangil	Palma	993	Ana	Santos	Pérez	Female	60	EDUCATIONAL_ASSISTANCE	Leadership Skills Training	Basic assistance	Anonymous Donor - Special initiative	09/17/2022
Laguna	Santa Rosa	Santa Rosa	411	Janna	Gómez	García	Male	59	LIVELIHOOD_ASSISTANCE	Mental Health Support	Standard package	DOLE - Regular program. Contact: local coordinator	10/26/2022
Laguna	Los Baños	Saimsim	173	Pedro	Gómez	Gómez	Male	37	AICS	Values Formation	1-day seminar	Red Cross - Annual assistance	07/10/2024
Laguna	Rizal	Mayapa	4	Pedro	Gómez	Santos	Male	58	SLP	Job Fair	Level 1 support	DA - Regular program. Contact: main branch	01/15/2024
Laguna	Bay	Milagrosa	854	Pedro	Reyes	Gómez	Female	64	AICS	Agricultural and Fisheries	Standard package	DOH - Pilot program	02/27/2021
Laguna	Famy	Ulango	640	Juan	Gómez	López	Male	43	EDUCATIONAL_ASSISTANCE	Medical Assistance	Wheelchair	DepEd - Annual assistance. Contact: main branch	12/27/2022
Laguna	Santa Maria	Del Carmen	986	Pedro	Pérez	Pérez	Male	69	KALAHI	Capital/Starter Kit	Basic assistance	Caritas - Special initiative. Contact: main branch	12/11/2024
Laguna	Pila	San Antonio	992	María	García	Galang	Female	41	DISASTER_RELIEF_ASSISTANCE	Capital/Starter Kit	Basic assistance	DepEd - Pilot program. Contact: main branch	07/28/2024
Laguna	Famy	Majada Labas	472	Clara	Santos	López	Female	39	EDUCATIONAL_ASSISTANCE	Job Referral	Enhanced support	Community Organization - Regular program. Contact: regional office	07/27/2021
Laguna	Nagcarlan	Barangay III (Poblacion)	110	Clara	Reyes	Pérez	Female	22	DISASTER_RELIEF_ASSISTANCE	Medical Assistance	Wheelchair	Red Cross - Emergency response	03/12/2024
Laguna	Magdalena	Palingon	867	Juan	García	Santos	Female	32	SUPPLEMENTAL_FEEDING	Parent Effectiveness Trainings	Level 1 support	DA - Emergency response. Contact: regional office	02/17/2022
Laguna	Nagcarlan	Del Carmen	37	Janna	García	Galang	Female	53	SUPPLEMENTAL_FEEDING	Capital/Starter Kit	Enhanced support	Red Cross - Regular program	12/12/2023
Laguna	Santa Rosa	Uwisan	992	María	Reyes	Gómez	Female	54	OTHER_PROGRAM	Consultation/Medical Check-Up	Medical Kit	UNICEF - Special initiative. Contact: main branch	11/07/2023
Laguna	Rizal	Del Carmen	583	Clara	Gómez	Galang	Female	46	MEDICAL_SERVICES	Equipment/School Materials	Uniform	World Vision - Annual assistance. Contact: regional office	12/31/2022
Laguna	San Pablo	Lingga	801	María	Reyes	Gómez	Female	32	KALAHI	Burial Assistance	Basic assistance	Red Cross - Annual assistance. Contact: local coordinator	01/10/2023
Laguna	Lumban	San Antonio	31	Clara	Carn	Cruz	Male	44	KALAHI	Alternative Learning System	Standard package	Anonymous Donor - Pilot program. Contact: main branch	03/15/2023
Laguna	Pagsanjan	San Juan	951	James	García	García	Female	66	OTHER_CAPABILITY_BUILDING_SUPPORT	Parent Effectiveness Trainings	Basic assistance	Local Government - Annual assistance	02/23/2022
Laguna	Calamba	Saimsim	381	Janna	Reyes	Cruz	Male	72	OTHER_PROGRAM	Job Fair	Level 1 support	Provincial Government - Pilot program. Contact: regional office	12/18/2024
Laguna	Luisiana	Parian	268	Janna	García	Pérez	Female	25	AICS	Financial	"PHP 5,000"	Private Donor - Annual assistance	07/08/2023
Laguna	Alaminos	Zapote	11	Miguel	Gómez	Cruz	Female	77	KALAHI	Medical Supplies	Wheelchair	DSWD - Regular program	07/20/2021
Laguna	Rizal	San Juan	344	James	Santos	López	Male	74	SOCIAL_PENSION	Leadership Skills Training	Basic assistance	DOLE - Pilot program. Contact: main branch	12/12/2024
Laguna	Calamba	Looc	840	Juan	Pérez	Gómez	Female	46	KALAHI	Burial Assistance	Level 1 support	Caritas - Annual assistance. Contact: regional office	01/05/2025
Laguna	Famy	Del Carmen	544	Clara	Cruz	Gómez	Male	36	KALAHI	Honorarium	Standard package	DSWD - Pilot program. Contact: local coordinator	03/06/2025
Laguna	Lumban	Paciano Rizal	569	Miguel	Gómez	Santos	Female	48	DISASTER_RELIEF_ASSISTANCE	Leadership Skills Training	Standard package	Local Government - Annual assistance. Contact: regional office	01/11/2024
Laguna	Famy	Casile	166	Clara	Cruz	Gómez	Male	26	SLP	Food Items	Rice (5kg)	DOH - Regular program. Contact: main branch	03/21/2021
Laguna	San Pedro	Real	700	Clara	López	López	Male	27	OTHER_PROGRAM	Job Referral	Standard package	Community Organization - Regular program. Contact: local coordinator	07/08/2021
Laguna	Rizal	San Miguel	342	Pedro	Reyes	Santos	Female	54	SUPPLEMENTAL_FEEDING	Burial Assistance	Level 1 support	Private Donor - Special initiative	02/12/2025
Laguna	Los Baños	San José	482	Pedro	Reyes	López	Male	27	SOCIAL_PENSION	Medical Supplies	"PHP 5,000"	World Vision - Annual assistance. Contact: regional office	03/25/2024
Laguna	Alaminos	Barangay IV (Poblacion)	19	Pedro	Gómez	Galang	Male	71	MEDICAL_SERVICES	Transportation Allowance	Level 1 support	Caritas - Annual assistance. Contact: regional office	04/08/2023
Laguna	Lumban	Saimsim	628	Pedro	García	Santos	Female	50	OTHER_CAPABILITY_BUILDING_SUPPORT	Capital/Starter Kit	Level 1 support	World Vision - Special initiative. Contact: regional office	03/29/2024
Laguna	Pagsanjan	Barangay IV (Poblacion)	980	Pedro	Gómez	Gómez	Female	42	SOCIAL_PENSION	Burial Assistance	Basic assistance	World Vision - Annual assistance. Contact: regional office	01/24/2023
Laguna	San Pablo	Saimsim	184	James	López	Santos	Male	74	OTHER_PROGRAM	Agricultural and Fisheries	Basic assistance	Anonymous Donor - Annual assistance	04/06/2023
Laguna	Biñan	San Ildefonso	782	Janna	Gómez	López	Female	71	EDUCATIONAL_ASSISTANCE	Surgical Procedures	Wheelchair	Private Donor - Regular program. Contact: main branch	12/04/2023
Laguna	San Pablo	Mayapa	545	Juan	Reyes	Reyes	Male	73	LIVELIHOOD_ASSISTANCE	Scholarship Grants	Enhanced support	DOH - Pilot program. Contact: main branch	03/31/2024
Laguna	Nagcarlan	San José	10	María	Gómez	Galang	Male	21	SOCIAL_PENSION	Vaccination	Enhanced support	DOH - Emergency response	05/25/2022
Laguna	Calamba	San Cristóbal	592	Pedro	García	Pérez	Male	70	OTHER_PROGRAM	Scholarship Grants	Standard package	World Vision - Pilot program. Contact: local coordinator	03/17/2025
Laguna	Pakil	Barangay I (Poblacion)	192	James	Reyes	Gómez	Female	22	PWD_ASSISTANCE	Values Formation	Week-long training	DOH - Emergency response. Contact: local coordinator	11/26/2022
Laguna	Pangil	San Gregorio	320	Miguel	García	Galang	Female	40	MEDICAL_SERVICES	Values Formation	1-day seminar	DOLE - Annual assistance. Contact: regional office	05/16/2024
Laguna	Famy	San Gregorio	702	Miguel	Gómez	Gómez	Male	56	PWD_ASSISTANCE	Food Assistance	Basic Groceries	DOH - Emergency response. Contact: regional office	01/26/2024
Laguna	Santa Cruz	San Juan	580	Clara	Reyes	Pérez	Male	72	OTHER_CAPABILITY_BUILDING_SUPPORT	Agricultural and Fisheries	Standard package	DSWD - Annual assistance. Contact: main branch	01/21/2021
Laguna	Mabitac	Barangay IV (Poblacion)	475	Juan	Carn	Reyes	Male	22	OTHER_CAPABILITY_BUILDING_SUPPORT	Food Assistance	Rice (10kg)	Provincial Government - Special initiative	10/10/2024
Laguna	Cabuyao	Masili	860	Miguel	Pérez	López	Female	69	SOCIAL_PENSION	Food for Work	Basic assistance	Private Donor - Pilot program. Contact: regional office	03/09/2025
Laguna	Los Baños	Santa Rosa	637	Juan	García	López	Male	25	SLP	Job Fair	Enhanced support	USAID - Special initiative. Contact: regional office	11/28/2024
Laguna	Pakil	Calo	427	Juan	Pérez	Galang	Female	34	SOCIAL_PENSION	Agricultural and Fisheries	Enhanced support	Anonymous Donor - Special initiative	05/31/2024
Laguna	Magdalena	Casile	848	James	Carn	López	Male	18	SLP	Food for Work	Standard package	UNICEF - Annual assistance. Contact: main branch	02/04/2022
Laguna	Pagsanjan	Ulango	59	María	Carn	García	Male	71	DISASTER_RELIEF_ASSISTANCE	Activity Involvement/Advocacy	Standard package	Red Cross - Regular program. Contact: main branch	01/25/2025
Laguna	Cavinti	San Miguel	436	Pedro	Carn	García	Male	67	EDUCATIONAL_ASSISTANCE	Dental Services	Standard package	Provincial Government - Regular program. Contact: regional office	07/14/2022
Laguna	Pagsanjan	Palingon	97	Juan	Carn	Gómez	Male	29	OTHER_PROGRAM	Technical Skills Training	Standard package	USAID - Pilot program	11/22/2023
Laguna	Santa Rosa	San Andrés	496	James	Santos	Pérez	Female	52	OTHER_CAPABILITY_BUILDING_SUPPORT	Skills Training	Hairdressing	DA - Pilot program	05/04/2022
Laguna	Pagsanjan	Barangay III (Poblacion)	787	Clara	Pérez	Reyes	Female	69	OTHER_CAPABILITY_BUILDING_SUPPORT	Capital/Starter Kit	Enhanced support	DepEd - Emergency response. Contact: main branch	10/15/2021
Laguna	Los Baños	San Isidro	661	Janna	Gómez	Gómez	Female	31	KALAHI	Family Development Trainings	2-day workshop	Caritas - Pilot program. Contact: main branch	12/31/2024
Laguna	Santa Cruz	Masili	278	Clara	López	Santos	Female	65	OTHER_CAPABILITY_BUILDING_SUPPORT	Vaccination	Basic assistance	DA - Annual assistance. Contact: regional office	11/04/2024
Laguna	Calamba	Punta	265	James	Gómez	Gómez	Female	35	OTHER_CAPABILITY_BUILDING_SUPPORT	Consultation/Medical Check-Up	"PHP 3,000"	DSWD - Regular program	03/13/2022
Laguna	Calamba	Santo Domingo	9	James	Gómez	García	Male	27	SUPPLEMENTAL_FEEDING	Technical Skills Training	Enhanced support	World Vision - Regular program	05/10/2021
Laguna	Victoria	Del Carmen	457	James	Pérez	Gómez	Female	72	SLP	Alternative Learning System	Level 1 support	Anonymous Donor - Annual assistance. Contact: local coordinator	03/17/2022
Laguna	Pila	Sirang Lupa	795	Juan	Gómez	Pérez	Female	32	SLP	Insurance	Level 1 support	Anonymous Donor - Special initiative	02/25/2025
Laguna	Famy	Barangay III (Poblacion)	273	James	Cruz	Gómez	Female	59	SUPPLEMENTAL_FEEDING	Leadership Skills Training	Standard package	DA - Emergency response. Contact: regional office	03/01/2023
Laguna	Liliw	Santa Rosa	940	Janna	Santos	López	Female	50	SUPPLEMENTAL_FEEDING	Skills Training	Computer Literacy	DepEd - Regular program. Contact: main branch	09/24/2023
Laguna	Calauan	San Roque	813	Juan	Gómez	Reyes	Male	36	MEDICAL_SERVICES	Insurance	Basic assistance	Local Government - Special initiative	06/22/2024
Laguna	Magdalena	Barangay III (Poblacion)	8	Clara	Reyes	Pérez	Male	51	LIVELIHOOD_ASSISTANCE	Medical Assistance	Wheelchair	Caritas - Special initiative	12/12/2023
Laguna	Majayjay	San Cristóbal	208	Janna	Gómez	Pérez	Male	62	AICS	Capital/Starter Kit	Enhanced support	DOH - Regular program. Contact: local coordinator	12/22/2022
Laguna	Santa Rosa	Maunong	914	Miguel	Reyes	García	Female	42	KALAHI	Food Items	Rice (5kg)	USAID - Annual assistance	05/14/2023
Laguna	Nagcarlan	San José	637	Ana	López	Cruz	Male	33	SUPPLEMENTAL_FEEDING	Alternative Learning System	Standard package	Anonymous Donor - Special initiative. Contact: main branch	08/18/2021
Laguna	Famy	San José	123	Clara	Cruz	Reyes	Male	25	DISASTER_RELIEF_ASSISTANCE	Financial	"PHP 3,000"	DepEd - Annual assistance. Contact: regional office	04/10/2022
Laguna	Famy	Zapote	33	James	Cruz	Galang	Female	52	EDUCATIONAL_ASSISTANCE	Skills Training	Cooking	Red Cross - Emergency response. Contact: regional office	07/05/2021
Laguna	San Pedro	San Benito (Palita)	513	Pedro	Cruz	Pérez	Female	38	LIVELIHOOD_ASSISTANCE	Medical Supplies	"PHP 3,000"	DOH - Pilot program. Contact: local coordinator	06/11/2021
Laguna	Kalayaan	Barangay IV (Poblacion)	204	Pedro	Carn	García	Female	36	OTHER_CAPABILITY_BUILDING_SUPPORT	Tutorial Sessions	Standard package	USAID - Emergency response. Contact: local coordinator	05/07/2024
Laguna	Bay	San Ildefonso	518	Juan	Santos	Galang	Male	63	KALAHI	Cash for Training	Basic assistance	USAID - Pilot program. Contact: main branch	02/05/2022
Laguna	Magdalena	Saimsim	809	Pedro	Gómez	Reyes	Female	28	AICS	Tutorial Sessions	Basic assistance	Provincial Government - Pilot program. Contact: local coordinator	02/04/2025
Laguna	Paete	Lingga	951	Clara	Reyes	García	Male	78	AICS	Tutorial Sessions	Standard package	DA - Emergency response. Contact: regional office	01/19/2025
Laguna	Biñan	Zapote	517	Juan	Santos	Galang	Male	61	MEDICAL_SERVICES	Activity Involvement/Advocacy	Level 1 support	World Vision - Regular program. Contact: local coordinator	03/02/2023
Laguna	Nagcarlan	Maunong	443	Clara	Santos	Gómez	Male	28	DISASTER_RELIEF_ASSISTANCE	Cash for Work	Standard package	Anonymous Donor - Annual assistance	10/12/2023
Laguna	Cabuyao	San Ildefonso	592	James	Santos	Santos	Male	77	AICS	Scholarship Grants	Basic assistance	Red Cross - Emergency response. Contact: regional office	06/29/2022
Laguna	Victoria	Paciano Rizal	786	María	Cruz	Pérez	Male	28	PWD_ASSISTANCE	Food Assistance	Canned Goods (10 pcs)	Anonymous Donor - Annual assistance	02/17/2022
Laguna	Cabuyao	San Cristóbal	689	María	López	Santos	Female	39	OTHER_PROGRAM	Cash for Training	Standard package	Anonymous Donor - Regular program. Contact: regional office	06/15/2022
Laguna	Mabitac	Lingga	850	Janna	López	Cruz	Male	38	OTHER_CAPABILITY_BUILDING_SUPPORT	Vaccination	Enhanced support	Private Donor - Special initiative. Contact: local coordinator	02/19/2024
Laguna	Kalayaan	Barangay II (Poblacion)	833	James	Cruz	López	Male	44	PWD_ASSISTANCE	Food Items	Canned Goods (10 pcs)	DepEd - Pilot program. Contact: main branch	03/10/2021
Laguna	Kalayaan	Calo	339	Pedro	Reyes	Reyes	Male	35	AICS	Equipment/School Materials	Tablet	DOH - Emergency response	10/20/2021
Laguna	San Pedro	Maunong	438	James	Reyes	López	Male	79	AICS	Voucher	Basic assistance	UNICEF - Pilot program	09/27/2022
Laguna	Santa Cruz	San Juan	445	Ana	Reyes	López	Male	59	KALAHI	Financial	"PHP 10,000"	World Vision - Annual assistance	12/04/2024
Laguna	Rizal	San José	136	María	Gómez	Galang	Female	65	AICS	Financial	"PHP 2,000"	World Vision - Special initiative	07/27/2024
Laguna	Victoria	Palo-Alto	387	Pedro	López	Cruz	Male	57	MEDICAL_SERVICES	Scholarship Grants	Level 1 support	World Vision - Regular program. Contact: local coordinator	07/20/2022
Laguna	Paete	San Juan	25	Clara	Gómez	Reyes	Male	55	PWD_ASSISTANCE	Financial	"PHP 10,000"	UNICEF - Pilot program. Contact: regional office	06/17/2022
Laguna	Liliw	San Gregorio	506	Clara	López	Santos	Male	47	SUPPLEMENTAL_FEEDING	Financial	"PHP 3,000"	DepEd - Special initiative	10/12/2022
Laguna	Pangil	Majada Labas	325	María	Santos	López	Male	68	SUPPLEMENTAL_FEEDING	Capital/Starter Kit	Enhanced support	DSWD - Annual assistance. Contact: local coordinator	07/08/2022
Laguna	Cabuyao	Zapote	695	James	Cruz	Galang	Female	62	KALAHI	Voucher	Enhanced support	World Vision - Annual assistance	08/11/2023
Laguna	Luisiana	Milagrosa	680	Pedro	Carn	López	Male	64	SUPPLEMENTAL_FEEDING	Leadership Skills Training	Level 1 support	Red Cross - Regular program. Contact: main branch	01/28/2023
Laguna	Santa Maria	San Ildefonso	979	Janna	Santos	García	Male	62	EDUCATIONAL_ASSISTANCE	Mental Health Support	Level 1 support	DOH - Special initiative. Contact: main branch	12/13/2024
Laguna	Famy	Palma	338	Clara	García	Santos	Male	50	DISASTER_RELIEF_ASSISTANCE	Consultation/Medical Check-Up	Wheelchair	Local Government - Pilot program. Contact: main branch	01/28/2021
Laguna	Bay	San José	690	James	Gómez	López	Male	38	PWD_ASSISTANCE	Activity Involvement/Advocacy	Level 1 support	USAID - Regular program. Contact: main branch	11/20/2024
Laguna	Pila	Majada Labas	885	Janna	López	García	Female	77	OTHER_PROGRAM	Food for Work	Enhanced support	World Vision - Emergency response. Contact: main branch	07/24/2022
Laguna	Lumban	Mayapa	95	Miguel	Santos	García	Female	76	SUPPLEMENTAL_FEEDING	Food Assistance	Canned Goods (10 pcs)	Caritas - Emergency response. Contact: regional office	10/01/2022
Laguna	Pangil	Maunong	545	Pedro	Cruz	Galang	Female	19	OTHER_CAPABILITY_BUILDING_SUPPORT	"Non-Food Items (Hygiene Kits, Clothes, Household Items)"	Level 1 support	USAID - Regular program. Contact: local coordinator	03/04/2022
Laguna	Majayjay	Punta	623	María	García	Galang	Male	30	PWD_ASSISTANCE	Dental Services	Level 1 support	Provincial Government - Regular program. Contact: main branch	02/14/2023
Laguna	Santa Rosa	Punta	146	Miguel	Pérez	García	Female	19	KALAHI	Food Items	Food Pack	Local Government - Emergency response	03/13/2024
Laguna	Bay	San José	893	Ana	Gómez	Cruz	Female	74	DISASTER_RELIEF_ASSISTANCE	Job Fair	Basic assistance	Local Government - Annual assistance. Contact: local coordinator	09/07/2023
Laguna	Los Baños	Barangay IV (Poblacion)	953	Miguel	Santos	López	Female	60	AICS	Vaccination	Standard package	Caritas - Special initiative	01/22/2024
Laguna	Liliw	Palma	231	Juan	Cruz	García	Female	62	SOCIAL_PENSION	Burial Assistance	Basic assistance	World Vision - Regular program. Contact: regional office	02/04/2021
Laguna	Magdalena	Masili	784	María	Cruz	García	Female	48	MEDICAL_SERVICES	Transportation Allowance	Enhanced support	Caritas - Special initiative. Contact: regional office	02/02/2025
Laguna	Nagcarlan	Mapagong	848	Janna	López	Galang	Male	27	SUPPLEMENTAL_FEEDING	Transportation Allowance	Enhanced support	DSWD - Emergency response. Contact: main branch	06/10/2022
Laguna	Famy	San Roque	495	James	Carn	López	Female	40	OTHER_CAPABILITY_BUILDING_SUPPORT	Equipment/School Materials	Uniform	Community Organization - Special initiative. Contact: local coordinator	08/31/2024
Laguna	Paete	Real	38	Miguel	Santos	Reyes	Female	39	DISASTER_RELIEF_ASSISTANCE	Values Formation	1-day seminar	DOH - Emergency response. Contact: local coordinator	02/16/2025
Laguna	Rizal	Barangay IV (Poblacion)	425	Clara	Cruz	Santos	Female	64	SUPPLEMENTAL_FEEDING	Family Development Trainings	1-day seminar	Local Government - Special initiative	04/10/2023
Laguna	Kalayaan	Punta	647	Pedro	Gómez	Galang	Male	46	OTHER_CAPABILITY_BUILDING_SUPPORT	Alternative Learning System	Basic assistance	Caritas - Special initiative. Contact: regional office	01/11/2022
Laguna	San Pedro	Del Carmen	846	Miguel	Reyes	López	Male	50	MEDICAL_SERVICES	Medical Assistance	"PHP 3,000"	Community Organization - Pilot program. Contact: regional office	04/14/2023
Laguna	Famy	San Gregorio	747	María	Cruz	López	Female	48	OTHER_CAPABILITY_BUILDING_SUPPORT	Leadership Skills Training	Enhanced support	DOLE - Emergency response. Contact: main branch	10/18/2022
Laguna	Santa Maria	Masili	437	Clara	Carn	Gómez	Male	31	MEDICAL_SERVICES	Cash for Training	Level 1 support	Provincial Government - Regular program. Contact: local coordinator	05/17/2023
Laguna	Mabitac	Barangay III (Poblacion)	831	Clara	Cruz	Pérez	Male	27	DISASTER_RELIEF_ASSISTANCE	Family Development Trainings	Week-long training	DOLE - Pilot program. Contact: main branch	10/04/2023
Laguna	Santa Rosa	Pansol	368	Ana	López	Cruz	Female	35	SLP	Medical Supplies	"PHP 5,000"	Private Donor - Emergency response	05/03/2022
Laguna	Santa Cruz	Casile	345	Pedro	Pérez	Santos	Male	28	EDUCATIONAL_ASSISTANCE	Scholarship Grants	Level 1 support	DOH - Annual assistance	02/28/2025
Laguna	San Pedro	Barangay IV (Poblacion)	160	Miguel	Santos	Galang	Female	56	KALAHI	Scholarship Grants	Enhanced support	UNICEF - Emergency response. Contact: regional office	10/31/2024
Laguna	Paete	Zapote	550	Janna	López	Galang	Female	64	SUPPLEMENTAL_FEEDING	Leadership Skills Training	Level 1 support	DSWD - Regular program. Contact: regional office	02/23/2025
Laguna	Pila	Mayapa	662	Pedro	Santos	Reyes	Female	20	SUPPLEMENTAL_FEEDING	Food for Work	Enhanced support	UNICEF - Regular program. Contact: regional office	08/15/2024
Laguna	Pakil	Makiling	912	Miguel	García	Pérez	Male	19	DISASTER_RELIEF_ASSISTANCE	Financial	"PHP 2,000"	World Vision - Emergency response	12/19/2021
Laguna	Victoria	Paciano Rizal	820	Pedro	Santos	Pérez	Female	71	SLP	Job Referral	Basic assistance	Red Cross - Special initiative. Contact: local coordinator	12/20/2021
Laguna	Pakil	San Antonio	541	James	García	Cruz	Female	25	EDUCATIONAL_ASSISTANCE	Tutorial Sessions	Enhanced support	World Vision - Regular program. Contact: regional office	02/13/2025
Laguna	Pangil	San Miguel	144	Juan	López	Gómez	Male	48	EDUCATIONAL_ASSISTANCE	Voucher	Level 1 support	Private Donor - Regular program	09/06/2023
Laguna	Luisiana	Maunong	588	Miguel	Reyes	Gómez	Female	25	SUPPLEMENTAL_FEEDING	Parent Effectiveness Trainings	Enhanced support	Community Organization - Emergency response. Contact: local coordinator	02/08/2022
Laguna	Pagsanjan	Casile	657	Clara	Gómez	Pérez	Male	60	KALAHI	Job Referral	Level 1 support	DOH - Regular program	11/18/2024
Laguna	Mabitac	Uwisan	741	Janna	Carn	Cruz	Male	65	AICS	Transportation Allowance	Basic assistance	UNICEF - Special initiative	02/07/2022
Laguna	Nagcarlan	Sirang Lupa	576	Miguel	Reyes	Gómez	Female	19	MEDICAL_SERVICES	Cash for Training	Enhanced support	Private Donor - Regular program. Contact: main branch	01/27/2023
Laguna	San Pablo	Puting Lupa	859	Miguel	Gómez	López	Male	39	LIVELIHOOD_ASSISTANCE	GAD Trainings	Week-long training	DA - Emergency response. Contact: local coordinator	02/23/2025
Laguna	Pangil	Uwisan	345	James	García	López	Female	77	SUPPLEMENTAL_FEEDING	Financial	"PHP 5,000"	Community Organization - Annual assistance. Contact: main branch	03/28/2025
Laguna	Biñan	San Andrés	269	Clara	Cruz	Galang	Male	22	AICS	Mental Health Support	Basic assistance	Community Organization - Annual assistance. Contact: local coordinator	01/29/2022
Laguna	Santa Cruz	San Juan	840	Juan	Cruz	Gómez	Male	24	SUPPLEMENTAL_FEEDING	Job Referral	Basic assistance	DOH - Emergency response. Contact: local coordinator	08/06/2022
Laguna	Victoria	Punta	696	James	Reyes	Reyes	Male	37	AICS	Job Referral	Enhanced support	UNICEF - Annual assistance. Contact: regional office	04/14/2021
Laguna	Rizal	Masili	773	Juan	Cruz	Galang	Male	45	SUPPLEMENTAL_FEEDING	Capital/Starter Kit	Enhanced support	Red Cross - Annual assistance. Contact: regional office	01/11/2021
Laguna	Cavinti	San Ildefonso	268	Juan	García	Pérez	Female	30	DISASTER_RELIEF_ASSISTANCE	Surgical Procedures	"PHP 10,000"	World Vision - Special initiative. Contact: local coordinator	10/07/2023
Laguna	Nagcarlan	Lingga	169	Juan	López	García	Female	19	LIVELIHOOD_ASSISTANCE	Honorarium	Level 1 support	DepEd - Special initiative. Contact: main branch	06/02/2024
Laguna	Luisiana	Looc	771	James	Carn	López	Male	49	PWD_ASSISTANCE	Consultation/Medical Check-Up	Wheelchair	Anonymous Donor - Regular program	09/02/2024
Laguna	Kalayaan	San Miguel	739	Pedro	Pérez	García	Female	43	PWD_ASSISTANCE	Cash for Training	Basic assistance	DSWD - Annual assistance. Contact: local coordinator	02/26/2022
Laguna	Magdalena	San José	33	Miguel	Santos	Pérez	Female	20	OTHER_PROGRAM	Technical Skills Training	Level 1 support	DOLE - Pilot program	09/30/2021
Laguna	Paete	Ulango	377	Juan	García	Gómez	Female	58	MEDICAL_SERVICES	Insurance	Basic assistance	DOLE - Special initiative. Contact: regional office	02/23/2021
Laguna	Pangil	Calo	214	Pedro	Gómez	Reyes	Female	59	DISASTER_RELIEF_ASSISTANCE	Burial Assistance	Level 1 support	USAID - Special initiative. Contact: local coordinator	04/11/2024
Laguna	Lumban	Paciano Rizal	562	Miguel	Pérez	Galang	Female	73	LIVELIHOOD_ASSISTANCE	Honorarium	Level 1 support	Local Government - Special initiative. Contact: local coordinator	09/04/2021
Laguna	Victoria	Ulango	440	Clara	García	López	Female	30	SLP	Food Assistance	Rice (5kg)	DA - Annual assistance	10/27/2022
Laguna	Pangil	Barangay IV (Poblacion)	492	Miguel	Santos	Reyes	Female	74	AICS	Skills Training	Plumbing	Provincial Government - Regular program. Contact: main branch	09/10/2022
Laguna	Victoria	San Benito (Palita)	393	Clara	Santos	Galang	Male	38	MEDICAL_SERVICES	Dental Services	Enhanced support	Private Donor - Regular program	03/28/2024
Laguna	Famy	San Ildefonso	489	Janna	Carn	Galang	Female	62	LIVELIHOOD_ASSISTANCE	Consultation/Medical Check-Up	Medical Kit	DA - Special initiative. Contact: main branch	02/04/2024
Laguna	Mabitac	Timbao	722	Ana	Carn	García	Male	54	EDUCATIONAL_ASSISTANCE	Medical Assistance	"PHP 5,000"	World Vision - Regular program. Contact: local coordinator	10/22/2021
Laguna	Famy	San José	946	Pedro	Carn	Santos	Male	40	MEDICAL_SERVICES	Alternative Learning System	Enhanced support	Private Donor - Pilot program. Contact: local coordinator	10/03/2021
Laguna	Mabitac	San Isidro	29	Miguel	Cruz	Pérez	Male	24	DISASTER_RELIEF_ASSISTANCE	Skills Training	Computer Literacy	USAID - Special initiative	08/08/2022
Laguna	Cavinti	Zapote	39	Clara	Gómez	Cruz	Female	34	OTHER_PROGRAM	"Non-Food Items (Hygiene Kits, Clothes, Household Items)"	Level 1 support	DSWD - Emergency response. Contact: main branch	12/03/2023
Laguna	Rizal	Maunong	859	Ana	Gómez	López	Female	45	DISASTER_RELIEF_ASSISTANCE	Activity Involvement/Advocacy	Standard package	Caritas - Annual assistance	07/13/2021
Laguna	Luisiana	San Agustín (Antipolo)	612	Juan	García	Cruz	Male	64	AICS	Technical Skills Training	Basic assistance	Caritas - Regular program	11/07/2021
Laguna	Los Baños	Casile	173	Ana	López	Gómez	Male	47	PWD_ASSISTANCE	GAD Trainings	2-day workshop	USAID - Pilot program. Contact: regional office	09/12/2022
Laguna	Pila	Timbao	17	Ana	Santos	Reyes	Female	22	OTHER_CAPABILITY_BUILDING_SUPPORT	Capital/Starter Kit	Basic assistance	Caritas - Regular program	02/01/2024
Laguna	Pila	Palingon	56	Juan	García	Gómez	Female	41	SOCIAL_PENSION	Mental Health Support	Level 1 support	Private Donor - Pilot program. Contact: regional office	10/07/2022
Laguna	Los Baños	Súcol	226	Pedro	Pérez	Gómez	Female	24	OTHER_CAPABILITY_BUILDING_SUPPORT	Cash for Training	Enhanced support	Provincial Government - Emergency response. Contact: local coordinator	09/07/2021
Laguna	San Pedro	Real	558	Miguel	García	Cruz	Male	76	SLP	Food for Work	Level 1 support	Anonymous Donor - Emergency response. Contact: local coordinator	11/20/2024
Laguna	Pila	Palo-Alto	67	Juan	Gómez	García	Male	51	KALAHI	Transportation Allowance	Standard package	Private Donor - Emergency response. Contact: regional office	02/21/2023
Laguna	Santa Rosa	Punta	197	Janna	Carn	Santos	Female	79	SOCIAL_PENSION	Agricultural and Fisheries	Standard package	DepEd - Pilot program. Contact: regional office	08/14/2023
Laguna	Siniloan	San Cristóbal	654	María	Carn	López	Female	73	DISASTER_RELIEF_ASSISTANCE	Surgical Procedures	Wheelchair	UNICEF - Pilot program	10/23/2021
Laguna	Lumban	San Vicente	835	Miguel	García	Pérez	Male	67	LIVELIHOOD_ASSISTANCE	Dental Services	Level 1 support	Caritas - Regular program. Contact: regional office	08/26/2021
Laguna	Paete	Parian	23	James	Gómez	Galang	Female	59	AICS	Food Assistance	Basic Groceries	DOH - Emergency response. Contact: regional office	03/21/2023
Laguna	Bay	San José	999	Juan	Gómez	Galang	Female	50	SUPPLEMENTAL_FEEDING	Values Formation	1-day seminar	Caritas - Annual assistance	10/16/2021
Laguna	Siniloan	Maunong	606	Juan	Gómez	Pérez	Male	76	SLP	Mental Health Support	Enhanced support	Provincial Government - Annual assistance. Contact: local coordinator	06/21/2022
Laguna	Pangil	San Miguel	754	Ana	Carn	García	Male	44	KALAHI	GAD Trainings	2-day workshop	Caritas - Annual assistance. Contact: local coordinator	09/13/2021
Laguna	Magdalena	San Vicente	237	Janna	Gómez	López	Male	31	PWD_ASSISTANCE	Equipment/School Materials	Books	Community Organization - Pilot program	06/05/2022
Laguna	Pakil	Palingon	957	Clara	Cruz	Cruz	Male	76	SLP	Skills Training	Hairdressing	Anonymous Donor - Pilot program. Contact: local coordinator	02/17/2024
Laguna	Santa Maria	Calo	919	Clara	Santos	Pérez	Female	36	MEDICAL_SERVICES	GAD Trainings	2-day workshop	DepEd - Regular program. Contact: local coordinator	04/29/2021
Laguna	Paete	Masili	923	Ana	Pérez	Galang	Male	65	KALAHI	Skills Training	Carpentry	DOLE - Regular program	01/20/2024
Laguna	Magdalena	San Vicente	566	Pedro	Gómez	Cruz	Female	68	OTHER_PROGRAM	Financial	"PHP 10,000"	World Vision - Pilot program	06/21/2021
Laguna	Pagsanjan	Masaya	138	Miguel	García	García	Female	55	AICS	Financial	"PHP 3,000"	Private Donor - Regular program	12/24/2022
Laguna	Rizal	Barangay I (Poblacion)	473	Juan	Santos	Galang	Female	29	DISASTER_RELIEF_ASSISTANCE	Scholarship Grants	Enhanced support	Community Organization - Special initiative. Contact: main branch	04/06/2023
Laguna	San Pablo	San Miguel	845	Miguel	Cruz	Reyes	Male	20	EDUCATIONAL_ASSISTANCE	Voucher	Level 1 support	World Vision - Emergency response. Contact: regional office	02/14/2024
Laguna	Luisiana	San Miguel	784	Miguel	Pérez	Santos	Male	24	EDUCATIONAL_ASSISTANCE	Values Formation	1-day seminar	UNICEF - Emergency response	04/07/2025
Laguna	Lumban	Ulango	553	Juan	Carn	Cruz	Female	73	AICS	Cash for Work	Basic assistance	Private Donor - Pilot program	12/15/2021
Laguna	Pila	Súcol	610	Ana	Reyes	Pérez	Female	52	SOCIAL_PENSION	Transportation Allowance	Level 1 support	World Vision - Pilot program. Contact: regional office	07/21/2022
Laguna	Los Baños	Makiling	695	Miguel	Cruz	López	Male	42	EDUCATIONAL_ASSISTANCE	Skills Training	Sewing	UNICEF - Special initiative	04/21/2022
Laguna	Calamba	Parian	640	Juan	Reyes	Cruz	Female	66	DISASTER_RELIEF_ASSISTANCE	Medical Assistance	"PHP 10,000"	Local Government - Special initiative. Contact: local coordinator	01/08/2025
Laguna	Siniloan	San Agustín (Antipolo)	229	Pedro	Santos	Cruz	Female	32	OTHER_PROGRAM	Consultation/Medical Check-Up	"PHP 5,000"	DSWD - Pilot program. Contact: regional office	04/18/2021
Laguna	Alaminos	San Antonio	317	Miguel	García	Cruz	Female	36	SLP	Job Fair	Enhanced support	Caritas - Regular program	08/12/2022
Laguna	San Pablo	San Antonio	598	María	Pérez	Pérez	Female	77	SUPPLEMENTAL_FEEDING	Food for Work	Basic assistance	Private Donor - Pilot program. Contact: local coordinator	02/20/2024
Laguna	Biñan	San Roque	768	James	Carn	García	Female	36	MEDICAL_SERVICES	"Non-Food Items (Hygiene Kits, Clothes, Household Items)"	Standard package	World Vision - Pilot program	05/30/2024
Laguna	Pila	Majada Labas	721	James	Pérez	García	Female	40	OTHER_CAPABILITY_BUILDING_SUPPORT	Transportation Allowance	Basic assistance	Community Organization - Annual assistance	01/22/2025
Laguna	Pagsanjan	San Vicente	727	James	Cruz	López	Female	28	LIVELIHOOD_ASSISTANCE	Leadership Skills Training	Basic assistance	Caritas - Pilot program. Contact: local coordinator	03/02/2025
Laguna	Rizal	Casile	886	María	Carn	García	Female	76	OTHER_CAPABILITY_BUILDING_SUPPORT	GAD Trainings	2-day workshop	Community Organization - Annual assistance. Contact: main branch	01/05/2022
Laguna	Siniloan	San Cristóbal	612	Juan	Reyes	Pérez	Male	38	SOCIAL_PENSION	Financial	"PHP 2,000"	Private Donor - Annual assistance. Contact: local coordinator	01/30/2023
Laguna	Victoria	San Miguel	561	Ana	Reyes	López	Male	69	EDUCATIONAL_ASSISTANCE	Food Assistance	Basic Groceries	DSWD - Special initiative. Contact: local coordinator	02/19/2024
Laguna	Cavinti	San Roque	201	Clara	López	Gómez	Female	51	SLP	Family Development Trainings	Week-long training	Provincial Government - Regular program. Contact: main branch	05/09/2024
Laguna	Luisiana	Puting Lupa	948	Janna	Pérez	López	Female	56	SUPPLEMENTAL_FEEDING	Job Fair	Standard package	Local Government - Annual assistance	03/30/2024
Laguna	Magdalena	Súcol	258	Juan	Gómez	García	Male	68	MEDICAL_SERVICES	Job Referral	Level 1 support	World Vision - Special initiative. Contact: main branch	05/26/2024
Laguna	San Pedro	Santo Domingo	480	María	García	Gómez	Male	24	KALAHI	Parent Effectiveness Trainings	Level 1 support	World Vision - Annual assistance. Contact: regional office	07/29/2022
Laguna	Calamba	Palingon	888	Miguel	Gómez	Galang	Male	59	KALAHI	Tutorial Sessions	Standard package	Red Cross - Emergency response. Contact: regional office	11/24/2024
Laguna	Magdalena	San Cristóbal	178	Pedro	Reyes	García	Female	61	OTHER_PROGRAM	Parent Effectiveness Trainings	Standard package	Red Cross - Pilot program. Contact: main branch	11/09/2024
Laguna	Famy	San Roque	757	María	García	Galang	Male	72	SLP	Family Development Trainings	1-day seminar	DOLE - Annual assistance. Contact: regional office	03/05/2021
Laguna	Liliw	San Miguel	123	Miguel	López	Reyes	Male	44	SLP	Alternative Learning System	Basic assistance	Red Cross - Special initiative. Contact: main branch	07/31/2021
Laguna	Santa Cruz	Masaya	342	Clara	Cruz	García	Female	67	PWD_ASSISTANCE	Dental Services	Level 1 support	UNICEF - Annual assistance. Contact: regional office	03/10/2021
Laguna	Majayjay	San Gregorio	171	James	López	Reyes	Male	40	AICS	GAD Trainings	2-day workshop	DA - Annual assistance. Contact: regional office	02/22/2024
Laguna	Famy	Turbina	845	Juan	García	García	Female	55	KALAHI	Medical Supplies	Crutches	USAID - Special initiative. Contact: main branch	01/12/2022
Laguna	Alaminos	Majada Labas	648	Clara	Reyes	Reyes	Male	75	KALAHI	Cash for Training	Level 1 support	UNICEF - Special initiative. Contact: local coordinator	08/12/2024
Laguna	Luisiana	Mapagong	59	James	Santos	Santos	Male	37	LIVELIHOOD_ASSISTANCE	Dental Services	Basic assistance	DA - Pilot program. Contact: main branch	10/13/2024
Laguna	Calamba	Barangay I (Poblacion)	705	Janna	García	Reyes	Male	44	PWD_ASSISTANCE	Mental Health Support	Level 1 support	DSWD - Emergency response	06/09/2022
Laguna	Biñan	San Roque	465	Miguel	Carn	Galang	Male	70	KALAHI	Honorarium	Basic assistance	DOH - Pilot program. Contact: local coordinator	03/09/2021
Laguna	Alaminos	Santo Domingo	780	Miguel	Gómez	Cruz	Male	77	LIVELIHOOD_ASSISTANCE	Insurance	Standard package	World Vision - Pilot program	07/17/2024
Laguna	Cabuyao	Sirang Lupa	260	Pedro	Santos	López	Female	25	OTHER_CAPABILITY_BUILDING_SUPPORT	Food Items	Food Pack	DOH - Emergency response. Contact: local coordinator	03/02/2024
Laguna	Famy	Real	373	James	Pérez	Reyes	Female	54	SLP	Food Items	Rice (10kg)	UNICEF - Annual assistance. Contact: regional office	12/22/2023
Laguna	Biñan	Saimsim	973	Janna	García	Cruz	Male	20	EDUCATIONAL_ASSISTANCE	Medical Supplies	Medical Kit	USAID - Annual assistance. Contact: regional office	06/10/2021
Laguna	Liliw	Masaya	95	Miguel	Carn	Pérez	Female	19	OTHER_PROGRAM	Transportation Allowance	Enhanced support	Provincial Government - Annual assistance	11/16/2023
Laguna	Bay	San Benito (Palita)	125	María	Gómez	Santos	Male	39	SUPPLEMENTAL_FEEDING	Mental Health Support	Level 1 support	DOH - Emergency response. Contact: regional office	01/29/2023
Laguna	Los Baños	San Ildefonso	41	James	Pérez	Santos	Male	23	LIVELIHOOD_ASSISTANCE	Mental Health Support	Enhanced support	Community Organization - Pilot program. Contact: main branch	12/02/2022
Laguna	San Pedro	Lingga	891	James	López	Gómez	Male	56	LIVELIHOOD_ASSISTANCE	Medical Supplies	Crutches	World Vision - Annual assistance. Contact: main branch	08/02/2024
Laguna	Liliw	San Ildefonso	254	Ana	Santos	Pérez	Male	57	MEDICAL_SERVICES	Cash for Work	Basic assistance	DepEd - Emergency response. Contact: main branch	01/09/2025
Laguna	Pangil	Looc	7	Pedro	García	Pérez	Male	53	DISASTER_RELIEF_ASSISTANCE	Voucher	Basic assistance	DOH - Emergency response. Contact: main branch	04/10/2023
Laguna	Mabitac	Palingon	471	Pedro	Cruz	Gómez	Female	61	LIVELIHOOD_ASSISTANCE	Skills Training	Carpentry	Red Cross - Pilot program. Contact: regional office	04/29/2023
Laguna	Cavinti	Santa Rosa	728	Clara	López	Pérez	Female	41	AICS	Food for Work	Basic assistance	Provincial Government - Pilot program. Contact: local coordinator	04/18/2023
Laguna	Santa Maria	Zapote	511	María	Carn	Galang	Female	29	OTHER_PROGRAM	Medical Assistance	Medical Kit	World Vision - Special initiative. Contact: local coordinator	09/06/2021
Laguna	Santa Maria	Zapote	581	Ana	Cruz	Pérez	Female	34	KALAHI	Leadership Skills Training	Enhanced support	USAID - Emergency response. Contact: regional office	01/20/2024
Laguna	Bay	Timbao	69	Clara	Reyes	Galang	Male	39	OTHER_PROGRAM	Capital/Starter Kit	Basic assistance	Private Donor - Annual assistance. Contact: regional office	11/26/2023
Laguna	Kalayaan	Zapote	81	Janna	López	Gómez	Female	71	PWD_ASSISTANCE	"Non-Food Items (Hygiene Kits, Clothes, Household Items)"	Standard package	Local Government - Pilot program. Contact: main branch	10/28/2023
Laguna	Majayjay	Zapote	542	Clara	Gómez	Reyes	Male	36	SLP	Values Formation	1-day seminar	Provincial Government - Special initiative	03/10/2025
Laguna	Lumban	San José	585	Janna	López	Gómez	Male	26	AICS	Dental Services	Standard package	Red Cross - Emergency response	09/06/2024
Laguna	Kalayaan	Looc	262	María	Gómez	García	Female	29	SUPPLEMENTAL_FEEDING	Job Fair	Standard package	Private Donor - Pilot program. Contact: local coordinator	07/21/2021
Laguna	Pakil	Turbina	89	Miguel	García	Pérez	Female	77	KALAHI	Equipment/School Materials	Books	Private Donor - Regular program. Contact: regional office	04/25/2023
Laguna	Cabuyao	San Roque	915	Pedro	García	Pérez	Male	49	SOCIAL_PENSION	Activity Involvement/Advocacy	Enhanced support	DepEd - Annual assistance	06/28/2022
Laguna	Pila	Masili	208	Miguel	Carn	Santos	Male	70	DISASTER_RELIEF_ASSISTANCE	Burial Assistance	Basic assistance	USAID - Special initiative	07/03/2024
Laguna	Liliw	Palma	213	Janna	López	Gómez	Male	48	SOCIAL_PENSION	Insurance	Enhanced support	DepEd - Pilot program	06/10/2021
Laguna	Santa Cruz	Calo	834	María	García	Gómez	Female	34	PWD_ASSISTANCE	Tutorial Sessions	Standard package	Community Organization - Emergency response. Contact: regional office	11/20/2023
Laguna	Santa Cruz	Maunong	266	Miguel	Reyes	Cruz	Male	40	OTHER_PROGRAM	Scholarship Grants	Level 1 support	Caritas - Regular program. Contact: regional office	01/20/2025
Laguna	Pila	Puting Lupa	912	Clara	Gómez	García	Male	27	AICS	Activity Involvement/Advocacy	Basic assistance	Red Cross - Pilot program	09/19/2021
Laguna	Luisiana	Santa Rosa	293	Janna	Pérez	Santos	Male	47	SOCIAL_PENSION	Consultation/Medical Check-Up	"PHP 3,000"	DA - Regular program. Contact: regional office	01/10/2021
Laguna	Nagcarlan	San Miguel	207	Juan	Pérez	Reyes	Male	36	SUPPLEMENTAL_FEEDING	Transportation Allowance	Enhanced support	Local Government - Special initiative	12/16/2022
Laguna	Mabitac	Saimsim	333	James	Pérez	Pérez	Female	43	SUPPLEMENTAL_FEEDING	Burial Assistance	Basic assistance	World Vision - Special initiative	12/25/2021
Laguna	Mabitac	Maunong	77	Clara	García	Santos	Female	43	SLP	Capital/Starter Kit	Enhanced support	DepEd - Pilot program. Contact: local coordinator	07/23/2024
Laguna	San Pedro	San Andrés	288	Pedro	López	Galang	Male	28	EDUCATIONAL_ASSISTANCE	Voucher	Standard package	Provincial Government - Annual assistance	05/04/2021
Laguna	Bay	Turbina	47	Miguel	Pérez	Cruz	Female	37	LIVELIHOOD_ASSISTANCE	Burial Assistance	Basic assistance	DepEd - Emergency response	09/22/2022
Laguna	Pangil	Palma	622	Clara	Santos	Cruz	Male	71	LIVELIHOOD_ASSISTANCE	Voucher	Basic assistance	Anonymous Donor - Pilot program	09/25/2021
Laguna	San Pedro	Real	200	Juan	Cruz	Galang	Female	73	SUPPLEMENTAL_FEEDING	GAD Trainings	3-day conference	USAID - Regular program	10/05/2021
Laguna	Pakil	Turbina	427	María	López	Gómez	Female	62	AICS	Food Items	Basic Groceries	Local Government - Pilot program	10/21/2023
Laguna	Los Baños	Zapote	210	María	Gómez	Pérez	Female	21	PWD_ASSISTANCE	Medical Supplies	Wheelchair	USAID - Pilot program. Contact: local coordinator	03/17/2021
Laguna	Majayjay	Milagrosa	888	Clara	Reyes	Pérez	Female	64	EDUCATIONAL_ASSISTANCE	Honorarium	Enhanced support	Caritas - Annual assistance. Contact: main branch	06/10/2022
Laguna	Pagsanjan	Santo Tomás (Calabuso)	420	Juan	López	García	Male	29	MEDICAL_SERVICES	Tutorial Sessions	Enhanced support	DA - Pilot program. Contact: local coordinator	09/10/2022
Laguna	Rizal	Paciano Rizal	154	Miguel	Reyes	Galang	Male	42	SUPPLEMENTAL_FEEDING	Honorarium	Enhanced support	Anonymous Donor - Regular program	04/14/2024
Laguna	Calauan	Barangay IV (Poblacion)	522	Clara	López	Pérez	Male	73	AICS	Parent Effectiveness Trainings	Level 1 support	DSWD - Pilot program. Contact: regional office	11/26/2023
Laguna	San Pablo	San José	415	James	Pérez	Cruz	Female	75	OTHER_CAPABILITY_BUILDING_SUPPORT	Alternative Learning System	Basic assistance	DepEd - Special initiative. Contact: main branch	09/27/2021
Laguna	Pagsanjan	San José	353	James	Cruz	Pérez	Female	27	OTHER_PROGRAM	Activity Involvement/Advocacy	Standard package	Private Donor - Emergency response	01/02/2021
Laguna	Calamba	Paciano Rizal	157	Ana	Cruz	Reyes	Male	39	SOCIAL_PENSION	Vaccination	Standard package	Caritas - Emergency response. Contact: regional office	07/03/2024
Laguna	Santa Cruz	San Juan	261	Janna	Reyes	Pérez	Female	24	AICS	Skills Training	Sewing	DOLE - Emergency response. Contact: local coordinator	03/18/2025
Laguna	Cabuyao	San Vicente	77	Ana	López	García	Female	41	OTHER_CAPABILITY_BUILDING_SUPPORT	Medical Assistance	"PHP 5,000"	World Vision - Pilot program. Contact: local coordinator	07/27/2022
Laguna	Magdalena	Del Carmen	769	Miguel	Cruz	López	Male	19	SLP	Food for Work	Basic assistance	Private Donor - Regular program. Contact: local coordinator	10/18/2024
Laguna	Siniloan	Turbina	983	James	Carn	Santos	Female	49	LIVELIHOOD_ASSISTANCE	Dental Services	Standard package	Local Government - Regular program. Contact: local coordinator	02/05/2024
Laguna	Cabuyao	Timbao	488	Juan	López	López	Male	38	OTHER_CAPABILITY_BUILDING_SUPPORT	Food Items	Basic Groceries	UNICEF - Pilot program. Contact: regional office	03/03/2024
Laguna	Pakil	Casile	131	Janna	Cruz	Reyes	Female	78	SUPPLEMENTAL_FEEDING	"Non-Food Items (Hygiene Kits, Clothes, Household Items)"	Enhanced support	DOLE - Emergency response	12/03/2024
Laguna	Liliw	San Juan	579	Miguel	Santos	López	Male	24	SLP	Food for Work	Basic assistance	DOLE - Special initiative. Contact: main branch	01/14/2025
Laguna	San Pablo	San Juan	455	Juan	Santos	Pérez	Female	25	DISASTER_RELIEF_ASSISTANCE	Voucher	Level 1 support	UNICEF - Special initiative. Contact: main branch	06/19/2022
Laguna	Pila	Santo Tomás (Calabuso)	740	Miguel	Carn	García	Female	70	MEDICAL_SERVICES	GAD Trainings	3-day conference	DA - Special initiative. Contact: local coordinator	12/17/2021
Laguna	Biñan	Majada Labas	163	Ana	Cruz	Cruz	Female	68	SOCIAL_PENSION	Honorarium	Enhanced support	Private Donor - Annual assistance	11/18/2023
Laguna	Santa Cruz	Pansol	15	María	Santos	Cruz	Female	55	KALAHI	GAD Trainings	2-day workshop	Red Cross - Regular program. Contact: regional office	06/21/2022
Laguna	Calamba	Looc	232	Juan	Pérez	Reyes	Female	38	LIVELIHOOD_ASSISTANCE	Scholarship Grants	Level 1 support	Anonymous Donor - Pilot program. Contact: main branch	05/17/2023
Laguna	Calauan	Barangay III (Poblacion)	195	Ana	López	López	Male	25	OTHER_CAPABILITY_BUILDING_SUPPORT	Technical Skills Training	Enhanced support	Provincial Government - Pilot program	12/25/2023
Laguna	Pangil	San Juan	861	Ana	García	Gómez	Female	74	DISASTER_RELIEF_ASSISTANCE	Technical Skills Training	Standard package	Red Cross - Regular program. Contact: main branch	05/02/2024
Laguna	Pila	Santo Domingo	542	Ana	Cruz	Gómez	Male	42	LIVELIHOOD_ASSISTANCE	Vaccination	Basic assistance	Private Donor - Regular program. Contact: regional office	05/15/2024
Laguna	Famy	San Juan	359	María	Gómez	García	Male	45	SUPPLEMENTAL_FEEDING	GAD Trainings	Week-long training	UNICEF - Pilot program. Contact: local coordinator	08/15/2024
Laguna	Cavinti	Barangay IV (Poblacion)	850	María	Carn	Santos	Male	45	OTHER_CAPABILITY_BUILDING_SUPPORT	Technical Skills Training	Standard package	Red Cross - Annual assistance. Contact: local coordinator	11/30/2023
Laguna	Pangil	Punta	331	Clara	Cruz	Pérez	Female	71	KALAHI	Alternative Learning System	Level 1 support	DA - Emergency response. Contact: local coordinator	04/09/2022
Laguna	Liliw	San Gregorio	427	María	Reyes	López	Male	48	AICS	Job Fair	Enhanced support	Provincial Government - Pilot program	01/23/2021
Laguna	Calauan	Real	497	Janna	Reyes	Gómez	Female	69	LIVELIHOOD_ASSISTANCE	Family Development Trainings	2-day workshop	Private Donor - Special initiative. Contact: main branch	11/20/2022
Laguna	Mabitac	Zapote	828	María	Santos	Gómez	Female	53	AICS	Leadership Skills Training	Basic assistance	World Vision - Annual assistance. Contact: local coordinator	05/08/2021
Laguna	Cabuyao	Zapote	486	María	Gómez	López	Female	42	OTHER_CAPABILITY_BUILDING_SUPPORT	Burial Assistance	Basic assistance	DOH - Annual assistance. Contact: regional office	07/10/2024
Laguna	Santa Rosa	San Gregorio	808	María	Reyes	Santos	Male	69	KALAHI	Honorarium	Standard package	Caritas - Pilot program. Contact: main branch	02/04/2021
Laguna	San Pedro	Barangay IV (Poblacion)	449	Miguel	Carn	Galang	Female	73	SUPPLEMENTAL_FEEDING	Agricultural and Fisheries	Standard package	UNICEF - Annual assistance	05/02/2022
Laguna	Lumban	Maunong	413	Juan	Gómez	Pérez	Female	58	KALAHI	Financial	"PHP 1,500"	Caritas - Emergency response. Contact: regional office	04/11/2021
Laguna	Pakil	Zapote	330	María	Santos	Reyes	Female	54	MEDICAL_SERVICES	Transportation Allowance	Level 1 support	DepEd - Pilot program. Contact: regional office	01/07/2023
Laguna	Nagcarlan	San Cristóbal	732	Janna	Carn	Pérez	Male	78	PWD_ASSISTANCE	Burial Assistance	Enhanced support	DA - Regular program. Contact: regional office	01/11/2023
Laguna	Rizal	Santo Domingo	889	Miguel	López	García	Male	55	MEDICAL_SERVICES	Food Assistance	Basic Groceries	Anonymous Donor - Special initiative. Contact: main branch	09/03/2022
Laguna	Cavinti	Palma	991	Ana	Carn	Reyes	Male	68	OTHER_CAPABILITY_BUILDING_SUPPORT	Job Referral	Enhanced support	Caritas - Emergency response. Contact: regional office	01/11/2024
Laguna	Cabuyao	Barangay I (Poblacion)	147	Juan	Reyes	Santos	Male	29	OTHER_CAPABILITY_BUILDING_SUPPORT	Parent Effectiveness Trainings	Basic assistance	UNICEF - Pilot program. Contact: local coordinator	09/02/2024
Laguna	Siniloan	Zapote	259	James	López	García	Female	54	EDUCATIONAL_ASSISTANCE	Medical Supplies	"PHP 3,000"	Private Donor - Emergency response	11/26/2021
Laguna	Mabitac	San Agustín (Antipolo)	292	Miguel	Reyes	Cruz	Male	54	OTHER_CAPABILITY_BUILDING_SUPPORT	Cash for Training	Level 1 support	World Vision - Special initiative. Contact: main branch	07/15/2021
Laguna	Biñan	Calo	811	María	Carn	Cruz	Female	48	PWD_ASSISTANCE	Capital/Starter Kit	Basic assistance	Red Cross - Annual assistance	02/18/2022
Laguna	San Pablo	San Gregorio	143	Miguel	Reyes	Pérez	Male	79	DISASTER_RELIEF_ASSISTANCE	Honorarium	Enhanced support	DOLE - Special initiative. Contact: main branch	03/13/2025
Laguna	Calamba	Saimsim	993	Clara	Gómez	García	Female	35	AICS	Financial	"PHP 3,000"	DOLE - Pilot program	02/13/2025
Laguna	Majayjay	Makiling	937	Clara	Reyes	Reyes	Male	43	SLP	Food Assistance	Canned Goods (10 pcs)	DepEd - Special initiative. Contact: main branch	03/09/2021
Laguna	Santa Cruz	Turbina	747	Miguel	Reyes	Reyes	Male	23	SUPPLEMENTAL_FEEDING	Agricultural and Fisheries	Basic assistance	USAID - Pilot program	11/17/2024
Laguna	Rizal	San Andrés	627	Ana	Cruz	Cruz	Male	26	SOCIAL_PENSION	Surgical Procedures	Wheelchair	Caritas - Emergency response. Contact: regional office	07/20/2024
Laguna	Pakil	Zapote	365	Ana	López	Cruz	Female	28	OTHER_CAPABILITY_BUILDING_SUPPORT	Parent Effectiveness Trainings	Enhanced support	Local Government - Regular program. Contact: local coordinator	08/15/2024
Laguna	Cabuyao	Saimsim	90	Juan	Gómez	Santos	Female	48	MEDICAL_SERVICES	Food for Work	Basic assistance	UNICEF - Annual assistance	05/21/2023
Laguna	San Pablo	Maunong	720	Clara	López	García	Male	72	EDUCATIONAL_ASSISTANCE	Medical Assistance	"PHP 3,000"	Local Government - Regular program. Contact: main branch	05/21/2023
Laguna	Victoria	San Benito (Palita)	164	James	Pérez	Reyes	Male	63	EDUCATIONAL_ASSISTANCE	Food Assistance	Rice (5kg)	UNICEF - Annual assistance. Contact: regional office	05/21/2021
Laguna	San Pablo	San Gregorio	481	Pedro	López	Gómez	Male	73	MEDICAL_SERVICES	Food for Work	Basic assistance	UNICEF - Special initiative. Contact: local coordinator	07/04/2021
Laguna	Bay	San Vicente	84	Clara	Pérez	Santos	Male	19	OTHER_PROGRAM	Surgical Procedures	"PHP 10,000"	World Vision - Annual assistance	04/27/2024
Laguna	Victoria	Mayapa	77	Miguel	Carn	Reyes	Male	76	OTHER_CAPABILITY_BUILDING_SUPPORT	Family Development Trainings	1-day seminar	USAID - Pilot program. Contact: regional office	11/09/2023
Laguna	Paete	Saimsim	673	Clara	Pérez	Cruz	Male	46	AICS	Job Fair	Level 1 support	DepEd - Emergency response	03/22/2021
Laguna	Pagsanjan	Zapote	517	Janna	Pérez	García	Female	63	EDUCATIONAL_ASSISTANCE	Tutorial Sessions	Standard package	DOLE - Emergency response	05/13/2022
Laguna	Santa Rosa	San Antonio	485	Pedro	García	Galang	Female	74	DISASTER_RELIEF_ASSISTANCE	Alternative Learning System	Enhanced support	DepEd - Emergency response	04/15/2025
Laguna	Santa Rosa	Looc	590	Ana	Carn	García	Female	68	KALAHI	Skills Training	Sewing	DepEd - Emergency response. Contact: regional office	08/06/2021
Laguna	Pagsanjan	Súcol	603	Pedro	López	López	Female	59	SUPPLEMENTAL_FEEDING	Leadership Skills Training	Enhanced support	DSWD - Pilot program. Contact: regional office	06/09/2022
Laguna	Nagcarlan	Paciano Rizal	599	Clara	Santos	Gómez	Female	22	AICS	Honorarium	Enhanced support	Anonymous Donor - Emergency response. Contact: local coordinator	09/23/2024
Laguna	Mabitac	Parian	782	Ana	Reyes	Gómez	Female	79	DISASTER_RELIEF_ASSISTANCE	Cash for Training	Enhanced support	UNICEF - Annual assistance	05/01/2021
Laguna	Pagsanjan	Calo	104	Pedro	Reyes	Gómez	Male	40	SLP	Surgical Procedures	Medical Kit	Local Government - Annual assistance. Contact: main branch	04/14/2022
Laguna	Pila	Puting Lupa	452	Ana	García	Galang	Male	53	SLP	Burial Assistance	Standard package	Community Organization - Regular program. Contact: main branch	10/27/2024
Laguna	San Pablo	Masaya	487	Ana	Santos	Pérez	Male	24	EDUCATIONAL_ASSISTANCE	"Non-Food Items (Hygiene Kits, Clothes, Household Items)"	Standard package	Community Organization - Regular program	02/14/2025
Laguna	Lumban	San José	339	Juan	Cruz	Pérez	Male	73	OTHER_CAPABILITY_BUILDING_SUPPORT	Capital/Starter Kit	Level 1 support	World Vision - Regular program. Contact: main branch	06/28/2021
Laguna	Luisiana	San Ildefonso	687	James	Pérez	Santos	Male	30	SOCIAL_PENSION	Medical Assistance	Crutches	DA - Special initiative. Contact: main branch	04/21/2021
Laguna	Victoria	San Benito (Palita)	566	Ana	Gómez	Galang	Female	59	AICS	Mental Health Support	Standard package	Provincial Government - Regular program. Contact: regional office	01/09/2021
Laguna	Santa Cruz	San José	900	Janna	Carn	Galang	Female	79	MEDICAL_SERVICES	Job Referral	Basic assistance	Provincial Government - Pilot program. Contact: main branch	08/10/2021
Laguna	Calauan	San Miguel	478	Clara	Cruz	Santos	Female	27	OTHER_CAPABILITY_BUILDING_SUPPORT	Vaccination	Level 1 support	Provincial Government - Special initiative	03/08/2023
Laguna	Pangil	Súcol	723	Clara	Santos	García	Female	53	EDUCATIONAL_ASSISTANCE	Alternative Learning System	Standard package	Anonymous Donor - Emergency response. Contact: main branch	05/11/2023
Laguna	Cabuyao	Calo	607	Janna	García	Santos	Female	33	SLP	Family Development Trainings	Week-long training	UNICEF - Special initiative. Contact: main branch	09/14/2022
Laguna	Pagsanjan	Santo Domingo	223	María	Santos	López	Male	32	SUPPLEMENTAL_FEEDING	Food Assistance	Rice (5kg)	DOH - Emergency response. Contact: local coordinator	02/06/2024
Laguna	Majayjay	Santo Domingo	9	Ana	García	Cruz	Female	70	SUPPLEMENTAL_FEEDING	Parent Effectiveness Trainings	Standard package	UNICEF - Emergency response. Contact: local coordinator	09/22/2024
Laguna	Lumban	San José	53	Miguel	Cruz	Pérez	Female	60	DISASTER_RELIEF_ASSISTANCE	Medical Supplies	Medical Kit	DOLE - Annual assistance. Contact: regional office	07/23/2021
Laguna	Cabuyao	Palma	77	Ana	Cruz	Cruz	Female	36	PWD_ASSISTANCE	Skills Training	Cooking	Provincial Government - Emergency response. Contact: main branch	06/11/2022
Laguna	Victoria	San Andrés	718	Ana	Gómez	Pérez	Male	38	OTHER_PROGRAM	Agricultural and Fisheries	Level 1 support	Local Government - Annual assistance. Contact: regional office	03/29/2022
Laguna	Rizal	Parian	503	Miguel	Santos	Galang	Male	73	SUPPLEMENTAL_FEEDING	Skills Training	Carpentry	Anonymous Donor - Special initiative. Contact: local coordinator	08/04/2023
Laguna	Nagcarlan	Calo	316	Pedro	Santos	Gómez	Male	52	AICS	"Non-Food Items (Hygiene Kits, Clothes, Household Items)"	Standard package	Red Cross - Regular program. Contact: regional office	07/14/2021
Laguna	Rizal	Paciano Rizal	814	Ana	Pérez	Santos	Male	32	SLP	Honorarium	Level 1 support	Provincial Government - Special initiative. Contact: local coordinator	09/18/2021
Laguna	Alaminos	San Gregorio	822	Ana	Reyes	Santos	Male	65	OTHER_CAPABILITY_BUILDING_SUPPORT	Capital/Starter Kit	Basic assistance	Private Donor - Special initiative. Contact: main branch	05/16/2023
Laguna	Paete	San Juan	842	Janna	García	Santos	Male	31	AICS	Medical Supplies	"PHP 5,000"	Private Donor - Regular program	10/30/2023
Laguna	Pakil	Santa Rosa	624	James	Reyes	Gómez	Female	46	KALAHI	Skills Training	Sewing	Red Cross - Regular program	05/24/2024
Laguna	Nagcarlan	Mayapa	863	James	Carn	López	Female	22	SLP	Agricultural and Fisheries	Basic assistance	Anonymous Donor - Regular program. Contact: local coordinator	07/12/2023
Laguna	Santa Maria	Saimsim	165	María	Carn	López	Female	75	LIVELIHOOD_ASSISTANCE	Medical Supplies	"PHP 10,000"	DOLE - Pilot program. Contact: main branch	02/11/2024
Laguna	Santa Rosa	San José	279	Janna	Santos	Gómez	Male	66	SOCIAL_PENSION	"Non-Food Items (Hygiene Kits, Clothes, Household Items)"	Enhanced support	UNICEF - Pilot program. Contact: local coordinator	12/06/2021
Laguna	Santa Maria	Barangay III (Poblacion)	27	Ana	Cruz	García	Male	35	OTHER_CAPABILITY_BUILDING_SUPPORT	Tutorial Sessions	Basic assistance	UNICEF - Regular program. Contact: regional office	02/16/2021
Laguna	Magdalena	San Benito (Palita)	70	James	Carn	Gómez	Male	68	PWD_ASSISTANCE	Job Referral	Enhanced support	DA - Special initiative. Contact: local coordinator	04/10/2023
Laguna	Los Baños	Paciano Rizal	218	Juan	Carn	Reyes	Male	18	PWD_ASSISTANCE	Food for Work	Enhanced support	Private Donor - Annual assistance. Contact: local coordinator	03/24/2023
Laguna	San Pedro	San Isidro	962	Juan	Gómez	Pérez	Female	78	SUPPLEMENTAL_FEEDING	Activity Involvement/Advocacy	Enhanced support	DOLE - Pilot program	05/04/2022
Laguna	Santa Rosa	San Roque	365	Juan	Reyes	Reyes	Male	44	PWD_ASSISTANCE	Activity Involvement/Advocacy	Basic assistance	Provincial Government - Emergency response. Contact: local coordinator	09/07/2024
Laguna	Pila	San Andrés	701	Ana	Gómez	Reyes	Male	77	OTHER_PROGRAM	Honorarium	Enhanced support	UNICEF - Annual assistance. Contact: regional office	03/02/2023
Laguna	Lumban	Makiling	845	Ana	Reyes	Gómez	Male	44	MEDICAL_SERVICES	Values Formation	1-day seminar	Local Government - Annual assistance	01/27/2024
Laguna	Alaminos	Uwisan	947	Miguel	Pérez	Pérez	Male	42	SUPPLEMENTAL_FEEDING	Insurance	Enhanced support	USAID - Regular program	01/08/2025
Laguna	Nagcarlan	Parian	306	María	Gómez	García	Male	58	OTHER_CAPABILITY_BUILDING_SUPPORT	Dental Services	Enhanced support	Anonymous Donor - Annual assistance. Contact: main branch	04/03/2021
Laguna	Calauan	Barangay IV (Poblacion)	124	Clara	Pérez	Santos	Female	38	SOCIAL_PENSION	Tutorial Sessions	Basic assistance	Red Cross - Pilot program. Contact: regional office	06/29/2024
Laguna	Cabuyao	Masili	19	María	Carn	Reyes	Male	31	MEDICAL_SERVICES	Food Items	Food Pack	DOH - Annual assistance. Contact: local coordinator	04/01/2024
Laguna	Pakil	Súcol	257	María	Santos	Gómez	Male	69	EDUCATIONAL_ASSISTANCE	Surgical Procedures	"PHP 10,000"	Anonymous Donor - Pilot program. Contact: local coordinator	03/27/2024
Laguna	Majayjay	Santa Rosa	296	Pedro	Reyes	Santos	Female	70	PWD_ASSISTANCE	Skills Training	Carpentry	UNICEF - Emergency response. Contact: regional office	08/02/2022
Laguna	Magdalena	Barangay III (Poblacion)	928	Juan	Carn	Gómez	Male	37	SLP	Tutorial Sessions	Level 1 support	Provincial Government - Pilot program. Contact: regional office	05/18/2021
Laguna	Santa Maria	Santo Domingo	22	Ana	Cruz	Galang	Male	45	OTHER_CAPABILITY_BUILDING_SUPPORT	Food for Work	Basic assistance	DepEd - Pilot program	11/08/2024
Laguna	Magdalena	Lingga	880	Juan	Reyes	Reyes	Female	38	OTHER_CAPABILITY_BUILDING_SUPPORT	Leadership Skills Training	Enhanced support	USAID - Regular program. Contact: main branch	11/08/2021
Laguna	Calauan	Real	989	María	Carn	Galang	Female	40	PWD_ASSISTANCE	Scholarship Grants	Level 1 support	Caritas - Emergency response. Contact: regional office	10/17/2021
Laguna	Magdalena	Palingon	450	Ana	Pérez	García	Female	28	SLP	Technical Skills Training	Level 1 support	Red Cross - Regular program. Contact: local coordinator	03/06/2021
Laguna	Mabitac	Súcol	552	Janna	Gómez	Cruz	Female	73	KALAHI	Insurance	Enhanced support	Provincial Government - Special initiative. Contact: local coordinator	05/06/2024
Laguna	Santa Rosa	Barangay IV (Poblacion)	550	Miguel	García	López	Female	19	MEDICAL_SERVICES	Medical Supplies	Medical Kit	DSWD - Regular program. Contact: local coordinator	04/01/2025
Laguna	Los Baños	Barangay II (Poblacion)	48	James	Reyes	Pérez	Female	37	AICS	Agricultural and Fisheries	Standard package	DOLE - Pilot program. Contact: regional office	12/04/2022
Laguna	Cavinti	San Agustín (Antipolo)	695	James	García	Gómez	Female	41	MEDICAL_SERVICES	Activity Involvement/Advocacy	Enhanced support	DA - Emergency response. Contact: main branch	08/19/2023
Laguna	Kalayaan	San Ildefonso	587	María	Reyes	García	Female	72	AICS	Values Formation	Week-long training	Anonymous Donor - Regular program. Contact: local coordinator	04/10/2025
Laguna	Santa Cruz	Palma	721	Clara	Reyes	García	Female	42	SUPPLEMENTAL_FEEDING	Activity Involvement/Advocacy	Enhanced support	DepEd - Pilot program	06/27/2024
Laguna	Majayjay	Barangay II (Poblacion)	183	Juan	Gómez	García	Female	54	OTHER_PROGRAM	Voucher	Level 1 support	Community Organization - Emergency response. Contact: local coordinator	06/23/2022
Laguna	Calamba	San José	435	Janna	Pérez	Reyes	Male	39	DISASTER_RELIEF_ASSISTANCE	Food Assistance	Canned Goods (10 pcs)	DOLE - Pilot program. Contact: local coordinator	04/27/2021
Laguna	San Pedro	Palingon	107	Ana	López	Galang	Female	76	OTHER_CAPABILITY_BUILDING_SUPPORT	Medical Assistance	"PHP 10,000"	UNICEF - Regular program	06/11/2023
Laguna	Pakil	Masaya	188	Clara	López	López	Female	41	OTHER_PROGRAM	Medical Assistance	Crutches	UNICEF - Pilot program. Contact: main branch	07/21/2022
Laguna	Siniloan	San Ildefonso	776	Juan	García	Reyes	Female	32	AICS	Vaccination	Standard package	Anonymous Donor - Annual assistance. Contact: local coordinator	05/01/2022
Laguna	Liliw	Palma	86	María	Santos	Cruz	Female	29	MEDICAL_SERVICES	Leadership Skills Training	Level 1 support	UNICEF - Annual assistance. Contact: regional office	10/18/2024
Laguna	Paete	Majada Labas	836	Juan	Carn	Pérez	Female	63	SUPPLEMENTAL_FEEDING	Insurance	Level 1 support	Red Cross - Pilot program. Contact: local coordinator	11/16/2023
Laguna	Biñan	Barangay III (Poblacion)	843	María	Santos	Pérez	Male	48	SLP	Food for Work	Enhanced support	Caritas - Pilot program. Contact: main branch	02/23/2023
Laguna	Lumban	San Miguel	456	Pedro	Santos	López	Male	60	PWD_ASSISTANCE	Values Formation	2-day workshop	Provincial Government - Emergency response. Contact: regional office	10/09/2023
Laguna	Los Baños	Zapote	137	James	López	Pérez	Male	48	EDUCATIONAL_ASSISTANCE	"Non-Food Items (Hygiene Kits, Clothes, Household Items)"	Enhanced support	World Vision - Emergency response. Contact: regional office	05/27/2023
Laguna	Nagcarlan	San Antonio	858	Clara	Carn	Pérez	Female	70	PWD_ASSISTANCE	Cash for Work	Standard package	Community Organization - Emergency response	09/12/2022
Laguna	Victoria	Santo Tomás (Calabuso)	898	James	López	García	Female	47	PWD_ASSISTANCE	Dental Services	Standard package	Private Donor - Regular program	02/25/2025
Laguna	Victoria	San Antonio	336	Juan	Gómez	Santos	Male	58	OTHER_PROGRAM	Food Assistance	Basic Groceries	DOH - Pilot program	10/12/2024
Laguna	Pila	San Agustín (Antipolo)	607	Janna	Gómez	Cruz	Female	37	EDUCATIONAL_ASSISTANCE	Values Formation	Week-long training	DOLE - Annual assistance	12/06/2024
Laguna	Lumban	Palo-Alto	838	Ana	López	Galang	Female	25	MEDICAL_SERVICES	Vaccination	Basic assistance	DSWD - Special initiative. Contact: local coordinator	02/08/2025
Laguna	Calauan	Santo Tomás (Calabuso)	757	María	Pérez	Gómez	Male	61	SOCIAL_PENSION	Voucher	Basic assistance	DepEd - Emergency response	02/18/2022
Laguna	Nagcarlan	Puting Lupa	469	Ana	López	Cruz	Female	47	OTHER_CAPABILITY_BUILDING_SUPPORT	Cash for Training	Enhanced support	Caritas - Regular program. Contact: main branch	02/20/2024
Laguna	Santa Maria	San Vicente	602	James	Cruz	Reyes	Female	52	OTHER_PROGRAM	Family Development Trainings	3-day conference	Red Cross - Special initiative. Contact: regional office	01/24/2025
Laguna	Lumban	Milagrosa	571	Miguel	Santos	Pérez	Female	38	MEDICAL_SERVICES	Equipment/School Materials	Laptop	Community Organization - Special initiative	03/05/2022
Laguna	Pagsanjan	San Gregorio	403	Janna	Pérez	Santos	Female	64	SUPPLEMENTAL_FEEDING	Values Formation	1-day seminar	Community Organization - Annual assistance	08/31/2021
Laguna	Pangil	San Gregorio	540	Janna	Pérez	Gómez	Female	57	SUPPLEMENTAL_FEEDING	Tutorial Sessions	Standard package	Caritas - Annual assistance. Contact: regional office	11/27/2024
Laguna	Pagsanjan	Casile	72	Ana	Santos	Reyes	Female	75	SLP	Medical Supplies	Medical Kit	Community Organization - Emergency response	09/09/2021
Laguna	Liliw	San Andrés	782	James	Pérez	López	Female	45	KALAHI	Skills Training	Sewing	USAID - Emergency response	01/04/2024
Laguna	Biñan	Palo-Alto	24	Miguel	Santos	García	Male	56	OTHER_CAPABILITY_BUILDING_SUPPORT	Leadership Skills Training	Basic assistance	Local Government - Regular program. Contact: local coordinator	04/22/2021
Laguna	Mabitac	Saimsim	624	Ana	Cruz	Pérez	Male	34	MEDICAL_SERVICES	Parent Effectiveness Trainings	Basic assistance	DA - Special initiative. Contact: regional office	02/21/2023
Laguna	Santa Cruz	San José	812	Juan	Reyes	García	Female	29	OTHER_PROGRAM	Surgical Procedures	"PHP 3,000"	Provincial Government - Annual assistance. Contact: regional office	08/28/2023
Laguna	Pagsanjan	Mayapa	485	Janna	Pérez	Cruz	Female	69	EDUCATIONAL_ASSISTANCE	Agricultural and Fisheries	Level 1 support	Provincial Government - Special initiative. Contact: main branch	12/26/2021
Laguna	Calamba	Punta	56	Janna	García	García	Male	67	SUPPLEMENTAL_FEEDING	Food for Work	Basic assistance	UNICEF - Special initiative. Contact: regional office	02/06/2023
Laguna	Siniloan	Casile	986	Juan	García	García	Male	35	MEDICAL_SERVICES	Agricultural and Fisheries	Standard package	World Vision - Regular program	07/08/2023
Laguna	Calamba	San Miguel	223	James	Cruz	López	Male	78	EDUCATIONAL_ASSISTANCE	Family Development Trainings	1-day seminar	DA - Pilot program. Contact: main branch	06/17/2021
Laguna	Pakil	San Miguel	632	Janna	Santos	Galang	Male	64	MEDICAL_SERVICES	Tutorial Sessions	Standard package	World Vision - Emergency response. Contact: main branch	06/27/2024
Laguna	Nagcarlan	Palma	179	Clara	García	Galang	Male	72	SOCIAL_PENSION	Consultation/Medical Check-Up	Medical Kit	Community Organization - Annual assistance. Contact: main branch	01/28/2023
Laguna	Pangil	Mapagong	800	Miguel	Cruz	Reyes	Male	45	LIVELIHOOD_ASSISTANCE	Cash for Work	Level 1 support	Community Organization - Emergency response. Contact: main branch	08/01/2021
Laguna	Liliw	Uwisan	434	Pedro	López	Pérez	Male	77	OTHER_CAPABILITY_BUILDING_SUPPORT	Voucher	Standard package	Community Organization - Regular program. Contact: main branch	01/06/2025
Laguna	Calamba	Del Carmen	937	Pedro	Carn	Reyes	Female	20	KALAHI	Skills Training	Plumbing	Private Donor - Pilot program	02/27/2023
Laguna	Cabuyao	San Andrés	450	Pedro	García	Galang	Male	68	DISASTER_RELIEF_ASSISTANCE	Scholarship Grants	Level 1 support	DOLE - Special initiative. Contact: local coordinator	03/03/2023
Laguna	Calauan	Pansol	793	María	Gómez	Cruz	Male	32	SUPPLEMENTAL_FEEDING	Food for Work	Basic assistance	Provincial Government - Regular program	02/15/2021
Laguna	Santa Cruz	Barangay I (Poblacion)	884	Clara	Carn	Galang	Male	33	MEDICAL_SERVICES	Food for Work	Enhanced support	DA - Pilot program. Contact: local coordinator	11/08/2023
Laguna	Cabuyao	Puting Lupa	492	María	Gómez	Reyes	Female	39	OTHER_PROGRAM	Food Items	Food Pack	DSWD - Emergency response. Contact: regional office	05/29/2023
Laguna	Victoria	San Benito (Palita)	189	James	Santos	Santos	Female	71	MEDICAL_SERVICES	Burial Assistance	Basic assistance	Local Government - Pilot program. Contact: main branch	01/28/2023
Laguna	Cavinti	Mayapa	578	Juan	García	Pérez	Female	66	OTHER_PROGRAM	Job Referral	Enhanced support	DepEd - Pilot program	10/05/2024
Laguna	Cavinti	Puting Lupa	810	Ana	Cruz	García	Male	48	AICS	Financial	"PHP 1,500"	USAID - Special initiative. Contact: main branch	05/28/2024
Laguna	Paete	San Antonio	961	Clara	Reyes	López	Male	48	SOCIAL_PENSION	Insurance	Basic assistance	Community Organization - Pilot program. Contact: regional office	11/19/2022
Laguna	Biñan	San Isidro	420	Miguel	García	Santos	Male	18	KALAHI	Tutorial Sessions	Basic assistance	UNICEF - Annual assistance. Contact: main branch	02/02/2022
Laguna	Alaminos	Barangay I (Poblacion)	249	James	García	Santos	Female	28	PWD_ASSISTANCE	Cash for Work	Level 1 support	DOH - Annual assistance	10/23/2022
Laguna	San Pablo	San Roque	588	Ana	García	García	Female	23	MEDICAL_SERVICES	Leadership Skills Training	Standard package	Local Government - Regular program. Contact: main branch	04/08/2021
Laguna	San Pedro	Barangay II (Poblacion)	649	James	García	Galang	Female	40	SLP	Food for Work	Standard package	DSWD - Annual assistance	10/26/2023
Laguna	Cabuyao	Santa Rosa	164	María	Gómez	Gómez	Female	26	EDUCATIONAL_ASSISTANCE	Parent Effectiveness Trainings	Enhanced support	Anonymous Donor - Emergency response. Contact: main branch	06/08/2021
Laguna	Calauan	Calo	745	Pedro	Cruz	Pérez	Female	69	KALAHI	Vaccination	Level 1 support	Provincial Government - Regular program	03/28/2021
Laguna	Kalayaan	San Andrés	255	Juan	Cruz	Cruz	Female	33	SLP	Insurance	Level 1 support	World Vision - Emergency response. Contact: regional office	02/18/2024
Laguna	Pila	San Miguel	476	María	Gómez	Santos	Male	79	DISASTER_RELIEF_ASSISTANCE	Agricultural and Fisheries	Standard package	DA - Emergency response. Contact: regional office	03/19/2022
Laguna	Mabitac	Casile	806	Juan	Reyes	Cruz	Female	75	PWD_ASSISTANCE	Agricultural and Fisheries	Level 1 support	Red Cross - Annual assistance	06/21/2021
Laguna	Santa Rosa	Mayapa	417	Clara	Cruz	López	Female	55	SOCIAL_PENSION	Technical Skills Training	Standard package	USAID - Regular program. Contact: local coordinator	11/13/2022
Laguna	Luisiana	Barangay III (Poblacion)	170	Ana	Cruz	López	Female	61	AICS	Technical Skills Training	Level 1 support	UNICEF - Emergency response. Contact: main branch	08/23/2021
Laguna	Santa Rosa	Santo Tomás (Calabuso)	317	James	Santos	López	Female	36	EDUCATIONAL_ASSISTANCE	Food Items	Rice (5kg)	World Vision - Pilot program. Contact: main branch	02/10/2025
Laguna	San Pedro	Uwisan	174	Janna	Pérez	Reyes	Male	62	SOCIAL_PENSION	Cash for Work	Standard package	World Vision - Annual assistance	05/01/2021
Laguna	Pakil	San Agustín (Antipolo)	470	Janna	Santos	Santos	Male	30	LIVELIHOOD_ASSISTANCE	Vaccination	Enhanced support	Private Donor - Special initiative. Contact: main branch	05/12/2022
Laguna	San Pablo	San Andrés	345	Juan	Pérez	López	Female	76	AICS	Agricultural and Fisheries	Enhanced support	Red Cross - Annual assistance	09/04/2022
Laguna	San Pedro	Masaya	445	Pedro	Carn	Reyes	Male	49	KALAHI	Mental Health Support	Level 1 support	Community Organization - Pilot program. Contact: regional office	02/26/2022
Laguna	Cabuyao	Calo	18	Pedro	Reyes	López	Male	53	SUPPLEMENTAL_FEEDING	Transportation Allowance	Enhanced support	DOLE - Emergency response. Contact: regional office	05/15/2021
Laguna	Pangil	Santo Tomás (Calabuso)	70	Juan	Pérez	Galang	Male	26	LIVELIHOOD_ASSISTANCE	Parent Effectiveness Trainings	Basic assistance	Community Organization - Pilot program	11/11/2021
Laguna	Victoria	San Agustín (Antipolo)	338	María	Santos	Santos	Male	63	LIVELIHOOD_ASSISTANCE	Voucher	Basic assistance	DOLE - Pilot program. Contact: main branch	03/10/2021
Laguna	San Pablo	Paciano Rizal	628	Janna	Reyes	Reyes	Male	63	PWD_ASSISTANCE	Values Formation	Week-long training	Red Cross - Annual assistance. Contact: local coordinator	07/17/2021
Laguna	Luisiana	Casile	592	María	Reyes	López	Male	66	OTHER_CAPABILITY_BUILDING_SUPPORT	Consultation/Medical Check-Up	"PHP 5,000"	Caritas - Emergency response. Contact: main branch	03/28/2023
Laguna	Liliw	San Antonio	527	Ana	García	Pérez	Male	54	KALAHI	Consultation/Medical Check-Up	"PHP 3,000"	Red Cross - Special initiative. Contact: regional office	01/11/2021
Laguna	Victoria	Santo Domingo	688	Janna	López	Reyes	Female	48	SUPPLEMENTAL_FEEDING	Leadership Skills Training	Basic assistance	USAID - Annual assistance. Contact: regional office	05/19/2023
Laguna	Pila	Súcol	456	Ana	López	López	Male	48	AICS	Tutorial Sessions	Standard package	Anonymous Donor - Regular program	02/28/2024
Laguna	Santa Rosa	Santo Tomás (Calabuso)	269	James	López	Galang	Female	76	PWD_ASSISTANCE	Medical Supplies	Wheelchair	Anonymous Donor - Emergency response	01/05/2023
Laguna	Cavinti	Paciano Rizal	631	María	Reyes	Cruz	Male	72	KALAHI	Burial Assistance	Standard package	UNICEF - Pilot program. Contact: local coordinator	02/08/2024
Laguna	Biñan	Majada Labas	811	Juan	García	Gómez	Male	36	SLP	Agricultural and Fisheries	Enhanced support	DOLE - Annual assistance. Contact: local coordinator	11/17/2023
Laguna	Rizal	Puting Lupa	188	Janna	Carn	López	Male	19	SUPPLEMENTAL_FEEDING	Job Referral	Enhanced support	DOLE - Emergency response	11/24/2024
Laguna	Santa Rosa	San Andrés	569	María	Carn	Cruz	Female	62	SOCIAL_PENSION	Mental Health Support	Basic assistance	Caritas - Pilot program. Contact: local coordinator	09/05/2024
Laguna	Mabitac	San Gregorio	711	Juan	López	Santos	Male	49	DISASTER_RELIEF_ASSISTANCE	Vaccination	Basic assistance	Provincial Government - Annual assistance	05/02/2024
Laguna	San Pablo	Súcol	529	James	Carn	Galang	Female	60	KALAHI	Transportation Allowance	Standard package	Anonymous Donor - Special initiative. Contact: main branch	10/01/2024
Laguna	Liliw	Ulango	434	Janna	García	Pérez	Male	51	AICS	"Non-Food Items (Hygiene Kits, Clothes, Household Items)"	Standard package	World Vision - Special initiative	01/16/2021
Laguna	Majayjay	San Antonio	288	Ana	López	Santos	Male	18	KALAHI	Leadership Skills Training	Basic assistance	Red Cross - Pilot program. Contact: local coordinator	01/02/2024
Laguna	Majayjay	San Isidro	918	James	Pérez	Pérez	Female	38	PWD_ASSISTANCE	Consultation/Medical Check-Up	Crutches	Community Organization - Pilot program. Contact: local coordinator	08/06/2023
Laguna	Pila	San Antonio	567	Pedro	Pérez	Cruz	Male	78	DISASTER_RELIEF_ASSISTANCE	Job Fair	Standard package	Provincial Government - Emergency response. Contact: local coordinator	05/09/2024
Laguna	Liliw	Saimsim	499	Juan	García	Galang	Male	20	AICS	Dental Services	Level 1 support	Anonymous Donor - Annual assistance. Contact: regional office	04/02/2024
Laguna	San Pedro	Ulango	441	Miguel	Gómez	García	Male	44	SLP	Cash for Work	Level 1 support	Private Donor - Pilot program. Contact: local coordinator	01/07/2021
Laguna	Lumban	Makiling	781	Janna	Carn	Galang	Female	61	LIVELIHOOD_ASSISTANCE	GAD Trainings	Week-long training	Anonymous Donor - Annual assistance. Contact: local coordinator	03/02/2021
Laguna	Calauan	Pansol	303	Janna	López	Galang	Male	24	DISASTER_RELIEF_ASSISTANCE	Dental Services	Enhanced support	DepEd - Pilot program. Contact: regional office	10/07/2024
Laguna	Luisiana	Santo Domingo	87	Clara	Pérez	Pérez	Male	50	DISASTER_RELIEF_ASSISTANCE	Job Referral	Basic assistance	Provincial Government - Emergency response. Contact: regional office	07/14/2023
Laguna	Kalayaan	San Vicente	830	Clara	García	García	Male	26	EDUCATIONAL_ASSISTANCE	Food Items	Rice (10kg)	UNICEF - Regular program. Contact: regional office	04/30/2022
Laguna	Lumban	San José	438	James	Cruz	Reyes	Female	47	AICS	Dental Services	Level 1 support	DSWD - Annual assistance. Contact: local coordinator	09/24/2022
Laguna	Cabuyao	Barangay IV (Poblacion)	541	Janna	Pérez	Reyes	Male	35	SUPPLEMENTAL_FEEDING	Tutorial Sessions	Basic assistance	Community Organization - Emergency response	01/14/2025
Laguna	San Pablo	Masaya	22	Juan	Cruz	Reyes	Female	73	OTHER_CAPABILITY_BUILDING_SUPPORT	Technical Skills Training	Enhanced support	DA - Pilot program	12/08/2024
Laguna	Los Baños	Del Carmen	833	James	García	Cruz	Male	43	SOCIAL_PENSION	Activity Involvement/Advocacy	Level 1 support	Local Government - Pilot program. Contact: main branch	07/25/2023
Laguna	Pakil	Zapote	797	Ana	García	Galang	Male	37	KALAHI	Values Formation	3-day conference	USAID - Emergency response. Contact: regional office	11/21/2023
Laguna	Paete	Palo-Alto	560	James	Santos	López	Female	55	OTHER_PROGRAM	GAD Trainings	3-day conference	World Vision - Regular program. Contact: regional office	07/14/2022
Laguna	Santa Cruz	Palo-Alto	517	James	Pérez	García	Female	58	PWD_ASSISTANCE	Mental Health Support	Standard package	DA - Emergency response	04/01/2021
Laguna	Los Baños	Saimsim	762	Miguel	Santos	López	Female	72	DISASTER_RELIEF_ASSISTANCE	Food Items	Rice (5kg)	DSWD - Annual assistance	03/22/2025
Laguna	San Pedro	San Isidro	675	Ana	Reyes	Cruz	Female	48	MEDICAL_SERVICES	Financial	"PHP 3,000"	USAID - Regular program. Contact: regional office	03/22/2022
Laguna	Pangil	Saimsim	503	Pedro	Pérez	García	Female	25	KALAHI	Food for Work	Standard package	USAID - Emergency response. Contact: local coordinator	08/01/2024
Laguna	Cabuyao	Casile	714	Clara	López	López	Male	40	DISASTER_RELIEF_ASSISTANCE	Medical Supplies	"PHP 10,000"	DOLE - Emergency response. Contact: main branch	11/17/2024
Laguna	Paete	Barangay III (Poblacion)	467	Juan	Reyes	Gómez	Male	67	LIVELIHOOD_ASSISTANCE	Transportation Allowance	Enhanced support	DOH - Annual assistance. Contact: main branch	08/08/2023
Laguna	Alaminos	San Miguel	101	Pedro	Reyes	Pérez	Female	42	KALAHI	Food Items	Food Pack	DOLE - Annual assistance. Contact: regional office	03/08/2024
Laguna	Santa Maria	Uwisan	583	Pedro	Carn	Cruz	Male	64	AICS	Equipment/School Materials	Laptop	Anonymous Donor - Pilot program. Contact: regional office	11/26/2021
Laguna	Cavinti	Ulango	942	Pedro	Cruz	Cruz	Male	18	LIVELIHOOD_ASSISTANCE	Capital/Starter Kit	Enhanced support	Red Cross - Annual assistance	03/02/2024
Laguna	Calauan	Palo-Alto	675	Clara	Carn	Gómez	Female	63	OTHER_CAPABILITY_BUILDING_SUPPORT	Surgical Procedures	"PHP 3,000"	World Vision - Regular program. Contact: main branch	09/11/2024
Laguna	Magdalena	San Vicente	685	María	López	Cruz	Female	35	SOCIAL_PENSION	Burial Assistance	Basic assistance	Provincial Government - Emergency response	04/03/2025
Laguna	Paete	Uwisan	141	Clara	García	García	Female	36	EDUCATIONAL_ASSISTANCE	Cash for Work	Basic assistance	DepEd - Pilot program. Contact: local coordinator	11/11/2023
Laguna	San Pablo	Casile	138	Pedro	Santos	López	Male	68	AICS	"Non-Food Items (Hygiene Kits, Clothes, Household Items)"	Standard package	DepEd - Pilot program	08/13/2023
Laguna	Los Baños	Santo Tomás (Calabuso)	578	María	López	López	Female	79	LIVELIHOOD_ASSISTANCE	Vaccination	Enhanced support	USAID - Regular program. Contact: main branch	04/24/2022
Laguna	Pakil	San Antonio	710	Ana	García	Santos	Male	59	SLP	Values Formation	1-day seminar	DOLE - Annual assistance. Contact: regional office	01/21/2025
Laguna	San Pablo	Barangay III (Poblacion)	840	Clara	López	Cruz	Female	69	EDUCATIONAL_ASSISTANCE	Parent Effectiveness Trainings	Enhanced support	Red Cross - Pilot program. Contact: main branch	06/02/2022
Laguna	Magdalena	San Antonio	228	Juan	García	Reyes	Female	70	OTHER_PROGRAM	Voucher	Enhanced support	Local Government - Special initiative. Contact: regional office	06/20/2022
Laguna	Majayjay	Pansol	281	Pedro	Pérez	Galang	Female	23	OTHER_PROGRAM	Cash for Work	Basic assistance	Anonymous Donor - Pilot program	08/13/2021
Laguna	Cavinti	San Vicente	684	Janna	Santos	Pérez	Female	34	AICS	Capital/Starter Kit	Enhanced support	DA - Emergency response. Contact: regional office	07/26/2022
Laguna	Pangil	Maunong	828	Ana	García	Pérez	Male	63	SOCIAL_PENSION	Medical Supplies	"PHP 5,000"	DOLE - Pilot program. Contact: local coordinator	09/15/2024
Laguna	Liliw	San Roque	431	María	Reyes	Santos	Male	62	MEDICAL_SERVICES	GAD Trainings	Week-long training	Provincial Government - Regular program. Contact: main branch	01/03/2022
Laguna	Santa Cruz	Looc	40	Clara	López	Santos	Male	25	DISASTER_RELIEF_ASSISTANCE	Parent Effectiveness Trainings	Level 1 support	Caritas - Pilot program	03/11/2024
Laguna	Luisiana	Masili	519	Juan	Santos	García	Female	71	SUPPLEMENTAL_FEEDING	Parent Effectiveness Trainings	Basic assistance	Provincial Government - Regular program. Contact: local coordinator	05/07/2024
Laguna	San Pablo	San Andrés	686	James	García	Santos	Male	59	SOCIAL_PENSION	Skills Training	Hairdressing	DOLE - Regular program	10/20/2023
Laguna	Mabitac	Súcol	663	Juan	Reyes	López	Male	26	SOCIAL_PENSION	Family Development Trainings	Week-long training	DepEd - Regular program. Contact: regional office	11/26/2023
Laguna	San Pedro	Puting Lupa	211	Juan	Reyes	García	Male	54	MEDICAL_SERVICES	Job Referral	Standard package	Red Cross - Regular program	04/11/2022
Laguna	Calamba	Lingga	302	Pedro	Pérez	García	Female	72	LIVELIHOOD_ASSISTANCE	Capital/Starter Kit	Basic assistance	DOH - Special initiative	07/26/2022
Laguna	Santa Cruz	Casile	86	Pedro	Cruz	Pérez	Male	44	EDUCATIONAL_ASSISTANCE	Food Items	Rice (5kg)	DOLE - Emergency response. Contact: local coordinator	03/14/2022
Laguna	Pangil	San José	397	Clara	Reyes	Pérez	Female	53	SLP	Burial Assistance	Basic assistance	Caritas - Emergency response	01/27/2023
Laguna	Paete	Puting Lupa	253	Clara	Carn	Reyes	Female	23	AICS	Agricultural and Fisheries	Level 1 support	DOLE - Pilot program. Contact: regional office	08/14/2022
Laguna	Calamba	Masili	533	Miguel	Santos	Cruz	Male	23	SUPPLEMENTAL_FEEDING	Technical Skills Training	Level 1 support	UNICEF - Special initiative. Contact: main branch	05/31/2023
Laguna	Biñan	Puting Lupa	769	María	Santos	Gómez	Male	62	EDUCATIONAL_ASSISTANCE	Mental Health Support	Level 1 support	Provincial Government - Regular program. Contact: regional office	07/10/2021
Laguna	Rizal	Zapote	891	Miguel	Gómez	Gómez	Female	21	DISASTER_RELIEF_ASSISTANCE	Parent Effectiveness Trainings	Level 1 support	Red Cross - Special initiative. Contact: local coordinator	04/07/2021
Laguna	Santa Cruz	Timbao	915	Clara	Santos	Santos	Female	39	SUPPLEMENTAL_FEEDING	Agricultural and Fisheries	Enhanced support	DOH - Special initiative. Contact: main branch	05/19/2022
Laguna	Calamba	San Agustín (Antipolo)	381	María	García	Cruz	Female	57	OTHER_PROGRAM	Financial	"PHP 1,500"	USAID - Pilot program. Contact: regional office	10/22/2024
Laguna	San Pablo	San José	444	Pedro	López	Cruz	Male	44	SOCIAL_PENSION	Cash for Work	Standard package	DA - Annual assistance. Contact: regional office	06/07/2023
Laguna	Nagcarlan	Mayapa	33	Pedro	García	Cruz	Female	54	DISASTER_RELIEF_ASSISTANCE	Honorarium	Standard package	Provincial Government - Regular program. Contact: local coordinator	05/30/2021
Laguna	Pagsanjan	Parian	260	Janna	Carn	García	Female	19	OTHER_CAPABILITY_BUILDING_SUPPORT	Values Formation	1-day seminar	Private Donor - Emergency response	02/12/2021
Laguna	Pagsanjan	San José	234	Janna	Gómez	Cruz	Female	26	OTHER_PROGRAM	Skills Training	Computer Literacy	DOLE - Special initiative. Contact: main branch	08/13/2024
Laguna	San Pedro	Majada Labas	515	Ana	López	Santos	Male	28	DISASTER_RELIEF_ASSISTANCE	Transportation Allowance	Level 1 support	World Vision - Annual assistance. Contact: regional office	07/02/2023
Laguna	Pangil	Mapagong	859	Pedro	Pérez	García	Female	37	LIVELIHOOD_ASSISTANCE	Equipment/School Materials	Uniform	Red Cross - Annual assistance	11/15/2021
Laguna	Luisiana	Barangay IV (Poblacion)	308	James	Reyes	Santos	Female	69	OTHER_CAPABILITY_BUILDING_SUPPORT	Medical Supplies	Medical Kit	Anonymous Donor - Pilot program. Contact: main branch	08/06/2021
Laguna	San Pedro	Parian	739	Janna	Gómez	García	Female	60	AICS	Job Fair	Level 1 support	World Vision - Annual assistance. Contact: local coordinator	05/03/2022
Laguna	Siniloan	Maunong	796	María	García	Gómez	Female	56	EDUCATIONAL_ASSISTANCE	"Non-Food Items (Hygiene Kits, Clothes, Household Items)"	Standard package	USAID - Regular program	05/26/2021
Laguna	Kalayaan	San Antonio	70	Juan	López	Galang	Female	75	DISASTER_RELIEF_ASSISTANCE	Alternative Learning System	Standard package	Private Donor - Emergency response. Contact: local coordinator	11/24/2021
Laguna	Alaminos	Calo	454	Clara	Reyes	Galang	Male	31	OTHER_PROGRAM	Financial	"PHP 5,000"	Private Donor - Annual assistance. Contact: regional office	09/16/2021
Laguna	Paete	San Roque	439	Clara	López	Gómez	Male	43	LIVELIHOOD_ASSISTANCE	Parent Effectiveness Trainings	Standard package	UNICEF - Regular program. Contact: local coordinator	07/20/2022
Laguna	Pangil	Sirang Lupa	825	Ana	Reyes	Galang	Female	55	LIVELIHOOD_ASSISTANCE	Skills Training	Computer Literacy	Red Cross - Regular program. Contact: local coordinator	04/29/2021
Laguna	Cabuyao	Maunong	364	Janna	López	Galang	Female	47	SLP	Scholarship Grants	Level 1 support	DOH - Regular program. Contact: main branch	03/11/2024
Laguna	Liliw	Palingon	983	Juan	García	Gómez	Female	53	OTHER_PROGRAM	Insurance	Enhanced support	Provincial Government - Annual assistance. Contact: local coordinator	10/17/2021
Laguna	San Pedro	Mayapa	766	Juan	Gómez	García	Female	55	KALAHI	Equipment/School Materials	Tablet	DOH - Emergency response. Contact: regional office	08/13/2021
Laguna	Cavinti	Santo Domingo	481	Janna	García	Cruz	Female	52	DISASTER_RELIEF_ASSISTANCE	Technical Skills Training	Basic assistance	DOH - Emergency response. Contact: main branch	06/13/2023
Laguna	Pila	Milagrosa	144	James	Carn	Gómez	Female	72	SUPPLEMENTAL_FEEDING	Vaccination	Level 1 support	DA - Regular program. Contact: main branch	06/06/2024
Laguna	Rizal	Uwisan	24	James	Pérez	Reyes	Male	23	PWD_ASSISTANCE	Dental Services	Standard package	DSWD - Emergency response	01/23/2023
Laguna	Alaminos	Ulango	965	Ana	Pérez	Pérez	Female	20	KALAHI	Financial	"PHP 5,000"	Private Donor - Regular program. Contact: regional office	07/04/2024
Laguna	Nagcarlan	San Roque	425	Miguel	Cruz	López	Female	18	PWD_ASSISTANCE	Cash for Training	Basic assistance	Red Cross - Special initiative. Contact: main branch	09/02/2021
Laguna	San Pablo	San José	746	James	Santos	Reyes	Male	77	OTHER_PROGRAM	Alternative Learning System	Enhanced support	DOH - Special initiative. Contact: main branch	06/25/2021
Laguna	Siniloan	San Vicente	845	Ana	García	Galang	Male	75	LIVELIHOOD_ASSISTANCE	Job Referral	Level 1 support	DOLE - Special initiative. Contact: main branch	10/10/2024
Laguna	Siniloan	Santo Tomás (Calabuso)	175	Miguel	García	Cruz	Male	70	EDUCATIONAL_ASSISTANCE	Cash for Training	Enhanced support	World Vision - Annual assistance	06/06/2022
Laguna	Bay	Makiling	844	Miguel	Reyes	Santos	Male	75	LIVELIHOOD_ASSISTANCE	Values Formation	2-day workshop	Caritas - Pilot program. Contact: local coordinator	03/08/2024
Laguna	Santa Rosa	Saimsim	325	María	Cruz	Cruz	Female	35	MEDICAL_SERVICES	Burial Assistance	Enhanced support	UNICEF - Special initiative. Contact: local coordinator	04/29/2021
Laguna	Santa Cruz	Casile	869	Miguel	Pérez	Santos	Male	40	LIVELIHOOD_ASSISTANCE	Equipment/School Materials	Books	DOH - Emergency response	09/16/2021
Laguna	Los Baños	San José	671	Janna	García	Reyes	Male	49	OTHER_PROGRAM	Consultation/Medical Check-Up	"PHP 3,000"	Anonymous Donor - Regular program. Contact: local coordinator	07/25/2022
Laguna	Kalayaan	Turbina	860	Miguel	López	Cruz	Male	46	DISASTER_RELIEF_ASSISTANCE	Vaccination	Enhanced support	DOLE - Annual assistance	04/30/2024
Laguna	Cavinti	San Agustín (Antipolo)	348	Juan	Pérez	Cruz	Female	40	SUPPLEMENTAL_FEEDING	Mental Health Support	Enhanced support	DOLE - Regular program	08/01/2023
Laguna	Pila	Calo	798	Ana	Cruz	López	Female	53	SLP	Surgical Procedures	Medical Kit	DOH - Pilot program. Contact: local coordinator	02/28/2024
Laguna	Nagcarlan	Zapote	18	Clara	Santos	Gómez	Female	23	SOCIAL_PENSION	Financial	"PHP 1,500"	DOH - Pilot program. Contact: regional office	06/07/2021
Laguna	Nagcarlan	Paciano Rizal	44	James	López	Reyes	Male	34	SUPPLEMENTAL_FEEDING	Activity Involvement/Advocacy	Basic assistance	DA - Regular program. Contact: main branch	09/18/2021
Laguna	Bay	Maunong	155	Clara	Reyes	Cruz	Female	35	SLP	Skills Training	Plumbing	USAID - Pilot program. Contact: local coordinator	01/25/2022
Laguna	Calauan	Sirang Lupa	867	Ana	Carn	Santos	Male	48	KALAHI	Financial	"PHP 10,000"	DOLE - Pilot program	10/07/2022
Laguna	Mabitac	San Benito (Palita)	922	Pedro	López	Pérez	Male	23	EDUCATIONAL_ASSISTANCE	Scholarship Grants	Enhanced support	Community Organization - Regular program. Contact: local coordinator	03/28/2025
Laguna	Calauan	Parian	377	Ana	Gómez	Cruz	Male	51	EDUCATIONAL_ASSISTANCE	Activity Involvement/Advocacy	Level 1 support	Caritas - Pilot program. Contact: main branch	05/12/2021
Laguna	Bay	Timbao	743	James	Pérez	Santos	Male	61	DISASTER_RELIEF_ASSISTANCE	Financial	"PHP 3,000"	DOLE - Emergency response	02/12/2022
Laguna	Alaminos	Barangay I (Poblacion)	883	Pedro	Gómez	Galang	Female	61	SUPPLEMENTAL_FEEDING	Transportation Allowance	Standard package	Community Organization - Regular program. Contact: regional office	03/22/2024
Laguna	Liliw	Puting Lupa	828	Pedro	Santos	Cruz	Female	44	OTHER_PROGRAM	Job Referral	Standard package	Community Organization - Annual assistance. Contact: regional office	10/09/2021
Laguna	Pangil	Santa Rosa	402	Miguel	López	Santos	Female	53	PWD_ASSISTANCE	Parent Effectiveness Trainings	Standard package	Caritas - Emergency response. Contact: local coordinator	07/21/2022
Laguna	Calamba	San Roque	225	James	Cruz	Pérez	Female	65	LIVELIHOOD_ASSISTANCE	Equipment/School Materials	Books	Anonymous Donor - Annual assistance. Contact: local coordinator	02/07/2023
Laguna	Bay	Palingon	217	Pedro	Cruz	Reyes	Male	69	OTHER_CAPABILITY_BUILDING_SUPPORT	Vaccination	Enhanced support	DA - Pilot program. Contact: main branch	02/15/2021
Laguna	Pila	Makiling	568	Janna	Santos	Galang	Male	59	KALAHI	Parent Effectiveness Trainings	Enhanced support	DSWD - Emergency response. Contact: main branch	11/17/2022
Laguna	Majayjay	Santa Rosa	31	Juan	Pérez	Cruz	Male	42	MEDICAL_SERVICES	Financial	"PHP 3,000"	Anonymous Donor - Special initiative. Contact: local coordinator	08/15/2024
Laguna	San Pedro	San José	869	Clara	Cruz	López	Male	27	OTHER_PROGRAM	Values Formation	3-day conference	Anonymous Donor - Emergency response. Contact: local coordinator	01/21/2021
Laguna	Bay	San Juan	59	Janna	López	Santos	Male	56	SUPPLEMENTAL_FEEDING	Equipment/School Materials	School Supplies Kit	World Vision - Pilot program. Contact: local coordinator	09/24/2023
Laguna	Liliw	Del Carmen	892	Janna	Carn	Pérez	Female	63	KALAHI	Financial	"PHP 10,000"	Caritas - Special initiative. Contact: main branch	04/03/2024
Laguna	Bay	San Andrés	898	James	López	López	Female	56	OTHER_CAPABILITY_BUILDING_SUPPORT	Mental Health Support	Standard package	DSWD - Special initiative. Contact: main branch	09/25/2021
Laguna	Majayjay	San Vicente	353	Miguel	Carn	Cruz	Male	29	PWD_ASSISTANCE	Technical Skills Training	Basic assistance	Provincial Government - Annual assistance. Contact: main branch	04/11/2021
Laguna	Majayjay	Mayapa	935	James	Cruz	Santos	Male	28	OTHER_PROGRAM	Job Referral	Enhanced support	DepEd - Special initiative	10/23/2022
Laguna	Pagsanjan	Santo Tomás (Calabuso)	445	Clara	López	Cruz	Female	66	AICS	Food for Work	Enhanced support	DepEd - Special initiative	10/15/2022
Laguna	Siniloan	San Roque	235	Juan	Cruz	Galang	Female	60	OTHER_CAPABILITY_BUILDING_SUPPORT	Technical Skills Training	Basic assistance	Community Organization - Regular program. Contact: local coordinator	10/28/2024
Laguna	Cavinti	Súcol	107	Ana	Pérez	Pérez	Male	70	OTHER_PROGRAM	Scholarship Grants	Standard package	DA - Emergency response	02/02/2021
Laguna	Pila	Barangay II (Poblacion)	191	Janna	Carn	Pérez	Female	20	PWD_ASSISTANCE	Food Assistance	Rice (10kg)	Red Cross - Special initiative. Contact: local coordinator	08/24/2021
Laguna	Luisiana	Zapote	992	Pedro	Pérez	Galang	Female	68	OTHER_CAPABILITY_BUILDING_SUPPORT	Consultation/Medical Check-Up	Crutches	DSWD - Emergency response. Contact: regional office	07/17/2021
Laguna	San Pablo	Makiling	530	Juan	Cruz	Cruz	Male	39	DISASTER_RELIEF_ASSISTANCE	Capital/Starter Kit	Standard package	DSWD - Emergency response. Contact: local coordinator	05/22/2022
Laguna	Magdalena	San Benito (Palita)	913	Janna	García	Cruz	Male	21	SLP	Cash for Training	Standard package	UNICEF - Emergency response. Contact: main branch	01/17/2023
Laguna	Famy	Santa Rosa	738	Ana	Reyes	García	Female	25	KALAHI	Food Assistance	Canned Goods (10 pcs)	Private Donor - Annual assistance. Contact: local coordinator	11/28/2021
Laguna	Calauan	Majada Labas	679	Miguel	López	Cruz	Female	31	LIVELIHOOD_ASSISTANCE	Agricultural and Fisheries	Level 1 support	Local Government - Annual assistance. Contact: main branch	01/08/2025
Laguna	Santa Rosa	Palma	583	Pedro	García	Pérez	Male	37	SLP	Food Items	Canned Goods (10 pcs)	Anonymous Donor - Special initiative. Contact: local coordinator	05/01/2022
Laguna	Santa Maria	Zapote	874	Janna	Pérez	Cruz	Female	41	SLP	Agricultural and Fisheries	Basic assistance	DA - Emergency response	04/30/2021
Laguna	Liliw	Parian	566	María	Gómez	López	Female	31	LIVELIHOOD_ASSISTANCE	GAD Trainings	1-day seminar	Provincial Government - Regular program. Contact: regional office	06/07/2021
Laguna	Biñan	San Andrés	245	Clara	Cruz	López	Female	45	LIVELIHOOD_ASSISTANCE	Alternative Learning System	Level 1 support	Provincial Government - Regular program	11/27/2023
Laguna	Pagsanjan	Calo	995	Juan	Cruz	Galang	Male	33	EDUCATIONAL_ASSISTANCE	Insurance	Basic assistance	Private Donor - Regular program. Contact: regional office	04/30/2023
Laguna	Nagcarlan	San Agustín (Antipolo)	862	Clara	Reyes	López	Female	49	SOCIAL_PENSION	Consultation/Medical Check-Up	Medical Kit	DepEd - Pilot program. Contact: main branch	05/24/2021
Laguna	Cavinti	Saimsim	76	James	Cruz	Cruz	Female	64	PWD_ASSISTANCE	Food Items	Rice (10kg)	Private Donor - Regular program. Contact: local coordinator	10/03/2022
Laguna	Pangil	Looc	547	Janna	Reyes	Reyes	Male	29	LIVELIHOOD_ASSISTANCE	Family Development Trainings	2-day workshop	DepEd - Regular program	11/24/2022
Laguna	Pakil	San Roque	267	Pedro	López	Gómez	Male	33	SUPPLEMENTAL_FEEDING	Food Items	Rice (5kg)	DOLE - Special initiative	11/18/2023
Laguna	Santa Cruz	San Benito (Palita)	317	Pedro	Carn	Cruz	Female	69	SLP	Job Fair	Level 1 support	Community Organization - Regular program. Contact: regional office	08/07/2023
Laguna	Cabuyao	Palingon	812	Juan	Reyes	Gómez	Male	36	KALAHI	Alternative Learning System	Level 1 support	Private Donor - Annual assistance. Contact: main branch	01/24/2023
Laguna	Mabitac	San Isidro	121	Juan	Reyes	Pérez	Male	22	SOCIAL_PENSION	Equipment/School Materials	School Supplies Kit	USAID - Special initiative. Contact: regional office	05/25/2023
Laguna	Pakil	San Andrés	836	Clara	García	García	Female	29	MEDICAL_SERVICES	Family Development Trainings	Week-long training	UNICEF - Pilot program. Contact: local coordinator	06/21/2024
Laguna	Pila	Calo	25	Pedro	Cruz	Santos	Male	46	SLP	Vaccination	Standard package	DOH - Annual assistance. Contact: regional office	07/13/2024
Laguna	Magdalena	Palingon	432	Pedro	López	Pérez	Female	22	SOCIAL_PENSION	Insurance	Standard package	Private Donor - Annual assistance. Contact: main branch	02/20/2021
Laguna	San Pablo	Barangay IV (Poblacion)	160	Pedro	Carn	Gómez	Female	59	KALAHI	Family Development Trainings	Week-long training	World Vision - Special initiative. Contact: regional office	04/19/2021
Laguna	Famy	Zapote	596	Janna	Santos	Galang	Male	75	OTHER_CAPABILITY_BUILDING_SUPPORT	Surgical Procedures	"PHP 3,000"	Private Donor - Emergency response. Contact: regional office	11/22/2024
Laguna	Pangil	Zapote	114	Pedro	Pérez	López	Female	34	SUPPLEMENTAL_FEEDING	Transportation Allowance	Level 1 support	Provincial Government - Annual assistance. Contact: local coordinator	09/20/2024
Laguna	Magdalena	San Vicente	735	James	Reyes	Reyes	Female	64	OTHER_PROGRAM	Medical Supplies	"PHP 5,000"	DOLE - Annual assistance. Contact: main branch	05/14/2021
Laguna	Pila	San Andrés	900	Pedro	Santos	Pérez	Female	25	SLP	Medical Supplies	"PHP 10,000"	UNICEF - Annual assistance. Contact: main branch	03/21/2021
Laguna	Pakil	San Juan	502	James	Cruz	Santos	Female	57	SUPPLEMENTAL_FEEDING	Parent Effectiveness Trainings	Level 1 support	DepEd - Emergency response. Contact: main branch	10/04/2023
Laguna	Santa Rosa	San José	166	Janna	Pérez	Reyes	Female	57	EDUCATIONAL_ASSISTANCE	Family Development Trainings	1-day seminar	UNICEF - Special initiative	12/04/2021
Laguna	Mabitac	Parian	703	Juan	Reyes	Galang	Male	47	LIVELIHOOD_ASSISTANCE	Equipment/School Materials	Laptop	USAID - Emergency response. Contact: local coordinator	03/08/2022
Laguna	Santa Maria	Masaya	175	Miguel	Gómez	López	Male	27	MEDICAL_SERVICES	Burial Assistance	Enhanced support	Red Cross - Emergency response. Contact: regional office	02/13/2025
Laguna	Siniloan	Masili	1	James	Gómez	García	Female	37	LIVELIHOOD_ASSISTANCE	Financial	"PHP 5,000"	Private Donor - Regular program. Contact: regional office	06/07/2023
Laguna	Kalayaan	San Ildefonso	899	Janna	Santos	Gómez	Female	62	AICS	Insurance	Basic assistance	World Vision - Annual assistance. Contact: regional office	08/05/2024
Laguna	Famy	Palingon	741	Miguel	García	Pérez	Male	79	MEDICAL_SERVICES	Leadership Skills Training	Standard package	Provincial Government - Special initiative	04/12/2021
Laguna	Santa Cruz	San Benito (Palita)	86	Miguel	Santos	Pérez	Female	33	AICS	Cash for Work	Enhanced support	Private Donor - Emergency response. Contact: local coordinator	11/27/2021
Laguna	Santa Rosa	Barangay II (Poblacion)	574	Pedro	Pérez	Pérez	Female	58	OTHER_PROGRAM	"Non-Food Items (Hygiene Kits, Clothes, Household Items)"	Standard package	DOH - Pilot program. Contact: local coordinator	01/11/2022
Laguna	Santa Cruz	San Agustín (Antipolo)	320	Janna	García	Gómez	Female	33	MEDICAL_SERVICES	Tutorial Sessions	Standard package	Anonymous Donor - Special initiative. Contact: regional office	08/19/2021
Laguna	Nagcarlan	Casile	401	Miguel	Pérez	Galang	Male	59	LIVELIHOOD_ASSISTANCE	Parent Effectiveness Trainings	Basic assistance	Local Government - Pilot program. Contact: local coordinator	01/14/2025
Laguna	Bay	San Benito (Palita)	382	Pedro	Carn	Reyes	Female	20	EDUCATIONAL_ASSISTANCE	Cash for Training	Standard package	DA - Pilot program. Contact: main branch	02/03/2023
Laguna	San Pedro	Punta	718	Clara	Cruz	Reyes	Male	40	OTHER_PROGRAM	Activity Involvement/Advocacy	Level 1 support	DSWD - Emergency response	09/06/2024
Laguna	San Pablo	San José	617	Janna	Gómez	Galang	Female	39	MEDICAL_SERVICES	Mental Health Support	Basic assistance	USAID - Annual assistance. Contact: main branch	02/28/2022
Laguna	Victoria	Ulango	318	Miguel	López	Pérez	Female	74	DISASTER_RELIEF_ASSISTANCE	Parent Effectiveness Trainings	Level 1 support	Red Cross - Pilot program. Contact: main branch	11/15/2023
Laguna	Biñan	San Ildefonso	803	Juan	Santos	Cruz	Male	45	EDUCATIONAL_ASSISTANCE	Capital/Starter Kit	Basic assistance	DSWD - Annual assistance. Contact: regional office	07/23/2022
Laguna	Famy	Puting Lupa	250	James	Reyes	Galang	Male	63	LIVELIHOOD_ASSISTANCE	Transportation Allowance	Basic assistance	UNICEF - Regular program. Contact: main branch	02/20/2022
Laguna	Luisiana	Barangay IV (Poblacion)	525	Clara	Pérez	López	Female	62	AICS	Food Items	Canned Goods (10 pcs)	World Vision - Regular program. Contact: main branch	10/29/2021
Laguna	Alaminos	Parian	675	Juan	Pérez	López	Female	53	PWD_ASSISTANCE	Equipment/School Materials	Uniform	DOLE - Special initiative. Contact: regional office	01/29/2024
Laguna	Liliw	Looc	555	María	Cruz	García	Female	21	AICS	Scholarship Grants	Basic assistance	Anonymous Donor - Annual assistance. Contact: regional office	11/12/2024
Laguna	Pakil	Masili	898	Pedro	Santos	Galang	Male	55	LIVELIHOOD_ASSISTANCE	Values Formation	Week-long training	Caritas - Special initiative	04/29/2021
Laguna	Biñan	Milagrosa	952	Miguel	Reyes	Santos	Female	41	SOCIAL_PENSION	Voucher	Basic assistance	DSWD - Annual assistance. Contact: regional office	11/27/2021
Laguna	Calauan	San Ildefonso	623	James	Reyes	Gómez	Male	36	KALAHI	Dental Services	Basic assistance	DA - Pilot program	10/24/2022
Laguna	Cavinti	Súcol	717	Juan	Pérez	Gómez	Female	28	OTHER_CAPABILITY_BUILDING_SUPPORT	"Non-Food Items (Hygiene Kits, Clothes, Household Items)"	Standard package	DepEd - Emergency response	12/25/2021
Laguna	Pakil	Paciano Rizal	896	James	López	López	Female	57	SUPPLEMENTAL_FEEDING	Family Development Trainings	1-day seminar	DOLE - Regular program	02/24/2024
Laguna	Rizal	San Antonio	256	María	Pérez	López	Female	63	LIVELIHOOD_ASSISTANCE	Activity Involvement/Advocacy	Basic assistance	Provincial Government - Emergency response. Contact: local coordinator	10/16/2021
Laguna	San Pedro	Barangay III (Poblacion)	307	Ana	López	López	Female	57	DISASTER_RELIEF_ASSISTANCE	Food Assistance	Canned Goods (10 pcs)	DOLE - Pilot program. Contact: main branch	07/07/2022
Laguna	Santa Maria	Del Carmen	950	Pedro	Pérez	Cruz	Female	79	KALAHI	Equipment/School Materials	Laptop	Caritas - Pilot program. Contact: main branch	03/16/2022
Laguna	Paete	Barangay I (Poblacion)	144	Pedro	Pérez	Santos	Female	63	LIVELIHOOD_ASSISTANCE	Alternative Learning System	Basic assistance	UNICEF - Pilot program. Contact: regional office	07/29/2022
Laguna	Los Baños	San Agustín (Antipolo)	658	Janna	Reyes	Pérez	Female	72	DISASTER_RELIEF_ASSISTANCE	Skills Training	Sewing	UNICEF - Regular program. Contact: main branch	12/18/2022
Laguna	Pagsanjan	Saimsim	391	Miguel	López	Pérez	Male	56	AICS	Surgical Procedures	"PHP 3,000"	Private Donor - Emergency response. Contact: regional office	09/26/2024
Laguna	Calamba	Zapote	813	Pedro	Reyes	Galang	Female	70	SOCIAL_PENSION	Job Referral	Enhanced support	DepEd - Special initiative. Contact: main branch	05/12/2024
Laguna	Pagsanjan	Palingon	676	Pedro	Santos	Cruz	Female	35	MEDICAL_SERVICES	Financial	"PHP 10,000"	DSWD - Regular program	04/17/2024
Laguna	Los Baños	San José	169	Juan	Pérez	López	Female	29	LIVELIHOOD_ASSISTANCE	Parent Effectiveness Trainings	Level 1 support	DA - Annual assistance. Contact: regional office	12/12/2021
Laguna	San Pablo	Majada Labas	990	Clara	Carn	Pérez	Female	31	OTHER_CAPABILITY_BUILDING_SUPPORT	Equipment/School Materials	School Supplies Kit	DOH - Pilot program. Contact: local coordinator	10/12/2023
Laguna	Luisiana	San Antonio	298	Pedro	López	Santos	Male	64	OTHER_PROGRAM	Capital/Starter Kit	Standard package	Private Donor - Regular program. Contact: regional office	10/10/2023
Laguna	Liliw	Súcol	233	Pedro	García	Pérez	Male	35	DISASTER_RELIEF_ASSISTANCE	Alternative Learning System	Basic assistance	USAID - Emergency response	04/13/2023
Laguna	Famy	San Cristóbal	903	Miguel	Gómez	Gómez	Female	78	OTHER_CAPABILITY_BUILDING_SUPPORT	Transportation Allowance	Basic assistance	Private Donor - Annual assistance. Contact: regional office	04/15/2021
Laguna	San Pablo	San Cristóbal	271	María	García	Santos	Female	61	OTHER_PROGRAM	Parent Effectiveness Trainings	Level 1 support	Community Organization - Emergency response. Contact: local coordinator	11/09/2021
Laguna	Santa Rosa	Turbina	60	Clara	García	Cruz	Male	59	MEDICAL_SERVICES	Values Formation	2-day workshop	Anonymous Donor - Pilot program	03/27/2021
Laguna	Santa Rosa	Lingga	296	María	Carn	Pérez	Male	29	SUPPLEMENTAL_FEEDING	Scholarship Grants	Basic assistance	Local Government - Pilot program. Contact: main branch	01/04/2025
Laguna	Kalayaan	Pansol	467	Miguel	Reyes	López	Male	57	LIVELIHOOD_ASSISTANCE	Tutorial Sessions	Enhanced support	DOLE - Special initiative. Contact: regional office	02/12/2025
Laguna	Cabuyao	Parian	235	James	Reyes	Cruz	Female	44	DISASTER_RELIEF_ASSISTANCE	Medical Supplies	Wheelchair	World Vision - Annual assistance. Contact: regional office	09/13/2024
Laguna	Calamba	San Benito (Palita)	677	James	Gómez	Gómez	Male	23	AICS	Alternative Learning System	Level 1 support	Red Cross - Special initiative. Contact: local coordinator	06/28/2024
Laguna	Pangil	San José	706	Pedro	Gómez	Reyes	Male	41	OTHER_PROGRAM	Honorarium	Basic assistance	DOH - Annual assistance. Contact: local coordinator	04/27/2022
Laguna	Famy	San Juan	234	Pedro	Cruz	López	Female	68	DISASTER_RELIEF_ASSISTANCE	Mental Health Support	Basic assistance	Red Cross - Emergency response. Contact: local coordinator	04/30/2023
Laguna	Rizal	Makiling	368	Janna	Gómez	Cruz	Female	50	SLP	Vaccination	Basic assistance	UNICEF - Annual assistance. Contact: local coordinator	10/25/2023
Laguna	Kalayaan	Barangay I (Poblacion)	695	James	García	Galang	Female	62	SOCIAL_PENSION	Scholarship Grants	Standard package	Anonymous Donor - Emergency response. Contact: main branch	04/22/2024
Laguna	Magdalena	Parian	845	Juan	García	Pérez	Male	71	SUPPLEMENTAL_FEEDING	Vaccination	Enhanced support	Caritas - Emergency response. Contact: main branch	10/27/2021
Laguna	Magdalena	San Juan	232	Pedro	Reyes	López	Male	33	DISASTER_RELIEF_ASSISTANCE	Values Formation	Week-long training	DepEd - Annual assistance. Contact: regional office	06/12/2022
Laguna	Majayjay	Mapagong	873	Juan	García	García	Male	67	OTHER_PROGRAM	Honorarium	Standard package	DepEd - Special initiative. Contact: main branch	08/29/2022
Laguna	Mabitac	Puting Lupa	491	Pedro	Reyes	López	Male	29	PWD_ASSISTANCE	"Non-Food Items (Hygiene Kits, Clothes, Household Items)"	Standard package	USAID - Annual assistance. Contact: regional office	07/16/2023
Laguna	Famy	Timbao	619	Miguel	Pérez	Reyes	Female	48	MEDICAL_SERVICES	Technical Skills Training	Basic assistance	DOH - Annual assistance. Contact: local coordinator	03/25/2024
Laguna	Paete	Saimsim	503	Juan	Pérez	Cruz	Male	74	SUPPLEMENTAL_FEEDING	Equipment/School Materials	Tablet	Provincial Government - Emergency response. Contact: local coordinator	12/28/2024
Laguna	Liliw	San Andrés	890	Ana	Reyes	Gómez	Female	54	SUPPLEMENTAL_FEEDING	Consultation/Medical Check-Up	"PHP 10,000"	Community Organization - Pilot program	10/12/2024
Laguna	Santa Rosa	Zapote	735	Juan	López	García	Male	70	PWD_ASSISTANCE	Consultation/Medical Check-Up	Crutches	DSWD - Annual assistance. Contact: main branch	04/01/2025
Laguna	Pakil	Palingon	592	Clara	Reyes	Reyes	Male	30	MEDICAL_SERVICES	Agricultural and Fisheries	Basic assistance	DepEd - Pilot program. Contact: main branch	12/01/2023
Laguna	Calauan	Súcol	746	James	Santos	Galang	Male	75	SOCIAL_PENSION	Scholarship Grants	Enhanced support	UNICEF - Regular program. Contact: regional office	10/11/2022
Laguna	Luisiana	Maunong	381	Pedro	Santos	Gómez	Female	25	AICS	Medical Assistance	Medical Kit	Provincial Government - Special initiative. Contact: regional office	07/05/2024
Laguna	Bay	Looc	696	James	Santos	Gómez	Male	55	SUPPLEMENTAL_FEEDING	Food for Work	Level 1 support	USAID - Emergency response	10/21/2024
Laguna	Cavinti	Masaya	428	Clara	Santos	López	Female	20	SOCIAL_PENSION	Burial Assistance	Level 1 support	Red Cross - Emergency response. Contact: regional office	07/09/2022
Laguna	Majayjay	San Andrés	697	Clara	Carn	Pérez	Female	74	SUPPLEMENTAL_FEEDING	Parent Effectiveness Trainings	Level 1 support	USAID - Emergency response	12/26/2023
Laguna	Biñan	Barangay II (Poblacion)	646	Juan	Cruz	García	Female	75	AICS	Voucher	Enhanced support	World Vision - Regular program. Contact: regional office	05/16/2024
Laguna	Lumban	Looc	732	María	Cruz	Pérez	Female	37	PWD_ASSISTANCE	Job Fair	Enhanced support	Anonymous Donor - Emergency response	09/02/2021
Laguna	Biñan	Milagrosa	800	María	Reyes	Gómez	Male	75	AICS	Leadership Skills Training	Standard package	World Vision - Emergency response. Contact: regional office	06/20/2024
Laguna	Santa Maria	Barangay II (Poblacion)	364	Clara	Pérez	Cruz	Male	21	OTHER_CAPABILITY_BUILDING_SUPPORT	Vaccination	Enhanced support	Private Donor - Regular program. Contact: local coordinator	08/12/2022
Laguna	Paete	Mayapa	202	María	García	Cruz	Female	61	LIVELIHOOD_ASSISTANCE	Activity Involvement/Advocacy	Basic assistance	Local Government - Special initiative	01/01/2023
Laguna	Los Baños	San José	882	Pedro	Santos	Galang	Female	62	LIVELIHOOD_ASSISTANCE	Dental Services	Basic assistance	Anonymous Donor - Pilot program. Contact: regional office	11/05/2024
Laguna	Famy	Mayapa	146	Janna	Cruz	Reyes	Male	19	PWD_ASSISTANCE	Skills Training	Cooking	Community Organization - Annual assistance	05/31/2024
Laguna	Calauan	San Benito (Palita)	836	Ana	Cruz	García	Male	68	KALAHI	Surgical Procedures	Crutches	Local Government - Pilot program. Contact: local coordinator	11/11/2023
Laguna	Alaminos	Pansol	639	Juan	Santos	Galang	Female	53	SLP	Parent Effectiveness Trainings	Standard package	USAID - Regular program. Contact: regional office	05/27/2021
Laguna	Santa Rosa	Puting Lupa	457	Janna	Pérez	Reyes	Male	40	AICS	Transportation Allowance	Enhanced support	DA - Emergency response. Contact: main branch	10/23/2024
Laguna	Alaminos	San Cristóbal	135	María	Carn	Santos	Male	62	SLP	Values Formation	3-day conference	Community Organization - Special initiative	11/09/2021
Laguna	Rizal	Súcol	626	Juan	Carn	Santos	Male	36	SUPPLEMENTAL_FEEDING	Job Referral	Level 1 support	DOH - Emergency response. Contact: regional office	11/12/2021
Laguna	Famy	San Gregorio	264	Janna	Gómez	Reyes	Female	57	KALAHI	Capital/Starter Kit	Enhanced support	Red Cross - Annual assistance. Contact: local coordinator	02/07/2022
Laguna	Calamba	San Agustín (Antipolo)	64	James	Cruz	Cruz	Female	25	OTHER_PROGRAM	Equipment/School Materials	School Supplies Kit	DSWD - Special initiative	01/11/2025
Laguna	Santa Rosa	Puting Lupa	491	María	Gómez	Cruz	Female	33	EDUCATIONAL_ASSISTANCE	Skills Training	Carpentry	Local Government - Pilot program	04/20/2025
Laguna	Majayjay	Palo-Alto	647	Miguel	Carn	Santos	Female	75	SOCIAL_PENSION	Insurance	Enhanced support	Anonymous Donor - Special initiative. Contact: main branch	05/06/2021
Laguna	Los Baños	Barangay I (Poblacion)	41	Janna	López	Gómez	Female	60	SUPPLEMENTAL_FEEDING	Cash for Work	Level 1 support	DOLE - Pilot program	04/15/2023
Laguna	Calamba	Maunong	296	Miguel	Santos	Cruz	Male	35	KALAHI	Food for Work	Basic assistance	DepEd - Annual assistance. Contact: local coordinator	05/11/2022
Laguna	Cabuyao	Barangay IV (Poblacion)	3	Pedro	Pérez	Pérez	Male	53	KALAHI	Scholarship Grants	Level 1 support	Community Organization - Annual assistance. Contact: regional office	09/08/2023
Laguna	Victoria	Punta	913	James	Cruz	Gómez	Male	41	SOCIAL_PENSION	Voucher	Basic assistance	USAID - Pilot program	01/14/2023
Laguna	Calauan	Santo Tomás (Calabuso)	706	María	Santos	Cruz	Female	18	PWD_ASSISTANCE	Activity Involvement/Advocacy	Level 1 support	Private Donor - Pilot program. Contact: main branch	12/01/2022
Laguna	Mabitac	Palingon	975	Ana	Carn	Reyes	Male	18	AICS	Technical Skills Training	Enhanced support	DSWD - Emergency response. Contact: main branch	02/14/2021
Laguna	Pila	Uwisan	110	Clara	Santos	López	Female	79	SUPPLEMENTAL_FEEDING	Cash for Work	Enhanced support	Anonymous Donor - Regular program	09/16/2024
Laguna	Pagsanjan	Casile	221	María	Carn	Reyes	Female	63	SLP	Insurance	Level 1 support	Local Government - Pilot program. Contact: regional office	04/16/2023
Laguna	Kalayaan	Real	370	Miguel	Pérez	Cruz	Female	53	LIVELIHOOD_ASSISTANCE	Scholarship Grants	Standard package	Private Donor - Special initiative. Contact: regional office	08/22/2023
Laguna	Luisiana	San Ildefonso	368	Pedro	Carn	Reyes	Female	28	PWD_ASSISTANCE	Technical Skills Training	Basic assistance	Red Cross - Regular program. Contact: regional office	06/30/2023
Laguna	Los Baños	Palo-Alto	436	Ana	Santos	García	Female	35	OTHER_CAPABILITY_BUILDING_SUPPORT	Skills Training	Hairdressing	USAID - Emergency response	05/10/2023
Laguna	Mabitac	San Ildefonso	918	Ana	Pérez	Santos	Female	33	SUPPLEMENTAL_FEEDING	Cash for Work	Standard package	DSWD - Regular program	01/01/2024
Laguna	Rizal	Barangay II (Poblacion)	4	Ana	Carn	López	Male	34	DISASTER_RELIEF_ASSISTANCE	Scholarship Grants	Level 1 support	USAID - Annual assistance. Contact: main branch	12/29/2022
Laguna	Majayjay	Majada Labas	244	Juan	Gómez	Gómez	Female	41	LIVELIHOOD_ASSISTANCE	Scholarship Grants	Basic assistance	DSWD - Special initiative. Contact: local coordinator	04/08/2021
Laguna	Alaminos	Santa Rosa	902	Juan	López	Gómez	Male	51	SOCIAL_PENSION	Equipment/School Materials	Laptop	Red Cross - Pilot program. Contact: local coordinator	07/18/2024
Laguna	Lumban	Uwisan	166	Miguel	Reyes	García	Female	21	SLP	Capital/Starter Kit	Enhanced support	USAID - Annual assistance. Contact: regional office	12/01/2024
Laguna	Rizal	Casile	26	Clara	Santos	García	Male	52	OTHER_PROGRAM	Transportation Allowance	Level 1 support	Provincial Government - Emergency response. Contact: local coordinator	01/07/2025
Laguna	Pangil	San Andrés	395	Ana	Reyes	Cruz	Female	32	KALAHI	Cash for Work	Level 1 support	Local Government - Emergency response. Contact: main branch	01/20/2024
Laguna	Pangil	Barangay I (Poblacion)	474	Clara	Santos	Cruz	Female	19	AICS	Voucher	Level 1 support	Red Cross - Pilot program	04/27/2021
Laguna	Victoria	Mapagong	17	James	Carn	Gómez	Male	73	SOCIAL_PENSION	Insurance	Enhanced support	Community Organization - Special initiative. Contact: regional office	03/18/2025
Laguna	Lumban	San Roque	728	Ana	Carn	García	Female	68	SLP	Job Fair	Enhanced support	Private Donor - Annual assistance	09/22/2023
Laguna	Bay	San Juan	92	Janna	Pérez	García	Female	48	AICS	Burial Assistance	Basic assistance	Caritas - Emergency response. Contact: local coordinator	12/03/2023
Laguna	Cabuyao	Parian	483	Ana	Cruz	Gómez	Male	26	MEDICAL_SERVICES	Consultation/Medical Check-Up	Medical Kit	Caritas - Pilot program. Contact: regional office	03/12/2021
Laguna	Santa Rosa	Paciano Rizal	543	Miguel	López	Galang	Male	27	PWD_ASSISTANCE	Family Development Trainings	Week-long training	World Vision - Emergency response	03/13/2024
Laguna	Calauan	Timbao	205	Juan	Gómez	Galang	Female	70	SOCIAL_PENSION	Transportation Allowance	Level 1 support	Private Donor - Special initiative. Contact: main branch	09/27/2024
Laguna	Santa Cruz	San José	502	Juan	Cruz	Pérez	Male	42	LIVELIHOOD_ASSISTANCE	Food Assistance	Rice (5kg)	World Vision - Special initiative	01/28/2023
Laguna	Santa Maria	San Andrés	931	Janna	Reyes	Santos	Male	68	DISASTER_RELIEF_ASSISTANCE	Voucher	Enhanced support	Red Cross - Pilot program. Contact: regional office	03/07/2023
Laguna	Rizal	Mayapa	400	Janna	Carn	García	Female	77	OTHER_PROGRAM	Tutorial Sessions	Level 1 support	World Vision - Regular program. Contact: regional office	04/19/2023
Laguna	Santa Maria	Paciano Rizal	207	María	Cruz	Reyes	Male	22	SUPPLEMENTAL_FEEDING	Parent Effectiveness Trainings	Level 1 support	Local Government - Regular program. Contact: regional office	12/27/2022
Laguna	Calamba	Palingon	619	James	Carn	López	Female	31	EDUCATIONAL_ASSISTANCE	GAD Trainings	1-day seminar	World Vision - Special initiative. Contact: local coordinator	04/17/2021
Laguna	San Pedro	Palma	146	James	Santos	Galang	Male	59	PWD_ASSISTANCE	Equipment/School Materials	Uniform	USAID - Special initiative. Contact: main branch	01/21/2022
Laguna	Biñan	Masaya	879	Miguel	Cruz	Gómez	Female	65	EDUCATIONAL_ASSISTANCE	Skills Training	Cooking	DOH - Annual assistance	04/01/2022
Laguna	Alaminos	San Roque	101	Miguel	Reyes	Cruz	Female	55	LIVELIHOOD_ASSISTANCE	Honorarium	Standard package	USAID - Regular program. Contact: main branch	02/14/2023
Laguna	Cabuyao	Real	880	Miguel	Pérez	García	Female	74	SLP	Values Formation	2-day workshop	DOH - Special initiative. Contact: main branch	10/21/2021
Laguna	San Pedro	Milagrosa	830	Miguel	Cruz	Reyes	Male	57	MEDICAL_SERVICES	Surgical Procedures	Crutches	Anonymous Donor - Pilot program. Contact: local coordinator	06/25/2021
Laguna	Pakil	Mayapa	880	Miguel	Carn	López	Female	19	SUPPLEMENTAL_FEEDING	Cash for Work	Enhanced support	Local Government - Special initiative. Contact: main branch	02/05/2024
Laguna	Bay	Punta	241	Miguel	García	Reyes	Male	35	SUPPLEMENTAL_FEEDING	Medical Supplies	"PHP 3,000"	DepEd - Pilot program. Contact: local coordinator	01/15/2024
Laguna	Santa Cruz	San Gregorio	923	James	García	Pérez	Female	46	SUPPLEMENTAL_FEEDING	Medical Supplies	Medical Kit	DOH - Pilot program. Contact: local coordinator	03/14/2025
Laguna	Victoria	Barangay I (Poblacion)	759	Pedro	Pérez	Reyes	Female	70	AICS	Values Formation	1-day seminar	Caritas - Special initiative. Contact: regional office	06/04/2024
Laguna	Victoria	Majada Labas	163	Juan	Pérez	Cruz	Female	70	OTHER_PROGRAM	Insurance	Level 1 support	Red Cross - Special initiative. Contact: regional office	08/17/2022
Laguna	Calamba	Punta	884	James	López	Galang	Male	70	SOCIAL_PENSION	Values Formation	Week-long training	Caritas - Pilot program. Contact: regional office	11/25/2021
Laguna	Biñan	San Cristóbal	173	Miguel	Pérez	Reyes	Female	37	OTHER_PROGRAM	Family Development Trainings	Week-long training	Local Government - Pilot program. Contact: regional office	06/18/2024
Laguna	Siniloan	Ulango	502	María	Carn	López	Female	25	SOCIAL_PENSION	Surgical Procedures	Medical Kit	World Vision - Regular program	10/23/2023
Laguna	Santa Rosa	San Ildefonso	547	María	Gómez	Galang	Male	76	PWD_ASSISTANCE	Technical Skills Training	Enhanced support	World Vision - Regular program. Contact: main branch	06/28/2024
Laguna	Siniloan	Looc	284	James	Santos	Pérez	Female	54	AICS	GAD Trainings	1-day seminar	DOH - Regular program	02/11/2021
Laguna	Kalayaan	Puting Lupa	359	Janna	Cruz	Pérez	Female	66	OTHER_PROGRAM	Mental Health Support	Standard package	UNICEF - Pilot program	12/20/2024
Laguna	Pakil	San Juan	381	María	Pérez	Santos	Male	65	AICS	Mental Health Support	Basic assistance	DA - Special initiative. Contact: regional office	03/22/2021
Laguna	Calauan	San Andrés	870	Clara	García	Cruz	Male	43	DISASTER_RELIEF_ASSISTANCE	Insurance	Level 1 support	World Vision - Special initiative. Contact: regional office	05/03/2022
Laguna	Paete	Barangay II (Poblacion)	905	Janna	Santos	Galang	Male	79	PWD_ASSISTANCE	Mental Health Support	Basic assistance	DepEd - Pilot program	07/05/2023
Laguna	Calauan	Mayapa	972	Clara	Gómez	Pérez	Female	54	SLP	Mental Health Support	Standard package	DA - Regular program. Contact: local coordinator	09/19/2021
Laguna	Pagsanjan	Puting Lupa	911	Juan	Carn	Pérez	Male	66	KALAHI	Medical Assistance	"PHP 10,000"	Community Organization - Pilot program. Contact: regional office	11/19/2024
Laguna	Santa Rosa	Del Carmen	533	Pedro	Santos	Galang	Female	21	OTHER_PROGRAM	GAD Trainings	2-day workshop	Caritas - Annual assistance	12/10/2022
Laguna	Luisiana	Pansol	820	María	Carn	Reyes	Female	50	AICS	Food for Work	Standard package	DOH - Pilot program. Contact: main branch	06/25/2024
Laguna	San Pedro	Masili	163	Janna	Gómez	Gómez	Male	39	KALAHI	Parent Effectiveness Trainings	Level 1 support	Community Organization - Annual assistance. Contact: main branch	09/15/2024
Laguna	Los Baños	Zapote	609	Miguel	Gómez	López	Male	23	SLP	Honorarium	Standard package	Local Government - Emergency response	09/20/2023
Laguna	Bay	San Miguel	307	Clara	López	Reyes	Female	50	LIVELIHOOD_ASSISTANCE	Values Formation	3-day conference	USAID - Emergency response. Contact: main branch	03/19/2023
Laguna	Magdalena	Súcol	339	James	Cruz	López	Male	45	SLP	GAD Trainings	1-day seminar	DOLE - Regular program. Contact: local coordinator	07/02/2022
Laguna	Luisiana	Lingga	55	Clara	Santos	Pérez	Male	41	OTHER_CAPABILITY_BUILDING_SUPPORT	Burial Assistance	Basic assistance	Provincial Government - Special initiative	09/07/2022
Laguna	Luisiana	San Vicente	983	Clara	Gómez	Pérez	Female	79	SLP	Agricultural and Fisheries	Enhanced support	Community Organization - Annual assistance	08/05/2023
Laguna	Kalayaan	Milagrosa	333	Juan	Cruz	Cruz	Male	21	SOCIAL_PENSION	Food for Work	Enhanced support	Community Organization - Emergency response. Contact: regional office	03/26/2023
Laguna	Pangil	San José	127	Ana	Santos	Galang	Male	19	SUPPLEMENTAL_FEEDING	Tutorial Sessions	Level 1 support	Anonymous Donor - Emergency response	04/08/2021
Laguna	San Pablo	Puting Lupa	940	Ana	Carn	García	Male	30	OTHER_CAPABILITY_BUILDING_SUPPORT	Consultation/Medical Check-Up	"PHP 10,000"	Provincial Government - Regular program. Contact: local coordinator	03/14/2024
Laguna	Bay	Pansol	705	James	Gómez	Pérez	Female	63	EDUCATIONAL_ASSISTANCE	Dental Services	Enhanced support	Local Government - Special initiative. Contact: local coordinator	03/05/2023
Laguna	Pila	Zapote	243	Juan	Carn	López	Male	66	AICS	Alternative Learning System	Level 1 support	DepEd - Annual assistance	05/07/2021
Laguna	Biñan	Turbina	861	Juan	Santos	López	Male	28	EDUCATIONAL_ASSISTANCE	Cash for Training	Basic assistance	Local Government - Regular program. Contact: regional office	08/20/2024
Laguna	Luisiana	Palo-Alto	600	Miguel	López	Gómez	Female	52	KALAHI	Cash for Training	Basic assistance	Red Cross - Emergency response. Contact: regional office	03/06/2023
Laguna	Santa Rosa	San José	848	Juan	Carn	Gómez	Female	56	DISASTER_RELIEF_ASSISTANCE	Cash for Work	Enhanced support	UNICEF - Pilot program	08/02/2022
Laguna	Victoria	San Isidro	409	Juan	Reyes	Reyes	Female	27	LIVELIHOOD_ASSISTANCE	Food Items	Basic Groceries	DepEd - Special initiative. Contact: regional office	11/03/2024
Laguna	Santa Cruz	Barangay I (Poblacion)	503	Ana	Reyes	Reyes	Female	60	KALAHI	Capital/Starter Kit	Standard package	DA - Regular program. Contact: local coordinator	03/16/2024
Laguna	Majayjay	Turbina	727	Janna	Cruz	Pérez	Male	27	SOCIAL_PENSION	Family Development Trainings	3-day conference	Private Donor - Regular program. Contact: local coordinator	04/20/2023
Laguna	Pangil	Masaya	604	Juan	Pérez	Pérez	Female	25	DISASTER_RELIEF_ASSISTANCE	Tutorial Sessions	Standard package	Provincial Government - Special initiative. Contact: local coordinator	01/10/2024
Laguna	Santa Rosa	Barangay I (Poblacion)	303	Janna	Reyes	Santos	Female	22	MEDICAL_SERVICES	Job Fair	Basic assistance	Caritas - Annual assistance. Contact: main branch	06/19/2024
Laguna	San Pablo	Barangay IV (Poblacion)	464	Clara	Reyes	López	Male	40	KALAHI	Voucher	Level 1 support	Community Organization - Special initiative. Contact: regional office	08/06/2022
Laguna	Santa Cruz	San José	235	Clara	López	Cruz	Female	51	PWD_ASSISTANCE	Food for Work	Level 1 support	DOH - Annual assistance. Contact: main branch	07/02/2022
Laguna	Victoria	Calo	696	Juan	López	Galang	Female	77	DISASTER_RELIEF_ASSISTANCE	Equipment/School Materials	Tablet	Red Cross - Emergency response. Contact: main branch	03/08/2021
Laguna	Alaminos	Turbina	38	María	Pérez	Galang	Male	77	OTHER_CAPABILITY_BUILDING_SUPPORT	Medical Assistance	Medical Kit	Private Donor - Pilot program	11/13/2022
Laguna	Pangil	San Vicente	139	Pedro	García	Gómez	Female	64	SOCIAL_PENSION	Surgical Procedures	"PHP 5,000"	DSWD - Emergency response. Contact: local coordinator	02/07/2025
Laguna	Biñan	Parian	195	María	Pérez	Galang	Female	49	KALAHI	Skills Training	Cooking	Red Cross - Regular program. Contact: local coordinator	08/02/2022
Laguna	Pakil	Mapagong	527	Clara	García	López	Male	33	OTHER_CAPABILITY_BUILDING_SUPPORT	Alternative Learning System	Standard package	DSWD - Annual assistance	04/17/2023
Laguna	Bay	Sirang Lupa	769	Pedro	López	Reyes	Male	21	SOCIAL_PENSION	Vaccination	Enhanced support	DOLE - Special initiative. Contact: regional office	12/27/2024
Laguna	Kalayaan	Mapagong	647	María	García	Cruz	Male	71	SUPPLEMENTAL_FEEDING	Scholarship Grants	Basic assistance	Community Organization - Regular program. Contact: local coordinator	08/18/2024
Laguna	Pagsanjan	Sirang Lupa	1	Juan	López	Galang	Male	77	OTHER_PROGRAM	Consultation/Medical Check-Up	"PHP 10,000"	DOLE - Pilot program. Contact: main branch	04/04/2023
Laguna	Magdalena	Parian	561	Janna	García	López	Male	45	SLP	Financial	"PHP 5,000"	Provincial Government - Annual assistance	10/30/2024
Laguna	Paete	Súcol	96	Pedro	Carn	García	Male	65	SOCIAL_PENSION	Equipment/School Materials	School Supplies Kit	DA - Annual assistance	07/29/2022
Laguna	Santa Cruz	Uwisan	713	Ana	López	Pérez	Male	61	KALAHI	Financial	"PHP 5,000"	DOH - Emergency response. Contact: regional office	01/07/2024
Laguna	Los Baños	Real	413	James	Pérez	Santos	Male	77	OTHER_CAPABILITY_BUILDING_SUPPORT	Technical Skills Training	Standard package	Anonymous Donor - Annual assistance. Contact: local coordinator	01/30/2021
Laguna	San Pedro	Mayapa	538	Pedro	Cruz	Santos	Male	31	EDUCATIONAL_ASSISTANCE	Values Formation	2-day workshop	Anonymous Donor - Regular program	10/07/2024
Laguna	Rizal	San Vicente	855	Pedro	Cruz	Galang	Male	29	DISASTER_RELIEF_ASSISTANCE	Job Referral	Basic assistance	Provincial Government - Special initiative. Contact: regional office	02/02/2023
Laguna	Majayjay	Turbina	429	Ana	López	Reyes	Male	77	KALAHI	Medical Assistance	"PHP 10,000"	USAID - Regular program	04/11/2023
Laguna	Pila	Zapote	235	Juan	Reyes	Santos	Male	38	DISASTER_RELIEF_ASSISTANCE	Dental Services	Basic assistance	Provincial Government - Annual assistance. Contact: main branch	02/13/2024
Laguna	Nagcarlan	San Juan	349	María	Gómez	Santos	Female	65	SOCIAL_PENSION	Job Referral	Standard package	Community Organization - Emergency response	09/17/2024
Laguna	Calamba	Sirang Lupa	756	María	Cruz	Gómez	Male	33	MEDICAL_SERVICES	Vaccination	Basic assistance	Local Government - Annual assistance. Contact: main branch	03/09/2025
Laguna	Luisiana	San Benito (Palita)	870	Clara	Pérez	Santos	Male	71	SOCIAL_PENSION	Vaccination	Enhanced support	Local Government - Special initiative. Contact: local coordinator	01/01/2023
Laguna	Los Baños	San Ildefonso	481	Janna	Reyes	Santos	Male	61	AICS	"Non-Food Items (Hygiene Kits, Clothes, Household Items)"	Basic assistance	Anonymous Donor - Pilot program. Contact: regional office	03/23/2024
Laguna	Victoria	Lingga	839	Juan	Cruz	Galang	Male	19	EDUCATIONAL_ASSISTANCE	Values Formation	3-day conference	Caritas - Regular program	06/19/2022
Laguna	Magdalena	Barangay I (Poblacion)	396	Ana	Gómez	Gómez	Male	40	SUPPLEMENTAL_FEEDING	Mental Health Support	Level 1 support	Private Donor - Special initiative. Contact: local coordinator	01/04/2022
Laguna	Santa Maria	San Juan	351	Juan	Santos	López	Female	73	SUPPLEMENTAL_FEEDING	Vaccination	Level 1 support	UNICEF - Regular program. Contact: regional office	10/13/2024
Laguna	Biñan	Makiling	416	Juan	Santos	Cruz	Female	46	OTHER_CAPABILITY_BUILDING_SUPPORT	Surgical Procedures	"PHP 10,000"	Provincial Government - Special initiative	10/29/2021
Laguna	Alaminos	Saimsim	886	María	López	Cruz	Female	63	LIVELIHOOD_ASSISTANCE	Dental Services	Standard package	DSWD - Pilot program. Contact: local coordinator	01/14/2025
Laguna	Pakil	Makiling	916	Ana	Gómez	Reyes	Female	60	OTHER_PROGRAM	Vaccination	Enhanced support	DOLE - Emergency response	07/06/2023
Laguna	Siniloan	Paciano Rizal	887	Miguel	Pérez	López	Male	26	OTHER_CAPABILITY_BUILDING_SUPPORT	Family Development Trainings	Week-long training	Provincial Government - Pilot program. Contact: local coordinator	11/03/2021
Laguna	Majayjay	Palma	51	James	Pérez	Pérez	Female	71	AICS	Food Items	Food Pack	DOH - Regular program	12/23/2023
Laguna	Bay	San Isidro	81	Pedro	Cruz	García	Female	24	LIVELIHOOD_ASSISTANCE	Family Development Trainings	2-day workshop	USAID - Emergency response	04/17/2023
Laguna	Bay	Turbina	36	María	Carn	Cruz	Male	46	OTHER_PROGRAM	Burial Assistance	Enhanced support	Caritas - Emergency response. Contact: main branch	07/23/2024
Laguna	Biñan	San Isidro	67	Ana	Reyes	García	Female	61	DISASTER_RELIEF_ASSISTANCE	Capital/Starter Kit	Enhanced support	Provincial Government - Annual assistance. Contact: main branch	05/26/2022
Laguna	Famy	Ulango	641	Janna	Gómez	Cruz	Female	78	OTHER_CAPABILITY_BUILDING_SUPPORT	Vaccination	Level 1 support	DOLE - Regular program. Contact: regional office	10/15/2023
Laguna	San Pablo	Ulango	882	Pedro	Cruz	Gómez	Male	34	SUPPLEMENTAL_FEEDING	Agricultural and Fisheries	Enhanced support	Anonymous Donor - Special initiative. Contact: local coordinator	06/06/2023
Laguna	Santa Rosa	Turbina	667	Pedro	López	Cruz	Male	26	LIVELIHOOD_ASSISTANCE	Food for Work	Level 1 support	Caritas - Regular program. Contact: local coordinator	04/08/2025
Laguna	Magdalena	San Andrés	757	Miguel	Gómez	Gómez	Female	23	LIVELIHOOD_ASSISTANCE	Surgical Procedures	Wheelchair	Private Donor - Annual assistance. Contact: local coordinator	07/27/2023
Laguna	Cavinti	San Antonio	623	Miguel	Reyes	Gómez	Male	61	EDUCATIONAL_ASSISTANCE	GAD Trainings	Week-long training	DOH - Pilot program	01/22/2022
Laguna	Calauan	Barangay I (Poblacion)	680	María	García	Reyes	Female	37	SOCIAL_PENSION	Insurance	Enhanced support	Private Donor - Regular program. Contact: regional office	03/06/2023
Laguna	Kalayaan	Mapagong	481	Clara	López	Santos	Male	27	AICS	Consultation/Medical Check-Up	"PHP 5,000"	Anonymous Donor - Emergency response	05/09/2023
Laguna	Pakil	Saimsim	468	Janna	Cruz	Reyes	Female	26	OTHER_PROGRAM	Equipment/School Materials	School Supplies Kit	DOLE - Regular program. Contact: local coordinator	04/03/2022
Laguna	Santa Rosa	Mapagong	142	María	Carn	Gómez	Female	29	OTHER_PROGRAM	"Non-Food Items (Hygiene Kits, Clothes, Household Items)"	Standard package	Provincial Government - Regular program. Contact: main branch	12/02/2024
Laguna	Alaminos	San José	356	Juan	Gómez	Gómez	Female	50	SUPPLEMENTAL_FEEDING	Cash for Training	Enhanced support	World Vision - Special initiative	11/10/2024
Laguna	Famy	Santo Domingo	709	Clara	García	Cruz	Male	49	SOCIAL_PENSION	Surgical Procedures	Crutches	DA - Regular program. Contact: regional office	11/14/2024
Laguna	Rizal	San Ildefonso	471	Ana	López	López	Male	51	SUPPLEMENTAL_FEEDING	GAD Trainings	2-day workshop	Local Government - Pilot program. Contact: local coordinator	06/06/2024
Laguna	Rizal	San José	621	Miguel	Cruz	Santos	Female	36	PWD_ASSISTANCE	Food Assistance	Food Pack	UNICEF - Special initiative. Contact: local coordinator	06/04/2024
Laguna	Biñan	Looc	888	Janna	Santos	López	Male	50	AICS	Insurance	Standard package	Community Organization - Annual assistance	09/12/2024
Laguna	Cabuyao	San Juan	591	Pedro	Pérez	López	Male	65	SOCIAL_PENSION	Voucher	Level 1 support	Community Organization - Annual assistance	09/20/2024
Laguna	Santa Cruz	Palingon	902	María	Cruz	López	Female	33	LIVELIHOOD_ASSISTANCE	"Non-Food Items (Hygiene Kits, Clothes, Household Items)"	Standard package	Community Organization - Annual assistance. Contact: regional office	10/04/2021
Laguna	San Pedro	San Antonio	673	Miguel	Santos	Santos	Male	67	SLP	Financial	"PHP 3,000"	Provincial Government - Special initiative. Contact: main branch	08/18/2021
Laguna	Magdalena	San Ildefonso	439	Pedro	Santos	López	Male	67	KALAHI	GAD Trainings	1-day seminar	World Vision - Emergency response. Contact: main branch	03/26/2024
Laguna	Calauan	San Miguel	531	Janna	López	Santos	Female	40	PWD_ASSISTANCE	Insurance	Level 1 support	World Vision - Regular program. Contact: regional office	01/13/2021
Laguna	Magdalena	Ulango	127	Miguel	Cruz	García	Female	43	SUPPLEMENTAL_FEEDING	Tutorial Sessions	Level 1 support	Red Cross - Pilot program. Contact: main branch	03/07/2025
Laguna	Pangil	Palingon	205	Miguel	Pérez	Gómez	Male	62	PWD_ASSISTANCE	Medical Supplies	"PHP 5,000"	USAID - Special initiative	07/16/2021
Laguna	Biñan	San Benito (Palita)	29	Pedro	Cruz	Pérez	Male	71	DISASTER_RELIEF_ASSISTANCE	Skills Training	Cooking	DOH - Regular program. Contact: regional office	09/07/2022
Laguna	San Pedro	Santa Rosa	445	María	Santos	Cruz	Male	61	OTHER_CAPABILITY_BUILDING_SUPPORT	"Non-Food Items (Hygiene Kits, Clothes, Household Items)"	Enhanced support	Red Cross - Emergency response. Contact: main branch	04/13/2021
Laguna	Pangil	Makiling	966	Clara	Reyes	Galang	Female	58	SLP	Family Development Trainings	Week-long training	World Vision - Annual assistance. Contact: regional office	04/08/2024
Laguna	Pangil	San Cristóbal	719	María	García	López	Male	79	LIVELIHOOD_ASSISTANCE	Values Formation	1-day seminar	DOH - Regular program. Contact: local coordinator	04/19/2021
Laguna	Mabitac	San Roque	464	James	Carn	Reyes	Male	54	SOCIAL_PENSION	Alternative Learning System	Standard package	Red Cross - Regular program	01/11/2022
Laguna	Pakil	San Gregorio	280	Miguel	Cruz	García	Male	26	DISASTER_RELIEF_ASSISTANCE	Tutorial Sessions	Standard package	Provincial Government - Annual assistance	05/06/2021
Laguna	Mabitac	Paciano Rizal	151	Pedro	García	Reyes	Male	47	LIVELIHOOD_ASSISTANCE	Consultation/Medical Check-Up	Wheelchair	Red Cross - Annual assistance. Contact: local coordinator	01/17/2023
Laguna	Cabuyao	Paciano Rizal	240	James	García	Galang	Male	30	KALAHI	Family Development Trainings	Week-long training	DepEd - Special initiative. Contact: local coordinator	01/20/2022
Laguna	Luisiana	Santo Domingo	266	Clara	Gómez	Santos	Male	65	SUPPLEMENTAL_FEEDING	Cash for Work	Enhanced support	Local Government - Special initiative. Contact: main branch	05/28/2021
Laguna	Nagcarlan	Santa Rosa	694	James	Reyes	Galang	Female	77	SUPPLEMENTAL_FEEDING	Agricultural and Fisheries	Standard package	Caritas - Emergency response. Contact: local coordinator	11/14/2022
Laguna	Cavinti	San Cristóbal	105	Pedro	García	Reyes	Female	59	SOCIAL_PENSION	Surgical Procedures	Medical Kit	UNICEF - Emergency response. Contact: local coordinator	10/22/2023
Laguna	Kalayaan	Saimsim	937	Janna	Cruz	Gómez	Female	79	SLP	Cash for Work	Basic assistance	Caritas - Annual assistance	09/22/2023
Laguna	Biñan	Barangay IV (Poblacion)	433	Juan	López	Gómez	Male	33	SOCIAL_PENSION	Cash for Training	Standard package	Anonymous Donor - Emergency response	07/06/2022
Laguna	Santa Rosa	Saimsim	913	Clara	López	Galang	Male	63	OTHER_PROGRAM	Honorarium	Level 1 support	DepEd - Pilot program	01/19/2023
Laguna	Lumban	Barangay I (Poblacion)	497	María	Gómez	Gómez	Female	74	DISASTER_RELIEF_ASSISTANCE	Technical Skills Training	Standard package	Local Government - Emergency response. Contact: regional office	10/28/2023
Laguna	Magdalena	Mayapa	440	Ana	García	Cruz	Female	19	SOCIAL_PENSION	Equipment/School Materials	Tablet	DOH - Annual assistance	04/01/2024
Laguna	Paete	Calo	748	Clara	Cruz	Galang	Female	48	KALAHI	Leadership Skills Training	Basic assistance	Anonymous Donor - Regular program. Contact: main branch	03/12/2022
Laguna	Pagsanjan	Barangay II (Poblacion)	685	James	Cruz	López	Female	77	OTHER_PROGRAM	Skills Training	Sewing	DOH - Emergency response	03/13/2023
Laguna	Alaminos	Casile	158	Janna	Santos	Cruz	Female	74	DISASTER_RELIEF_ASSISTANCE	"Non-Food Items (Hygiene Kits, Clothes, Household Items)"	Standard package	Private Donor - Regular program. Contact: regional office	12/28/2024
Laguna	Calauan	Masili	172	Pedro	Reyes	López	Male	68	SUPPLEMENTAL_FEEDING	"Non-Food Items (Hygiene Kits, Clothes, Household Items)"	Standard package	Caritas - Regular program. Contact: regional office	11/21/2021
Laguna	Santa Maria	Puting Lupa	494	Janna	Pérez	Pérez	Male	60	PWD_ASSISTANCE	Medical Assistance	Crutches	USAID - Regular program. Contact: main branch	06/06/2021
Laguna	Santa Maria	Punta	970	Janna	Carn	Pérez	Male	36	PWD_ASSISTANCE	Cash for Training	Enhanced support	UNICEF - Regular program. Contact: local coordinator	02/12/2024
Laguna	Rizal	San Benito (Palita)	311	Pedro	Pérez	Galang	Male	77	MEDICAL_SERVICES	Food Items	Canned Goods (10 pcs)	DA - Regular program. Contact: local coordinator	04/22/2021
Laguna	Santa Maria	Pansol	403	Ana	Gómez	Cruz	Male	28	DISASTER_RELIEF_ASSISTANCE	Job Fair	Level 1 support	DA - Pilot program. Contact: regional office	09/14/2023
Laguna	Santa Maria	Barangay II (Poblacion)	669	Pedro	Santos	Gómez	Female	31	DISASTER_RELIEF_ASSISTANCE	Family Development Trainings	2-day workshop	USAID - Regular program. Contact: regional office	01/18/2025
Laguna	Bay	Casile	770	Ana	Carn	Cruz	Female	64	OTHER_PROGRAM	Job Referral	Enhanced support	DOLE - Special initiative. Contact: local coordinator	01/02/2024
Laguna	San Pablo	Casile	676	Pedro	Pérez	Pérez	Male	42	OTHER_CAPABILITY_BUILDING_SUPPORT	Consultation/Medical Check-Up	"PHP 5,000"	USAID - Special initiative. Contact: main branch	08/12/2023
Laguna	Mabitac	Palo-Alto	659	James	Cruz	Galang	Female	24	PWD_ASSISTANCE	Activity Involvement/Advocacy	Enhanced support	UNICEF - Annual assistance. Contact: regional office	05/01/2024
Laguna	Calauan	Lingga	903	Ana	López	García	Male	32	SUPPLEMENTAL_FEEDING	Skills Training	Sewing	DOLE - Special initiative. Contact: regional office	02/07/2025
Laguna	Mabitac	Uwisan	666	James	Santos	Santos	Male	47	OTHER_PROGRAM	Values Formation	2-day workshop	Caritas - Pilot program	07/20/2024
Laguna	Cabuyao	San Antonio	463	Clara	Pérez	Santos	Female	76	SOCIAL_PENSION	Leadership Skills Training	Standard package	DepEd - Special initiative. Contact: main branch	08/16/2023
Laguna	Pangil	Santo Tomás (Calabuso)	367	Ana	Gómez	Santos	Male	48	DISASTER_RELIEF_ASSISTANCE	Insurance	Basic assistance	USAID - Special initiative. Contact: regional office	01/06/2023
Laguna	Famy	Del Carmen	550	Ana	García	Gómez	Male	41	AICS	GAD Trainings	2-day workshop	DepEd - Regular program. Contact: regional office	05/23/2023
Laguna	Victoria	Looc	643	Pedro	Gómez	Cruz	Male	72	OTHER_PROGRAM	Mental Health Support	Standard package	Caritas - Pilot program. Contact: regional office	04/04/2021
Laguna	Biñan	Turbina	870	Ana	Gómez	Gómez	Female	42	LIVELIHOOD_ASSISTANCE	Insurance	Standard package	DepEd - Special initiative. Contact: regional office	12/20/2022
Laguna	Pagsanjan	Pansol	255	James	Gómez	Pérez	Female	25	SLP	Dental Services	Level 1 support	Provincial Government - Pilot program. Contact: regional office	11/13/2022
Laguna	Victoria	San Gregorio	208	Miguel	García	Santos	Male	47	EDUCATIONAL_ASSISTANCE	Job Referral	Level 1 support	DOH - Pilot program. Contact: regional office	10/30/2022
Laguna	Mabitac	San Antonio	450	Clara	Carn	Pérez	Male	53	PWD_ASSISTANCE	Family Development Trainings	Week-long training	Private Donor - Regular program	05/30/2022
Laguna	Santa Maria	Makiling	95	Miguel	Cruz	Cruz	Female	67	SUPPLEMENTAL_FEEDING	Medical Assistance	Crutches	USAID - Regular program	05/28/2024
Laguna	Pakil	San Antonio	860	Pedro	López	Pérez	Female	31	LIVELIHOOD_ASSISTANCE	Job Referral	Basic assistance	Private Donor - Special initiative. Contact: main branch	10/26/2023
Laguna	Nagcarlan	Turbina	839	María	Carn	García	Female	46	MEDICAL_SERVICES	Consultation/Medical Check-Up	Medical Kit	Private Donor - Pilot program. Contact: main branch	07/13/2021
Laguna	San Pedro	Masaya	478	Clara	Pérez	Gómez	Female	44	SUPPLEMENTAL_FEEDING	Voucher	Basic assistance	DA - Regular program. Contact: main branch	02/23/2021
Laguna	Famy	San Miguel	683	Miguel	Pérez	Galang	Male	70	KALAHI	Family Development Trainings	2-day workshop	USAID - Regular program	07/23/2023
Laguna	San Pablo	Barangay II (Poblacion)	762	Clara	López	Pérez	Male	67	KALAHI	Tutorial Sessions	Enhanced support	DepEd - Special initiative. Contact: regional office	09/03/2023
Laguna	Mabitac	Mapagong	190	Miguel	Pérez	Pérez	Male	53	SOCIAL_PENSION	Tutorial Sessions	Standard package	Local Government - Regular program. Contact: local coordinator	03/23/2023
Laguna	Santa Cruz	Parian	711	James	Reyes	Galang	Female	79	LIVELIHOOD_ASSISTANCE	GAD Trainings	3-day conference	USAID - Special initiative. Contact: regional office	05/17/2024
Laguna	Calauan	Palo-Alto	484	Miguel	López	Cruz	Female	77	AICS	Tutorial Sessions	Basic assistance	Red Cross - Special initiative. Contact: local coordinator	03/01/2025
Laguna	Rizal	Real	733	Clara	García	Cruz	Male	51	OTHER_CAPABILITY_BUILDING_SUPPORT	Skills Training	Hairdressing	DepEd - Pilot program. Contact: main branch	01/18/2025
Laguna	Pila	Santa Rosa	536	María	Pérez	Gómez	Female	38	PWD_ASSISTANCE	Job Referral	Enhanced support	World Vision - Special initiative. Contact: local coordinator	01/09/2024
Laguna	Majayjay	Paciano Rizal	756	Janna	Pérez	Pérez	Male	55	DISASTER_RELIEF_ASSISTANCE	Dental Services	Level 1 support	UNICEF - Annual assistance. Contact: regional office	10/29/2023
Laguna	San Pedro	Ulango	423	Pedro	Santos	García	Female	28	OTHER_CAPABILITY_BUILDING_SUPPORT	Medical Assistance	Wheelchair	DSWD - Annual assistance. Contact: main branch	04/01/2021
Laguna	Pagsanjan	Maunong	836	Janna	Santos	Santos	Male	50	SLP	Burial Assistance	Standard package	Anonymous Donor - Annual assistance	12/12/2021
Laguna	Mabitac	San Benito (Palita)	640	Pedro	Santos	García	Male	32	PWD_ASSISTANCE	Surgical Procedures	Crutches	Red Cross - Annual assistance. Contact: regional office	10/19/2023
Laguna	Pagsanjan	San Gregorio	605	Clara	López	Galang	Male	29	PWD_ASSISTANCE	Transportation Allowance	Level 1 support	DOLE - Regular program. Contact: main branch	12/17/2021
Laguna	Biñan	Maunong	812	Pedro	García	Galang	Male	41	SLP	Medical Assistance	"PHP 10,000"	Red Cross - Emergency response. Contact: local coordinator	07/29/2021
Laguna	Liliw	Majada Labas	133	Miguel	López	López	Female	67	SOCIAL_PENSION	Insurance	Enhanced support	World Vision - Emergency response. Contact: main branch	09/15/2021
Laguna	Pagsanjan	Real	55	James	Gómez	Santos	Male	79	MEDICAL_SERVICES	Scholarship Grants	Basic assistance	World Vision - Pilot program. Contact: main branch	12/01/2023
Laguna	Kalayaan	Turbina	989	María	Cruz	Pérez	Male	54	MEDICAL_SERVICES	Vaccination	Enhanced support	DSWD - Annual assistance. Contact: local coordinator	12/28/2022
Laguna	Santa Rosa	Paciano Rizal	510	Pedro	García	Galang	Male	28	SOCIAL_PENSION	Leadership Skills Training	Enhanced support	UNICEF - Emergency response. Contact: local coordinator	11/27/2022
Laguna	Pakil	Saimsim	670	María	García	López	Male	73	SOCIAL_PENSION	Voucher	Enhanced support	Private Donor - Annual assistance	10/31/2021
Laguna	Lumban	Casile	541	Pedro	Gómez	Cruz	Female	70	PWD_ASSISTANCE	Tutorial Sessions	Enhanced support	Provincial Government - Emergency response. Contact: regional office	06/18/2024
Laguna	Cavinti	Mapagong	410	María	López	Galang	Male	36	LIVELIHOOD_ASSISTANCE	Food Assistance	Rice (5kg)	DOLE - Special initiative	04/07/2025
Laguna	Mabitac	Barangay III (Poblacion)	211	Janna	López	Reyes	Male	71	DISASTER_RELIEF_ASSISTANCE	Scholarship Grants	Enhanced support	Red Cross - Regular program. Contact: main branch	05/15/2023
Laguna	Kalayaan	Del Carmen	666	James	Santos	Santos	Female	18	EDUCATIONAL_ASSISTANCE	Tutorial Sessions	Standard package	UNICEF - Emergency response	09/02/2021
Laguna	Santa Maria	Barangay IV (Poblacion)	293	Pedro	García	López	Male	34	MEDICAL_SERVICES	Medical Supplies	Wheelchair	Local Government - Regular program	02/25/2023
Laguna	Santa Rosa	Lingga	987	Juan	Santos	Santos	Male	57	SUPPLEMENTAL_FEEDING	Family Development Trainings	3-day conference	Community Organization - Special initiative. Contact: regional office	08/14/2022
Laguna	Rizal	San Antonio	734	María	Cruz	Santos	Male	72	EDUCATIONAL_ASSISTANCE	Agricultural and Fisheries	Basic assistance	World Vision - Emergency response. Contact: regional office	10/31/2021
Laguna	San Pedro	Looc	115	María	Reyes	Reyes	Male	33	KALAHI	Technical Skills Training	Basic assistance	Private Donor - Regular program. Contact: main branch	04/08/2025
Laguna	Santa Rosa	San Juan	949	Miguel	Santos	García	Female	43	OTHER_CAPABILITY_BUILDING_SUPPORT	Scholarship Grants	Level 1 support	Red Cross - Special initiative. Contact: main branch	04/21/2021
Laguna	Pagsanjan	San José	670	Juan	López	Cruz	Female	75	PWD_ASSISTANCE	Food Assistance	Basic Groceries	Community Organization - Emergency response	02/28/2024
Laguna	Magdalena	San José	259	James	Pérez	Santos	Female	60	OTHER_CAPABILITY_BUILDING_SUPPORT	Financial	"PHP 1,500"	DepEd - Regular program	10/17/2024
Laguna	Pakil	Santo Domingo	763	María	Carn	Galang	Female	76	LIVELIHOOD_ASSISTANCE	Insurance	Basic assistance	Red Cross - Special initiative. Contact: main branch	09/17/2021
Laguna	Mabitac	Palo-Alto	122	James	Reyes	Gómez	Female	68	MEDICAL_SERVICES	Vaccination	Standard package	UNICEF - Annual assistance. Contact: regional office	10/28/2022
Laguna	San Pablo	Timbao	299	María	Cruz	Cruz	Female	73	LIVELIHOOD_ASSISTANCE	Vaccination	Basic assistance	Anonymous Donor - Regular program	06/15/2022
Laguna	Calauan	Looc	775	Clara	Pérez	Galang	Male	60	PWD_ASSISTANCE	Alternative Learning System	Level 1 support	DA - Emergency response. Contact: main branch	07/15/2022
Laguna	Pangil	Barangay II (Poblacion)	381	Ana	López	Cruz	Male	32	EDUCATIONAL_ASSISTANCE	Leadership Skills Training	Enhanced support	Anonymous Donor - Emergency response. Contact: main branch	05/22/2024
Laguna	Siniloan	San Antonio	561	Clara	Reyes	Pérez	Male	25	OTHER_CAPABILITY_BUILDING_SUPPORT	Equipment/School Materials	Uniform	DOH - Emergency response	02/22/2021
Laguna	Cabuyao	San Roque	889	María	Gómez	Cruz	Male	47	EDUCATIONAL_ASSISTANCE	Activity Involvement/Advocacy	Level 1 support	UNICEF - Regular program. Contact: local coordinator	06/21/2023
Laguna	Famy	Sirang Lupa	841	Ana	López	López	Female	31	LIVELIHOOD_ASSISTANCE	Vaccination	Standard package	DepEd - Emergency response. Contact: regional office	07/09/2021
Laguna	Nagcarlan	Barangay III (Poblacion)	501	Pedro	Santos	Galang	Male	50	OTHER_PROGRAM	Burial Assistance	Level 1 support	Local Government - Annual assistance. Contact: regional office	02/23/2025
Laguna	Victoria	Majada Labas	297	James	Pérez	Gómez	Male	59	SUPPLEMENTAL_FEEDING	Voucher	Standard package	Private Donor - Special initiative. Contact: regional office	05/24/2021
Laguna	Kalayaan	Santa Rosa	362	María	López	Galang	Female	24	SLP	Dental Services	Standard package	Local Government - Emergency response. Contact: local coordinator	01/30/2023
Laguna	Alaminos	Maunong	589	Miguel	Pérez	Pérez	Male	35	OTHER_CAPABILITY_BUILDING_SUPPORT	Financial	"PHP 5,000"	Red Cross - Regular program	04/18/2024
Laguna	San Pablo	Del Carmen	463	Janna	Cruz	Cruz	Male	29	MEDICAL_SERVICES	Voucher	Basic assistance	Local Government - Emergency response. Contact: regional office	03/23/2025
Laguna	Pakil	San Cristóbal	438	Miguel	Carn	Santos	Female	19	SOCIAL_PENSION	Tutorial Sessions	Enhanced support	World Vision - Special initiative. Contact: regional office	03/14/2023
Laguna	San Pedro	Palma	127	Janna	Santos	Gómez	Male	67	LIVELIHOOD_ASSISTANCE	Tutorial Sessions	Standard package	Anonymous Donor - Annual assistance	12/19/2022
Laguna	Mabitac	Puting Lupa	197	Juan	Santos	Galang	Male	46	LIVELIHOOD_ASSISTANCE	Cash for Work	Level 1 support	DA - Emergency response	12/28/2023
Laguna	Los Baños	San Antonio	221	Janna	Pérez	Pérez	Female	38	SLP	Tutorial Sessions	Enhanced support	Community Organization - Annual assistance. Contact: local coordinator	05/23/2023
Laguna	Pangil	Milagrosa	995	Ana	Cruz	Gómez	Male	24	KALAHI	Consultation/Medical Check-Up	Medical Kit	DA - Pilot program. Contact: local coordinator	10/17/2022
Laguna	Biñan	Punta	91	Janna	Cruz	Reyes	Male	69	OTHER_CAPABILITY_BUILDING_SUPPORT	Dental Services	Level 1 support	Caritas - Regular program. Contact: regional office	02/06/2024
Laguna	Kalayaan	Parian	411	Janna	Reyes	Reyes	Male	44	SLP	Cash for Training	Standard package	Caritas - Special initiative. Contact: main branch	07/04/2021
Laguna	Santa Maria	Palma	8	Janna	Carn	Cruz	Male	29	SUPPLEMENTAL_FEEDING	Alternative Learning System	Enhanced support	DSWD - Emergency response. Contact: main branch	03/20/2024
Laguna	Mabitac	Timbao	544	María	López	García	Male	37	SLP	Technical Skills Training	Enhanced support	DepEd - Regular program. Contact: regional office	08/13/2022
Laguna	Victoria	San Cristóbal	468	Juan	Reyes	Cruz	Female	74	SLP	Job Fair	Standard package	Private Donor - Emergency response. Contact: main branch	02/07/2025
Laguna	Kalayaan	Palo-Alto	320	James	López	Pérez	Male	31	SOCIAL_PENSION	Financial	"PHP 5,000"	Local Government - Annual assistance	01/29/2023
Laguna	Cabuyao	San Cristóbal	394	Juan	López	Cruz	Male	27	KALAHI	Transportation Allowance	Basic assistance	Local Government - Annual assistance. Contact: local coordinator	04/12/2021
Laguna	Santa Maria	Santo Domingo	269	Miguel	López	Santos	Male	58	AICS	Capital/Starter Kit	Level 1 support	DSWD - Emergency response. Contact: main branch	03/08/2024
Laguna	Cabuyao	Saimsim	191	Ana	Reyes	Santos	Female	40	EDUCATIONAL_ASSISTANCE	Vaccination	Basic assistance	DOH - Pilot program. Contact: regional office	11/12/2024
Laguna	Santa Rosa	San Cristóbal	861	María	Santos	López	Female	47	OTHER_CAPABILITY_BUILDING_SUPPORT	Job Fair	Basic assistance	UNICEF - Pilot program. Contact: local coordinator	11/11/2022
Laguna	Famy	Mayapa	675	Pedro	Cruz	Pérez	Female	64	SUPPLEMENTAL_FEEDING	Mental Health Support	Standard package	Red Cross - Special initiative. Contact: regional office	05/04/2022
Laguna	Bay	San Antonio	61	María	Santos	García	Male	75	DISASTER_RELIEF_ASSISTANCE	GAD Trainings	3-day conference	DSWD - Special initiative	12/18/2023
Laguna	Kalayaan	Súcol	438	Clara	Carn	Gómez	Male	48	OTHER_PROGRAM	Cash for Training	Basic assistance	UNICEF - Pilot program. Contact: local coordinator	09/23/2022
Laguna	Siniloan	San José	264	Janna	Reyes	Pérez	Male	69	AICS	"Non-Food Items (Hygiene Kits, Clothes, Household Items)"	Basic assistance	DA - Pilot program. Contact: local coordinator	03/29/2021
Laguna	Mabitac	Barangay III (Poblacion)	797	Miguel	Gómez	Pérez	Male	73	SUPPLEMENTAL_FEEDING	GAD Trainings	2-day workshop	DSWD - Emergency response	02/20/2024
Laguna	Pila	Uwisan	95	Janna	Carn	García	Male	27	SUPPLEMENTAL_FEEDING	Equipment/School Materials	Laptop	Local Government - Annual assistance. Contact: regional office	09/21/2023
Laguna	Kalayaan	San Benito (Palita)	553	Ana	Cruz	Pérez	Female	36	LIVELIHOOD_ASSISTANCE	Burial Assistance	Enhanced support	Community Organization - Emergency response. Contact: main branch	06/21/2024
Laguna	San Pablo	Turbina	926	Pedro	Cruz	García	Male	36	SOCIAL_PENSION	Food Assistance	Food Pack	Red Cross - Regular program. Contact: regional office	12/27/2023
Laguna	Rizal	San José	470	Miguel	García	García	Male	61	SUPPLEMENTAL_FEEDING	Agricultural and Fisheries	Level 1 support	Caritas - Emergency response. Contact: regional office	10/21/2021
Laguna	Majayjay	Masaya	661	Clara	Carn	García	Female	40	DISASTER_RELIEF_ASSISTANCE	Scholarship Grants	Basic assistance	Private Donor - Annual assistance. Contact: local coordinator	02/28/2024
Laguna	Siniloan	San Miguel	716	María	Gómez	Pérez	Female	78	SLP	Vaccination	Enhanced support	Provincial Government - Pilot program. Contact: regional office	05/05/2023
Laguna	Victoria	Calo	779	Pedro	Santos	Pérez	Female	76	PWD_ASSISTANCE	Alternative Learning System	Enhanced support	DepEd - Annual assistance	02/09/2021
Laguna	Nagcarlan	Santa Rosa	514	James	Pérez	Cruz	Female	61	SUPPLEMENTAL_FEEDING	Activity Involvement/Advocacy	Enhanced support	Anonymous Donor - Annual assistance	05/20/2024
Laguna	Majayjay	Santa Rosa	690	Juan	Gómez	Pérez	Female	58	OTHER_PROGRAM	Financial	"PHP 10,000"	Anonymous Donor - Special initiative. Contact: regional office	12/16/2023
Laguna	Victoria	Barangay IV (Poblacion)	937	María	Carn	Cruz	Male	78	MEDICAL_SERVICES	Vaccination	Standard package	DepEd - Emergency response. Contact: regional office	12/13/2022
Laguna	Luisiana	Puting Lupa	194	Pedro	Reyes	López	Male	76	EDUCATIONAL_ASSISTANCE	Activity Involvement/Advocacy	Level 1 support	USAID - Special initiative	10/18/2021
Laguna	Biñan	Puting Lupa	482	James	Cruz	Reyes	Male	49	SOCIAL_PENSION	Voucher	Enhanced support	DSWD - Pilot program	03/28/2023
Laguna	Los Baños	Santo Domingo	899	James	Cruz	Reyes	Male	37	DISASTER_RELIEF_ASSISTANCE	Capital/Starter Kit	Level 1 support	Provincial Government - Emergency response. Contact: local coordinator	12/08/2022
Laguna	Mabitac	Masaya	336	Clara	Carn	López	Male	21	KALAHI	Equipment/School Materials	School Supplies Kit	DepEd - Annual assistance. Contact: regional office	10/07/2024
Laguna	Paete	San Miguel	435	Clara	Gómez	López	Female	50	SOCIAL_PENSION	Honorarium	Enhanced support	DA - Regular program. Contact: regional office	02/20/2024
Laguna	Pangil	Lingga	196	Juan	Carn	Galang	Male	65	SUPPLEMENTAL_FEEDING	Insurance	Level 1 support	Local Government - Emergency response. Contact: local coordinator	01/24/2024
Laguna	Pangil	Sirang Lupa	855	James	López	Cruz	Male	18	OTHER_CAPABILITY_BUILDING_SUPPORT	Food Assistance	Food Pack	DepEd - Special initiative	12/22/2024
Laguna	Calamba	Calo	249	Miguel	Carn	García	Female	30	SLP	Alternative Learning System	Standard package	DOLE - Emergency response. Contact: regional office	03/10/2023
Laguna	Majayjay	Paciano Rizal	498	Ana	López	Gómez	Female	79	AICS	Skills Training	Plumbing	DA - Special initiative. Contact: regional office	01/12/2025
Laguna	Pakil	Santa Rosa	212	James	Gómez	Galang	Male	20	MEDICAL_SERVICES	Insurance	Enhanced support	DA - Regular program	04/24/2023
Laguna	Calamba	San Miguel	665	Pedro	Reyes	Santos	Male	29	OTHER_PROGRAM	Tutorial Sessions	Basic assistance	World Vision - Regular program	09/30/2022
Laguna	Biñan	Barangay II (Poblacion)	670	Clara	Reyes	Cruz	Female	46	MEDICAL_SERVICES	Activity Involvement/Advocacy	Enhanced support	Caritas - Emergency response	07/03/2023
Laguna	Luisiana	Pansol	466	Ana	Santos	Pérez	Male	72	DISASTER_RELIEF_ASSISTANCE	Honorarium	Enhanced support	DSWD - Regular program. Contact: local coordinator	12/10/2021
Laguna	Alaminos	San Roque	874	Miguel	Carn	López	Female	78	KALAHI	Food Assistance	Rice (10kg)	DOH - Regular program. Contact: main branch	04/21/2025
Laguna	Pangil	Barangay IV (Poblacion)	651	Clara	Gómez	Reyes	Male	48	EDUCATIONAL_ASSISTANCE	Cash for Work	Enhanced support	Provincial Government - Emergency response. Contact: local coordinator	10/24/2023
Laguna	Siniloan	San Miguel	221	Miguel	Gómez	Cruz	Female	58	DISASTER_RELIEF_ASSISTANCE	Job Fair	Standard package	Community Organization - Special initiative	11/20/2023
Laguna	Kalayaan	Pansol	273	Clara	Santos	López	Female	53	OTHER_PROGRAM	Voucher	Standard package	DA - Special initiative. Contact: main branch	09/04/2023
Laguna	Siniloan	Paciano Rizal	154	Clara	Pérez	Gómez	Female	19	OTHER_CAPABILITY_BUILDING_SUPPORT	Insurance	Enhanced support	Provincial Government - Regular program. Contact: main branch	07/02/2024
Laguna	Kalayaan	Parian	249	James	Gómez	Gómez	Male	39	OTHER_PROGRAM	Medical Assistance	"PHP 3,000"	DepEd - Annual assistance	02/14/2021
Laguna	Cabuyao	San Cristóbal	279	Janna	García	Cruz	Female	39	SOCIAL_PENSION	Skills Training	Plumbing	Red Cross - Annual assistance. Contact: local coordinator	04/15/2024
Laguna	Biñan	Barangay I (Poblacion)	440	James	Reyes	Pérez	Female	58	SOCIAL_PENSION	Family Development Trainings	3-day conference	Anonymous Donor - Regular program. Contact: main branch	05/30/2024
Laguna	Nagcarlan	Palo-Alto	948	Clara	Cruz	Cruz	Male	48	OTHER_CAPABILITY_BUILDING_SUPPORT	Tutorial Sessions	Basic assistance	USAID - Emergency response	05/02/2021
Laguna	Bay	Timbao	816	Ana	López	Pérez	Male	69	SUPPLEMENTAL_FEEDING	Voucher	Level 1 support	Local Government - Regular program	10/02/2021
Laguna	San Pablo	Barangay II (Poblacion)	276	James	García	Cruz	Male	73	LIVELIHOOD_ASSISTANCE	Honorarium	Standard package	DOH - Annual assistance	08/18/2023
Laguna	Alaminos	Makiling	514	Clara	Cruz	Santos	Female	62	PWD_ASSISTANCE	Honorarium	Level 1 support	Caritas - Regular program. Contact: local coordinator	06/20/2023
Laguna	Famy	San Andrés	88	Clara	García	Reyes	Female	31	KALAHI	Transportation Allowance	Standard package	DA - Regular program. Contact: regional office	11/08/2021
Laguna	Lumban	Barangay I (Poblacion)	799	James	Santos	Cruz	Female	46	OTHER_CAPABILITY_BUILDING_SUPPORT	Skills Training	Plumbing	Local Government - Pilot program	02/22/2022
Laguna	Rizal	San Vicente	923	James	Santos	López	Male	52	KALAHI	Burial Assistance	Level 1 support	Caritas - Annual assistance. Contact: main branch	01/31/2023
Laguna	Magdalena	Majada Labas	642	Ana	López	Santos	Male	67	OTHER_PROGRAM	Scholarship Grants	Standard package	Private Donor - Special initiative	09/14/2024
Laguna	Famy	Masaya	505	Miguel	Reyes	Gómez	Female	26	PWD_ASSISTANCE	Dental Services	Basic assistance	Local Government - Emergency response. Contact: main branch	02/01/2024
Laguna	Luisiana	Barangay I (Poblacion)	590	James	Pérez	Galang	Male	64	SUPPLEMENTAL_FEEDING	Financial	"PHP 3,000"	UNICEF - Special initiative	11/19/2022
Laguna	Pila	Uwisan	772	Juan	Gómez	Cruz	Male	71	KALAHI	"Non-Food Items (Hygiene Kits, Clothes, Household Items)"	Enhanced support	DepEd - Regular program. Contact: regional office	10/09/2021
Laguna	Luisiana	San Vicente	241	Pedro	López	Pérez	Female	49	PWD_ASSISTANCE	Food for Work	Level 1 support	Private Donor - Special initiative	06/22/2024
Laguna	Mabitac	San Gregorio	653	Juan	Pérez	Santos	Female	76	AICS	Agricultural and Fisheries	Basic assistance	Red Cross - Emergency response. Contact: local coordinator	03/02/2024
Laguna	Magdalena	Barangay II (Poblacion)	740	Ana	Cruz	García	Male	73	EDUCATIONAL_ASSISTANCE	Skills Training	Computer Literacy	Anonymous Donor - Special initiative	05/06/2023
Laguna	Magdalena	San Roque	675	Janna	Gómez	Galang	Female	44	DISASTER_RELIEF_ASSISTANCE	Vaccination	Basic assistance	DOLE - Emergency response	11/02/2022
Laguna	Kalayaan	Puting Lupa	236	Juan	García	Reyes	Male	27	PWD_ASSISTANCE	Mental Health Support	Standard package	Private Donor - Regular program	12/07/2021
Laguna	Pagsanjan	Santa Rosa	128	Miguel	López	Cruz	Male	42	OTHER_PROGRAM	Activity Involvement/Advocacy	Level 1 support	Local Government - Special initiative	01/22/2021
Laguna	Santa Cruz	San Andrés	503	Clara	Pérez	Cruz	Female	66	SOCIAL_PENSION	Capital/Starter Kit	Basic assistance	Local Government - Special initiative. Contact: regional office	03/19/2024
Laguna	Pakil	San Roque	200	Pedro	Carn	Santos	Female	62	MEDICAL_SERVICES	Equipment/School Materials	Laptop	USAID - Regular program. Contact: main branch	07/23/2022
Laguna	Siniloan	San Miguel	962	María	Carn	Gómez	Male	50	PWD_ASSISTANCE	Medical Supplies	"PHP 5,000"	DA - Special initiative. Contact: main branch	11/01/2022
Laguna	Pila	Makiling	902	Pedro	Reyes	Reyes	Male	28	SOCIAL_PENSION	Job Referral	Enhanced support	Private Donor - Special initiative. Contact: main branch	08/28/2023
Laguna	Famy	San Vicente	543	Juan	Pérez	García	Female	54	SUPPLEMENTAL_FEEDING	Medical Supplies	Medical Kit	DSWD - Annual assistance	04/05/2024
Laguna	Pangil	San Agustín (Antipolo)	502	María	López	Galang	Male	26	SUPPLEMENTAL_FEEDING	Medical Assistance	"PHP 3,000"	Anonymous Donor - Regular program	12/11/2021
Laguna	Pagsanjan	Milagrosa	650	Ana	Cruz	López	Male	24	LIVELIHOOD_ASSISTANCE	Agricultural and Fisheries	Basic assistance	Caritas - Emergency response. Contact: main branch	01/24/2025
Laguna	Calauan	San José	492	Miguel	Carn	Reyes	Male	24	OTHER_CAPABILITY_BUILDING_SUPPORT	Leadership Skills Training	Basic assistance	Private Donor - Emergency response. Contact: main branch	07/07/2024
Laguna	Pakil	San Miguel	21	Pedro	Reyes	Cruz	Male	51	SLP	Tutorial Sessions	Basic assistance	Anonymous Donor - Special initiative	07/19/2021
Laguna	San Pedro	Del Carmen	234	Janna	López	Santos	Male	36	DISASTER_RELIEF_ASSISTANCE	Insurance	Level 1 support	UNICEF - Emergency response. Contact: local coordinator	01/05/2021
Laguna	Siniloan	San Ildefonso	714	María	Reyes	García	Female	37	SUPPLEMENTAL_FEEDING	Vaccination	Level 1 support	DOH - Emergency response. Contact: main branch	10/27/2021
Laguna	Pagsanjan	Masili	791	María	Cruz	Santos	Male	67	DISASTER_RELIEF_ASSISTANCE	Insurance	Standard package	DOLE - Pilot program. Contact: main branch	04/09/2025
Laguna	Cabuyao	Masaya	643	Pedro	Carn	Galang	Male	59	SUPPLEMENTAL_FEEDING	Food Assistance	Basic Groceries	Private Donor - Emergency response	06/13/2024
Laguna	Rizal	San Ildefonso	416	Juan	Gómez	Pérez	Female	42	KALAHI	Job Fair	Standard package	Provincial Government - Emergency response	01/08/2023
Laguna	Cavinti	Looc	148	María	Carn	Pérez	Female	22	OTHER_CAPABILITY_BUILDING_SUPPORT	Medical Supplies	"PHP 3,000"	DepEd - Regular program	06/24/2022
Laguna	Santa Rosa	San Vicente	970	Ana	Carn	Reyes	Female	65	SLP	Tutorial Sessions	Basic assistance	Local Government - Emergency response. Contact: main branch	03/21/2024
Laguna	Santa Rosa	Milagrosa	29	Pedro	Pérez	Santos	Male	46	SLP	Food Assistance	Rice (10kg)	USAID - Annual assistance. Contact: main branch	06/15/2023
Laguna	Cabuyao	San Isidro	361	Ana	Santos	López	Male	72	KALAHI	Cash for Training	Level 1 support	DSWD - Pilot program. Contact: regional office	09/03/2021
Laguna	Pila	Lingga	308	Pedro	Pérez	López	Female	44	LIVELIHOOD_ASSISTANCE	Alternative Learning System	Standard package	World Vision - Pilot program. Contact: local coordinator	10/26/2023
Laguna	Luisiana	Santa Rosa	883	Ana	Carn	Pérez	Female	42	PWD_ASSISTANCE	Medical Assistance	"PHP 10,000"	DA - Special initiative. Contact: regional office	01/13/2021
Laguna	Lumban	San Cristóbal	942	Juan	García	Pérez	Female	54	DISASTER_RELIEF_ASSISTANCE	Technical Skills Training	Level 1 support	DA - Special initiative	09/05/2023
Laguna	Biñan	San Andrés	162	Pedro	Santos	Santos	Female	32	SUPPLEMENTAL_FEEDING	Transportation Allowance	Standard package	DOLE - Emergency response	01/28/2025
Laguna	Pila	Santo Domingo	869	Miguel	Gómez	Gómez	Female	71	SUPPLEMENTAL_FEEDING	Activity Involvement/Advocacy	Level 1 support	DOLE - Annual assistance. Contact: local coordinator	10/13/2021
Laguna	Luisiana	Del Carmen	852	Clara	López	Cruz	Male	65	SLP	Food for Work	Enhanced support	Private Donor - Emergency response. Contact: regional office	12/05/2021
Laguna	Bay	San Antonio	61	Janna	Pérez	Santos	Female	21	SUPPLEMENTAL_FEEDING	Tutorial Sessions	Basic assistance	Community Organization - Regular program. Contact: regional office	05/22/2024
Laguna	San Pablo	Turbina	125	Juan	Santos	García	Male	31	OTHER_PROGRAM	Alternative Learning System	Standard package	Private Donor - Pilot program. Contact: main branch	08/03/2023
Laguna	Bay	San Cristóbal	456	Ana	Santos	Reyes	Male	73	SLP	Values Formation	3-day conference	DSWD - Emergency response. Contact: regional office	04/23/2021
Laguna	Santa Maria	Del Carmen	71	Miguel	Pérez	Galang	Female	66	SLP	Mental Health Support	Level 1 support	World Vision - Annual assistance. Contact: main branch	12/04/2021
Laguna	Rizal	Casile	838	Pedro	Pérez	Gómez	Female	34	KALAHI	Job Fair	Enhanced support	World Vision - Special initiative	03/31/2021
Laguna	Kalayaan	Sirang Lupa	907	Juan	Santos	López	Female	38	SUPPLEMENTAL_FEEDING	GAD Trainings	3-day conference	Private Donor - Emergency response. Contact: local coordinator	02/22/2023
Laguna	Alaminos	Masili	876	Ana	Reyes	Gómez	Female	33	SUPPLEMENTAL_FEEDING	Tutorial Sessions	Standard package	DOLE - Emergency response	01/29/2023
Laguna	Famy	Pansol	466	James	Gómez	Santos	Female	43	MEDICAL_SERVICES	Food for Work	Basic assistance	UNICEF - Regular program. Contact: local coordinator	02/08/2025
Laguna	Rizal	San Isidro	243	James	García	García	Male	26	DISASTER_RELIEF_ASSISTANCE	Parent Effectiveness Trainings	Basic assistance	UNICEF - Pilot program. Contact: local coordinator	11/20/2023
Laguna	Calauan	San Roque	490	María	Cruz	Gómez	Female	19	PWD_ASSISTANCE	Food Assistance	Basic Groceries	DOLE - Pilot program. Contact: regional office	04/13/2025
Laguna	Calauan	Súcol	761	Janna	Carn	Pérez	Female	60	SUPPLEMENTAL_FEEDING	Activity Involvement/Advocacy	Level 1 support	Provincial Government - Special initiative	01/31/2025
Laguna	Pila	San José	221	James	Gómez	López	Male	32	MEDICAL_SERVICES	Food for Work	Enhanced support	Red Cross - Annual assistance. Contact: local coordinator	11/12/2024
Laguna	San Pedro	Masili	473	Clara	Pérez	Gómez	Female	52	SUPPLEMENTAL_FEEDING	Agricultural and Fisheries	Basic assistance	DOLE - Regular program. Contact: regional office	12/23/2021
Laguna	Paete	Lingga	959	Ana	Santos	López	Female	41	SOCIAL_PENSION	Mental Health Support	Basic assistance	DSWD - Emergency response	06/30/2022
Laguna	Nagcarlan	Looc	533	Juan	Cruz	Galang	Female	65	AICS	Job Referral	Enhanced support	USAID - Emergency response. Contact: regional office	04/04/2022
Laguna	Siniloan	San Roque	494	Pedro	Pérez	López	Male	70	KALAHI	Medical Assistance	"PHP 3,000"	Community Organization - Emergency response. Contact: local coordinator	04/16/2022
Laguna	Luisiana	Pansol	899	Juan	Reyes	Gómez	Female	68	SOCIAL_PENSION	Burial Assistance	Enhanced support	Private Donor - Special initiative	05/17/2023
Laguna	Calauan	Turbina	82	María	Cruz	García	Female	71	LIVELIHOOD_ASSISTANCE	Medical Supplies	"PHP 5,000"	World Vision - Regular program. Contact: local coordinator	07/28/2023
Laguna	Santa Cruz	Majada Labas	856	Miguel	Santos	López	Female	55	PWD_ASSISTANCE	Leadership Skills Training	Standard package	DOH - Regular program	06/04/2024
Laguna	Santa Maria	San Roque	879	Juan	Gómez	López	Female	31	EDUCATIONAL_ASSISTANCE	Capital/Starter Kit	Level 1 support	DA - Special initiative. Contact: regional office	07/27/2022
Laguna	Famy	Saimsim	998	James	López	Santos	Male	54	EDUCATIONAL_ASSISTANCE	Food Items	Canned Goods (10 pcs)	DOLE - Special initiative	04/29/2024
Laguna	Pagsanjan	Santo Tomás (Calabuso)	522	Juan	Gómez	Santos	Female	54	OTHER_PROGRAM	Burial Assistance	Level 1 support	Caritas - Special initiative. Contact: regional office	10/23/2023
Laguna	Santa Rosa	Mapagong	923	James	Gómez	Pérez	Male	23	OTHER_CAPABILITY_BUILDING_SUPPORT	Food for Work	Level 1 support	Local Government - Special initiative	02/16/2024
Laguna	Liliw	Mayapa	12	James	García	Reyes	Female	35	AICS	Capital/Starter Kit	Standard package	Community Organization - Annual assistance. Contact: local coordinator	11/04/2021
Laguna	Alaminos	Barangay IV (Poblacion)	263	Janna	Cruz	Cruz	Female	39	EDUCATIONAL_ASSISTANCE	Food Assistance	Rice (5kg)	Red Cross - Regular program. Contact: regional office	07/18/2022
Laguna	San Pedro	Paciano Rizal	657	María	Pérez	García	Female	35	EDUCATIONAL_ASSISTANCE	Cash for Work	Level 1 support	DOH - Annual assistance. Contact: main branch	11/05/2023
Laguna	Siniloan	San Roque	449	Clara	Santos	Cruz	Male	68	OTHER_CAPABILITY_BUILDING_SUPPORT	Equipment/School Materials	Laptop	DOLE - Annual assistance. Contact: main branch	02/28/2022
Laguna	Lumban	Palo-Alto	192	Clara	Pérez	Cruz	Female	19	PWD_ASSISTANCE	Medical Assistance	Medical Kit	Anonymous Donor - Annual assistance. Contact: main branch	02/11/2025
Laguna	Nagcarlan	Masaya	762	Ana	Santos	López	Female	49	LIVELIHOOD_ASSISTANCE	Equipment/School Materials	Books	DOLE - Regular program	01/25/2024
Laguna	Biñan	Masaya	114	Clara	Carn	Gómez	Male	34	OTHER_PROGRAM	Vaccination	Level 1 support	Provincial Government - Emergency response. Contact: local coordinator	09/02/2022
Laguna	Famy	San José	26	James	López	Pérez	Female	77	SLP	Mental Health Support	Basic assistance	Private Donor - Pilot program	02/24/2021
Laguna	Mabitac	Santo Tomás (Calabuso)	783	Pedro	Carn	Galang	Female	18	PWD_ASSISTANCE	Food Items	Basic Groceries	DOH - Annual assistance. Contact: main branch	07/25/2024
Laguna	Biñan	Uwisan	499	María	Gómez	Gómez	Female	26	SUPPLEMENTAL_FEEDING	GAD Trainings	Week-long training	UNICEF - Pilot program. Contact: main branch	02/17/2022
Laguna	Majayjay	Milagrosa	508	Ana	López	Gómez	Female	30	SUPPLEMENTAL_FEEDING	Consultation/Medical Check-Up	"PHP 3,000"	DOLE - Special initiative. Contact: local coordinator	06/22/2024
Laguna	Lumban	San Roque	545	Clara	García	Galang	Male	53	AICS	Insurance	Enhanced support	World Vision - Pilot program	09/09/2023
Laguna	Pakil	Barangay II (Poblacion)	62	Clara	Carn	López	Male	54	MEDICAL_SERVICES	Job Referral	Enhanced support	Caritas - Emergency response. Contact: regional office	11/20/2024
Laguna	San Pablo	San Gregorio	229	Pedro	García	Pérez	Male	75	AICS	Tutorial Sessions	Basic assistance	USAID - Emergency response. Contact: main branch	02/03/2025
Laguna	Nagcarlan	Looc	815	Juan	Pérez	García	Female	47	SLP	Food Items	Canned Goods (10 pcs)	Anonymous Donor - Pilot program. Contact: regional office	02/07/2021
Laguna	Lumban	Makiling	607	María	Gómez	Cruz	Female	48	EDUCATIONAL_ASSISTANCE	Vaccination	Enhanced support	DSWD - Annual assistance. Contact: regional office	02/09/2023
Laguna	Siniloan	Barangay I (Poblacion)	35	Pedro	Reyes	Reyes	Female	40	SLP	Agricultural and Fisheries	Enhanced support	Private Donor - Pilot program. Contact: regional office	03/09/2024
Laguna	Calauan	Pansol	705	Clara	Reyes	Pérez	Female	67	KALAHI	Agricultural and Fisheries	Level 1 support	Caritas - Regular program. Contact: regional office	07/02/2021
Laguna	Nagcarlan	Santo Domingo	456	María	López	Cruz	Male	45	PWD_ASSISTANCE	Food Items	Canned Goods (10 pcs)	Anonymous Donor - Pilot program. Contact: local coordinator	05/21/2024
Laguna	Mabitac	Timbao	588	María	López	Galang	Female	76	AICS	Tutorial Sessions	Standard package	USAID - Annual assistance	05/06/2021
Laguna	Nagcarlan	Looc	891	Clara	Carn	Cruz	Male	27	KALAHI	Transportation Allowance	Enhanced support	World Vision - Special initiative. Contact: local coordinator	05/20/2021
Laguna	Victoria	San Andrés	502	Juan	Reyes	Santos	Female	42	DISASTER_RELIEF_ASSISTANCE	Burial Assistance	Standard package	Caritas - Annual assistance. Contact: regional office	09/13/2022
Laguna	Famy	Calo	761	Juan	Cruz	Santos	Female	77	OTHER_PROGRAM	Insurance	Basic assistance	Anonymous Donor - Special initiative. Contact: regional office	02/11/2025
Laguna	Los Baños	Real	595	Clara	Cruz	Reyes	Male	53	MEDICAL_SERVICES	Scholarship Grants	Level 1 support	Community Organization - Special initiative. Contact: main branch	03/25/2025
Laguna	Pakil	San Gregorio	25	María	Pérez	García	Female	43	SLP	Financial	"PHP 5,000"	UNICEF - Special initiative	01/26/2025
Laguna	Santa Rosa	San Isidro	569	Pedro	Cruz	Cruz	Male	43	MEDICAL_SERVICES	GAD Trainings	2-day workshop	DSWD - Pilot program. Contact: main branch	02/01/2021
Laguna	Alaminos	Mapagong	32	Janna	Pérez	Santos	Male	62	KALAHI	Parent Effectiveness Trainings	Enhanced support	Caritas - Emergency response. Contact: main branch	08/23/2021
Laguna	Santa Cruz	San José	831	James	Reyes	García	Female	30	SUPPLEMENTAL_FEEDING	Consultation/Medical Check-Up	Crutches	Provincial Government - Emergency response. Contact: local coordinator	03/14/2021
Laguna	Cavinti	Súcol	12	Juan	Cruz	Pérez	Male	34	SOCIAL_PENSION	Cash for Work	Basic assistance	DA - Special initiative	04/17/2022
Laguna	Pangil	Santo Domingo	319	Clara	García	Pérez	Male	57	DISASTER_RELIEF_ASSISTANCE	Tutorial Sessions	Enhanced support	World Vision - Pilot program. Contact: regional office	09/20/2022
Laguna	Pangil	Palo-Alto	845	Miguel	Santos	Santos	Female	21	SLP	Alternative Learning System	Basic assistance	Anonymous Donor - Emergency response. Contact: regional office	10/30/2022
Laguna	Nagcarlan	Barangay I (Poblacion)	604	Janna	López	García	Male	40	KALAHI	Technical Skills Training	Basic assistance	World Vision - Annual assistance	08/17/2022
Laguna	Victoria	San Ildefonso	1	Juan	Gómez	García	Male	52	MEDICAL_SERVICES	Dental Services	Enhanced support	Local Government - Regular program. Contact: local coordinator	09/11/2022
Laguna	Liliw	San Vicente	435	Miguel	Carn	Santos	Female	28	SLP	Scholarship Grants	Standard package	DepEd - Annual assistance. Contact: main branch	10/19/2021
Laguna	Los Baños	Timbao	838	María	Pérez	López	Male	29	PWD_ASSISTANCE	Activity Involvement/Advocacy	Standard package	Provincial Government - Special initiative. Contact: main branch	09/21/2022
Laguna	Pila	Del Carmen	136	Clara	García	Galang	Female	26	PWD_ASSISTANCE	Honorarium	Standard package	Red Cross - Regular program. Contact: main branch	08/04/2024
Laguna	Victoria	Barangay IV (Poblacion)	196	Janna	Cruz	García	Male	32	OTHER_CAPABILITY_BUILDING_SUPPORT	Family Development Trainings	2-day workshop	DepEd - Special initiative. Contact: main branch	08/01/2021
Laguna	Kalayaan	Mapagong	133	Clara	Gómez	Pérez	Female	62	OTHER_CAPABILITY_BUILDING_SUPPORT	Honorarium	Level 1 support	Red Cross - Regular program. Contact: regional office	06/16/2021
Laguna	Kalayaan	San Andrés	985	Pedro	Gómez	López	Female	54	PWD_ASSISTANCE	Insurance	Level 1 support	Caritas - Pilot program	12/09/2023
Laguna	San Pablo	Puting Lupa	86	Pedro	Santos	Cruz	Female	22	AICS	Activity Involvement/Advocacy	Enhanced support	DA - Emergency response	05/29/2024
Laguna	Calamba	Barangay II (Poblacion)	476	Ana	Carn	López	Female	36	PWD_ASSISTANCE	Voucher	Enhanced support	DA - Regular program. Contact: local coordinator	02/06/2022
Laguna	Nagcarlan	Saimsim	807	James	García	Santos	Female	28	DISASTER_RELIEF_ASSISTANCE	Parent Effectiveness Trainings	Enhanced support	Anonymous Donor - Regular program. Contact: local coordinator	03/02/2023
Laguna	Kalayaan	Ulango	791	James	Carn	López	Male	26	KALAHI	Food for Work	Level 1 support	DOLE - Pilot program. Contact: regional office	08/05/2024
Laguna	Nagcarlan	Puting Lupa	324	Juan	Pérez	Galang	Female	52	SUPPLEMENTAL_FEEDING	Mental Health Support	Basic assistance	DepEd - Special initiative	08/27/2023
Laguna	San Pablo	Palo-Alto	180	James	Pérez	Santos	Female	67	KALAHI	Honorarium	Level 1 support	Provincial Government - Annual assistance. Contact: main branch	06/28/2021
Laguna	Pangil	San Andrés	516	Clara	López	Reyes	Male	44	SOCIAL_PENSION	Tutorial Sessions	Standard package	Caritas - Emergency response. Contact: local coordinator	06/20/2021
Laguna	Pagsanjan	Pansol	638	Clara	Reyes	Cruz	Female	30	EDUCATIONAL_ASSISTANCE	Dental Services	Standard package	USAID - Special initiative. Contact: main branch	01/04/2021
Laguna	Santa Maria	San Roque	175	Ana	Pérez	Pérez	Male	74	MEDICAL_SERVICES	Honorarium	Basic assistance	Local Government - Special initiative. Contact: local coordinator	12/02/2021
Laguna	Cavinti	Calo	763	Miguel	Cruz	Reyes	Male	77	KALAHI	Leadership Skills Training	Enhanced support	Anonymous Donor - Emergency response. Contact: regional office	07/14/2021
Laguna	Rizal	Casile	21	Pedro	Gómez	López	Female	29	KALAHI	Financial	"PHP 5,000"	Local Government - Annual assistance. Contact: local coordinator	01/27/2025
Laguna	Kalayaan	San Ildefonso	997	Miguel	García	García	Male	26	OTHER_PROGRAM	Skills Training	Computer Literacy	DOH - Pilot program. Contact: main branch	06/12/2023
Laguna	Cavinti	Makiling	952	Miguel	García	López	Male	59	SOCIAL_PENSION	Food Items	Food Pack	DOLE - Special initiative. Contact: local coordinator	02/09/2023
Laguna	Lumban	Saimsim	105	Janna	Santos	Gómez	Male	45	SUPPLEMENTAL_FEEDING	Dental Services	Level 1 support	Community Organization - Emergency response	01/30/2025
Laguna	Los Baños	San Miguel	578	Janna	Gómez	Pérez	Female	30	OTHER_CAPABILITY_BUILDING_SUPPORT	Honorarium	Level 1 support	DA - Regular program	09/29/2024
Laguna	Mabitac	Barangay I (Poblacion)	443	Pedro	Santos	Pérez	Male	37	PWD_ASSISTANCE	Transportation Allowance	Basic assistance	USAID - Pilot program. Contact: main branch	05/16/2024
Laguna	Pagsanjan	Barangay IV (Poblacion)	775	María	Santos	Gómez	Female	69	AICS	Medical Supplies	Medical Kit	UNICEF - Annual assistance. Contact: regional office	03/07/2025
Laguna	Los Baños	Punta	49	Pedro	Gómez	García	Female	30	OTHER_CAPABILITY_BUILDING_SUPPORT	"Non-Food Items (Hygiene Kits, Clothes, Household Items)"	Standard package	DA - Special initiative. Contact: main branch	05/10/2021
Laguna	Lumban	Mapagong	528	Janna	Carn	Reyes	Male	44	SUPPLEMENTAL_FEEDING	Equipment/School Materials	School Supplies Kit	DepEd - Pilot program. Contact: local coordinator	10/22/2023
Laguna	Mabitac	Uwisan	145	Miguel	Cruz	Reyes	Female	43	OTHER_PROGRAM	Cash for Training	Enhanced support	UNICEF - Emergency response. Contact: regional office	02/25/2023
Laguna	Lumban	Pansol	340	Juan	Carn	García	Male	46	EDUCATIONAL_ASSISTANCE	Equipment/School Materials	Books	DA - Annual assistance. Contact: local coordinator	05/02/2022
Laguna	Alaminos	Mayapa	762	Ana	Cruz	Galang	Male	46	SLP	Equipment/School Materials	School Supplies Kit	DA - Emergency response. Contact: main branch	01/11/2025
Laguna	Famy	Barangay III (Poblacion)	855	Miguel	García	Gómez	Female	39	OTHER_PROGRAM	Tutorial Sessions	Enhanced support	DOH - Annual assistance. Contact: local coordinator	11/19/2021
Laguna	Luisiana	Ulango	354	Pedro	Pérez	Cruz	Female	26	SLP	Cash for Work	Enhanced support	DA - Regular program. Contact: main branch	01/24/2021
Laguna	Pagsanjan	Palo-Alto	75	María	Pérez	Santos	Female	41	AICS	Insurance	Basic assistance	DepEd - Special initiative	01/12/2022
Laguna	Luisiana	San Cristóbal	802	Miguel	Carn	Gómez	Male	59	DISASTER_RELIEF_ASSISTANCE	Food for Work	Basic assistance	Community Organization - Regular program. Contact: regional office	02/18/2023
Laguna	Famy	Uwisan	929	Juan	Carn	Reyes	Male	36	KALAHI	Activity Involvement/Advocacy	Standard package	DepEd - Pilot program. Contact: regional office	03/25/2024
Laguna	Famy	Mayapa	794	Pedro	Carn	Cruz	Male	55	OTHER_CAPABILITY_BUILDING_SUPPORT	Burial Assistance	Basic assistance	DA - Pilot program	07/19/2024
Laguna	Siniloan	Saimsim	578	Juan	Reyes	Santos	Female	48	LIVELIHOOD_ASSISTANCE	Mental Health Support	Enhanced support	World Vision - Pilot program. Contact: main branch	04/03/2021
Laguna	Pangil	San Ildefonso	637	Miguel	López	López	Male	78	PWD_ASSISTANCE	Consultation/Medical Check-Up	"PHP 3,000"	Anonymous Donor - Regular program. Contact: main branch	03/28/2025
Laguna	Lumban	San Gregorio	319	Pedro	Gómez	Santos	Male	56	SUPPLEMENTAL_FEEDING	Skills Training	Carpentry	DOH - Emergency response. Contact: regional office	05/01/2021
Laguna	Luisiana	Barangay III (Poblacion)	87	Juan	Cruz	Reyes	Male	32	OTHER_PROGRAM	Equipment/School Materials	School Supplies Kit	World Vision - Pilot program. Contact: local coordinator	03/28/2022
Laguna	Siniloan	Ulango	553	Clara	Pérez	Galang	Male	71	DISASTER_RELIEF_ASSISTANCE	Parent Effectiveness Trainings	Basic assistance	DepEd - Pilot program	08/25/2022
Laguna	Majayjay	Palingon	982	James	Cruz	Galang	Female	49	SOCIAL_PENSION	"Non-Food Items (Hygiene Kits, Clothes, Household Items)"	Level 1 support	Private Donor - Emergency response	06/19/2023
Laguna	Alaminos	Ulango	698	Juan	Carn	Cruz	Male	68	MEDICAL_SERVICES	Family Development Trainings	1-day seminar	Provincial Government - Emergency response. Contact: main branch	08/10/2022
Laguna	Lumban	Masili	866	Clara	Reyes	López	Female	63	KALAHI	Skills Training	Cooking	Red Cross - Emergency response. Contact: local coordinator	09/07/2024
Laguna	Santa Cruz	Palma	892	Miguel	Carn	Cruz	Male	79	SUPPLEMENTAL_FEEDING	Voucher	Standard package	Provincial Government - Pilot program. Contact: main branch	11/21/2023
Laguna	Cavinti	Palma	847	James	Cruz	García	Male	65	MEDICAL_SERVICES	Scholarship Grants	Level 1 support	Anonymous Donor - Special initiative. Contact: regional office	08/10/2023
Laguna	Santa Rosa	San Isidro	778	Janna	López	Galang	Male	63	SLP	Mental Health Support	Basic assistance	DSWD - Emergency response	12/28/2024
Laguna	Santa Cruz	San Isidro	783	James	Pérez	Cruz	Female	78	AICS	Financial	"PHP 5,000"	DSWD - Pilot program. Contact: main branch	12/08/2022
Laguna	Calamba	Casile	42	Juan	López	García	Female	46	MEDICAL_SERVICES	Cash for Work	Enhanced support	Caritas - Annual assistance. Contact: main branch	08/24/2022
Laguna	Famy	Uwisan	93	Ana	Gómez	López	Female	74	SLP	Transportation Allowance	Level 1 support	World Vision - Special initiative. Contact: local coordinator	09/02/2022
Laguna	San Pedro	Palma	697	Ana	García	Pérez	Male	69	SLP	Alternative Learning System	Enhanced support	DepEd - Annual assistance. Contact: main branch	05/09/2021
Laguna	Santa Maria	San Andrés	727	Janna	Reyes	Santos	Male	51	KALAHI	Job Fair	Enhanced support	Local Government - Emergency response. Contact: local coordinator	03/29/2022
Laguna	Mabitac	Majada Labas	507	Juan	López	Cruz	Female	26	OTHER_CAPABILITY_BUILDING_SUPPORT	Dental Services	Enhanced support	Community Organization - Annual assistance. Contact: local coordinator	03/18/2023
Laguna	Rizal	Súcol	529	James	Reyes	García	Male	52	MEDICAL_SERVICES	Insurance	Basic assistance	Anonymous Donor - Annual assistance. Contact: local coordinator	03/12/2022
Laguna	Victoria	San Miguel	956	Ana	Carn	Galang	Male	23	LIVELIHOOD_ASSISTANCE	Food for Work	Level 1 support	DepEd - Regular program. Contact: local coordinator	05/22/2022
Laguna	Lumban	Barangay IV (Poblacion)	265	Pedro	García	Gómez	Female	54	SOCIAL_PENSION	GAD Trainings	1-day seminar	Local Government - Pilot program. Contact: regional office	10/14/2022
Laguna	Magdalena	San Benito (Palita)	626	María	Cruz	Santos	Male	31	OTHER_PROGRAM	Cash for Training	Basic assistance	Red Cross - Special initiative. Contact: regional office	09/02/2024
Laguna	Rizal	Calo	292	Juan	López	Cruz	Male	78	LIVELIHOOD_ASSISTANCE	Skills Training	Carpentry	DA - Emergency response. Contact: main branch	01/27/2025
Laguna	Nagcarlan	Barangay I (Poblacion)	969	Clara	López	Galang	Male	64	AICS	Dental Services	Basic assistance	DepEd - Annual assistance. Contact: local coordinator	09/13/2024
Laguna	Magdalena	Casile	464	Clara	Santos	Pérez	Female	67	KALAHI	Scholarship Grants	Enhanced support	Caritas - Special initiative. Contact: regional office	06/26/2023
Laguna	Pakil	Pansol	804	Pedro	Pérez	Santos	Male	66	LIVELIHOOD_ASSISTANCE	Parent Effectiveness Trainings	Basic assistance	Private Donor - Pilot program	04/19/2021
Laguna	Paete	San Vicente	560	Pedro	Cruz	Reyes	Female	26	AICS	Burial Assistance	Standard package	DA - Regular program. Contact: regional office	06/10/2022
Laguna	Paete	San Miguel	819	Juan	López	Galang	Male	36	LIVELIHOOD_ASSISTANCE	Skills Training	Cooking	DSWD - Regular program. Contact: local coordinator	02/07/2025
Laguna	Bay	Barangay III (Poblacion)	97	María	López	Reyes	Female	40	SUPPLEMENTAL_FEEDING	Job Referral	Level 1 support	Provincial Government - Special initiative. Contact: main branch	08/08/2023
Laguna	Cabuyao	Santa Rosa	887	Ana	Cruz	López	Female	74	LIVELIHOOD_ASSISTANCE	Mental Health Support	Enhanced support	Community Organization - Special initiative. Contact: main branch	01/27/2022
Laguna	Victoria	Barangay II (Poblacion)	95	María	García	Cruz	Female	58	LIVELIHOOD_ASSISTANCE	Financial	"PHP 1,500"	World Vision - Special initiative	11/04/2022
Laguna	Alaminos	Masili	326	Janna	Reyes	Pérez	Female	45	AICS	Honorarium	Basic assistance	DepEd - Annual assistance. Contact: regional office	02/11/2024
Laguna	Cabuyao	Casile	74	James	Cruz	García	Male	33	OTHER_PROGRAM	Vaccination	Level 1 support	DOH - Regular program. Contact: main branch	08/02/2024
Laguna	Paete	Masaya	336	James	Reyes	Cruz	Female	43	MEDICAL_SERVICES	Activity Involvement/Advocacy	Enhanced support	DepEd - Emergency response. Contact: main branch	05/02/2023
Laguna	Calamba	Lingga	68	Pedro	García	Galang	Male	55	EDUCATIONAL_ASSISTANCE	Dental Services	Enhanced support	Red Cross - Special initiative. Contact: local coordinator	08/29/2022
Laguna	Pagsanjan	San Benito (Palita)	758	Ana	García	Reyes	Male	57	EDUCATIONAL_ASSISTANCE	Activity Involvement/Advocacy	Level 1 support	Provincial Government - Emergency response	12/13/2021
Laguna	Magdalena	Santa Rosa	918	María	Gómez	Gómez	Female	42	SOCIAL_PENSION	Alternative Learning System	Standard package	USAID - Pilot program. Contact: local coordinator	04/02/2023
Laguna	Santa Rosa	San Antonio	77	Pedro	Carn	Reyes	Male	52	OTHER_CAPABILITY_BUILDING_SUPPORT	Cash for Training	Enhanced support	Provincial Government - Annual assistance. Contact: main branch	07/08/2024
Laguna	Famy	San Vicente	208	Juan	Santos	Santos	Male	71	EDUCATIONAL_ASSISTANCE	Mental Health Support	Standard package	UNICEF - Special initiative. Contact: main branch	12/19/2022
Laguna	Pakil	Palo-Alto	884	Pedro	García	Cruz	Male	22	SLP	Insurance	Standard package	Caritas - Regular program. Contact: regional office	11/03/2021
Laguna	Nagcarlan	Barangay I (Poblacion)	766	Juan	Gómez	Cruz	Male	24	AICS	Food Assistance	Rice (10kg)	DOH - Special initiative	06/29/2023
Laguna	Alaminos	San Vicente	221	Juan	Gómez	Galang	Female	40	EDUCATIONAL_ASSISTANCE	Cash for Training	Enhanced support	Anonymous Donor - Regular program	11/24/2023
Laguna	Luisiana	Milagrosa	262	Janna	Gómez	Gómez	Male	42	SOCIAL_PENSION	Financial	"PHP 3,000"	Private Donor - Special initiative	06/18/2021
Laguna	Santa Cruz	Palma	410	Janna	García	Reyes	Male	18	SLP	Skills Training	Computer Literacy	Red Cross - Regular program	09/30/2024
Laguna	Pagsanjan	Barangay I (Poblacion)	331	Juan	Reyes	Galang	Male	39	OTHER_CAPABILITY_BUILDING_SUPPORT	Leadership Skills Training	Standard package	USAID - Emergency response. Contact: regional office	03/15/2024
Laguna	Magdalena	Palingon	344	Miguel	García	Galang	Male	70	PWD_ASSISTANCE	Medical Supplies	Crutches	DA - Special initiative. Contact: local coordinator	06/16/2022
Laguna	Kalayaan	Parian	989	Ana	Cruz	López	Male	21	SOCIAL_PENSION	Leadership Skills Training	Level 1 support	World Vision - Annual assistance. Contact: local coordinator	06/22/2022
Laguna	Cavinti	Súcol	771	Janna	Carn	Reyes	Female	75	AICS	Food for Work	Standard package	Red Cross - Pilot program. Contact: local coordinator	06/23/2024
Laguna	Bay	Milagrosa	820	Janna	Carn	Galang	Male	45	PWD_ASSISTANCE	Medical Assistance	"PHP 5,000"	DSWD - Annual assistance. Contact: main branch	09/26/2024
Laguna	Siniloan	Mapagong	74	James	Cruz	Reyes	Female	65	LIVELIHOOD_ASSISTANCE	Medical Assistance	Crutches	DSWD - Regular program	07/17/2023
Laguna	Kalayaan	Saimsim	637	Pedro	López	Galang	Male	76	PWD_ASSISTANCE	Medical Supplies	Crutches	Local Government - Regular program. Contact: local coordinator	11/21/2022
Laguna	Liliw	Timbao	700	James	García	Gómez	Female	31	EDUCATIONAL_ASSISTANCE	Transportation Allowance	Standard package	World Vision - Pilot program. Contact: regional office	01/10/2024
Laguna	Bay	Parian	254	Ana	Pérez	García	Male	50	SOCIAL_PENSION	Medical Supplies	"PHP 10,000"	DSWD - Emergency response. Contact: local coordinator	11/20/2022
Laguna	Pagsanjan	San Benito (Palita)	959	Janna	Santos	Gómez	Male	21	MEDICAL_SERVICES	Agricultural and Fisheries	Basic assistance	DepEd - Pilot program. Contact: main branch	12/06/2022
Laguna	Los Baños	Barangay I (Poblacion)	833	Clara	Gómez	Gómez	Female	59	KALAHI	Technical Skills Training	Enhanced support	Private Donor - Regular program	07/10/2021
Laguna	Lumban	San José	820	Miguel	García	Galang	Female	28	PWD_ASSISTANCE	Voucher	Level 1 support	DA - Special initiative. Contact: regional office	10/10/2021
Laguna	Liliw	San Gregorio	747	Janna	Carn	Gómez	Female	56	LIVELIHOOD_ASSISTANCE	Cash for Work	Basic assistance	DOLE - Regular program. Contact: regional office	08/29/2023
Laguna	Mabitac	San Benito (Palita)	986	María	Santos	Gómez	Male	49	LIVELIHOOD_ASSISTANCE	Consultation/Medical Check-Up	"PHP 5,000"	DSWD - Emergency response	05/04/2022
Laguna	Paete	Lingga	762	Ana	Pérez	Gómez	Female	21	KALAHI	Voucher	Enhanced support	UNICEF - Emergency response. Contact: main branch	11/25/2023
Laguna	Pagsanjan	Barangay III (Poblacion)	332	Clara	López	Galang	Female	18	AICS	Surgical Procedures	"PHP 10,000"	DOLE - Annual assistance	08/10/2024
Laguna	Pila	San Miguel	398	Pedro	Reyes	Pérez	Female	43	AICS	Dental Services	Level 1 support	DOLE - Annual assistance. Contact: regional office	03/17/2023
Laguna	Kalayaan	Paciano Rizal	345	Pedro	Reyes	García	Male	50	PWD_ASSISTANCE	Food for Work	Basic assistance	USAID - Annual assistance. Contact: regional office	02/11/2021
Laguna	San Pedro	Parian	584	Clara	Pérez	Cruz	Male	34	SUPPLEMENTAL_FEEDING	Cash for Work	Level 1 support	Provincial Government - Special initiative. Contact: main branch	06/19/2021
Laguna	Cavinti	Turbina	747	Pedro	García	Reyes	Male	44	LIVELIHOOD_ASSISTANCE	Job Fair	Basic assistance	UNICEF - Regular program. Contact: local coordinator	10/04/2023
Laguna	Santa Rosa	Milagrosa	836	Miguel	García	Pérez	Female	59	KALAHI	Insurance	Basic assistance	Private Donor - Emergency response. Contact: local coordinator	05/18/2023
Laguna	Biñan	San Miguel	668	Clara	Santos	Santos	Male	22	SOCIAL_PENSION	Capital/Starter Kit	Standard package	DOLE - Annual assistance. Contact: regional office	07/20/2022
Laguna	Pakil	Punta	455	Ana	Santos	García	Male	24	SUPPLEMENTAL_FEEDING	Vaccination	Enhanced support	DepEd - Annual assistance. Contact: local coordinator	11/18/2024
Laguna	Calauan	Calo	906	Clara	López	Pérez	Male	42	LIVELIHOOD_ASSISTANCE	Medical Assistance	"PHP 5,000"	Red Cross - Regular program	04/26/2024
Laguna	Santa Maria	San Benito (Palita)	115	Clara	García	Gómez	Male	25	SUPPLEMENTAL_FEEDING	Agricultural and Fisheries	Enhanced support	DSWD - Pilot program	08/12/2024
Laguna	Pangil	Calo	313	María	Carn	Cruz	Female	51	MEDICAL_SERVICES	Job Referral	Enhanced support	DOH - Annual assistance. Contact: local coordinator	01/20/2022
Laguna	Bay	Looc	228	María	Reyes	Galang	Male	58	PWD_ASSISTANCE	"Non-Food Items (Hygiene Kits, Clothes, Household Items)"	Enhanced support	DSWD - Pilot program. Contact: regional office	08/21/2022
Laguna	Siniloan	Real	834	James	López	López	Female	21	OTHER_PROGRAM	Job Referral	Basic assistance	Anonymous Donor - Regular program. Contact: main branch	12/24/2023
Laguna	Calauan	Zapote	858	Ana	Gómez	Cruz	Female	29	SOCIAL_PENSION	Burial Assistance	Basic assistance	DOLE - Emergency response. Contact: regional office	03/22/2021
Laguna	Biñan	San Isidro	245	Ana	Santos	García	Female	75	KALAHI	Job Fair	Level 1 support	DA - Special initiative	02/19/2023
Laguna	Majayjay	Sirang Lupa	818	María	Gómez	López	Female	48	AICS	Burial Assistance	Level 1 support	USAID - Emergency response	04/23/2024
Laguna	Victoria	Real	526	Juan	Carn	Galang	Female	28	SLP	Parent Effectiveness Trainings	Enhanced support	Community Organization - Emergency response. Contact: local coordinator	04/06/2022
Laguna	Famy	Palma	528	Juan	García	Cruz	Female	54	OTHER_CAPABILITY_BUILDING_SUPPORT	GAD Trainings	3-day conference	UNICEF - Annual assistance. Contact: local coordinator	09/30/2024
Laguna	Bay	Milagrosa	950	James	Cruz	Santos	Male	61	SLP	Job Fair	Enhanced support	DA - Pilot program. Contact: local coordinator	04/11/2025
Laguna	Nagcarlan	San Andrés	427	Miguel	Santos	Reyes	Female	76	MEDICAL_SERVICES	Medical Assistance	"PHP 5,000"	DOH - Pilot program. Contact: regional office	08/26/2021
Laguna	Kalayaan	San Vicente	42	Juan	López	Reyes	Male	70	EDUCATIONAL_ASSISTANCE	Equipment/School Materials	Uniform	USAID - Special initiative. Contact: regional office	08/12/2024
Laguna	Victoria	Barangay II (Poblacion)	465	Juan	Cruz	García	Female	53	LIVELIHOOD_ASSISTANCE	GAD Trainings	3-day conference	DepEd - Annual assistance	02/19/2025
Laguna	Luisiana	Santo Domingo	622	Juan	Carn	Pérez	Male	62	AICS	Dental Services	Basic assistance	DOLE - Special initiative	10/24/2024
Laguna	Biñan	Pansol	278	Miguel	Gómez	Galang	Female	39	LIVELIHOOD_ASSISTANCE	Food Items	Food Pack	UNICEF - Annual assistance. Contact: regional office	10/26/2021
Laguna	Los Baños	Pansol	836	Janna	Pérez	Galang	Male	18	DISASTER_RELIEF_ASSISTANCE	Skills Training	Sewing	Local Government - Regular program. Contact: regional office	01/07/2023
Laguna	Alaminos	San Benito (Palita)	19	James	Reyes	Reyes	Male	67	SOCIAL_PENSION	Consultation/Medical Check-Up	Medical Kit	Local Government - Regular program. Contact: regional office	04/20/2023
Laguna	Rizal	Punta	66	María	Pérez	Cruz	Female	21	OTHER_CAPABILITY_BUILDING_SUPPORT	Medical Assistance	Crutches	Provincial Government - Pilot program. Contact: regional office	01/19/2024
Laguna	Lumban	San Cristóbal	167	Juan	Pérez	Galang	Female	53	PWD_ASSISTANCE	Alternative Learning System	Basic assistance	DOH - Emergency response	01/03/2025
Laguna	Magdalena	San Andrés	585	Pedro	Pérez	Santos	Female	25	LIVELIHOOD_ASSISTANCE	Technical Skills Training	Basic assistance	DOH - Emergency response	06/13/2022
Laguna	Santa Cruz	San Benito (Palita)	403	Clara	Carn	Santos	Female	42	AICS	Alternative Learning System	Level 1 support	World Vision - Special initiative. Contact: regional office	03/29/2021
Laguna	Calamba	Casile	912	Janna	Reyes	Galang	Male	45	OTHER_PROGRAM	Leadership Skills Training	Enhanced support	Provincial Government - Annual assistance. Contact: regional office	01/24/2021
Laguna	Pangil	Maunong	822	Miguel	Carn	Galang	Male	69	LIVELIHOOD_ASSISTANCE	Voucher	Level 1 support	DOH - Pilot program. Contact: main branch	11/28/2021
Laguna	Victoria	Parian	409	Miguel	Pérez	Reyes	Female	55	LIVELIHOOD_ASSISTANCE	Family Development Trainings	Week-long training	DOH - Special initiative. Contact: main branch	12/18/2023
Laguna	Nagcarlan	San Juan	112	Miguel	Santos	García	Female	53	OTHER_PROGRAM	Values Formation	1-day seminar	DepEd - Pilot program	04/09/2022
Laguna	San Pedro	San Cristóbal	274	Juan	Pérez	Reyes	Male	53	KALAHI	Technical Skills Training	Enhanced support	Community Organization - Special initiative. Contact: local coordinator	09/29/2023
Laguna	Rizal	Milagrosa	407	Clara	Santos	García	Female	77	OTHER_CAPABILITY_BUILDING_SUPPORT	Alternative Learning System	Enhanced support	World Vision - Annual assistance. Contact: regional office	07/08/2021
Laguna	San Pablo	Palma	373	Clara	López	Gómez	Male	60	SOCIAL_PENSION	Capital/Starter Kit	Level 1 support	Anonymous Donor - Annual assistance. Contact: local coordinator	01/27/2025
Laguna	San Pedro	Barangay II (Poblacion)	597	Janna	Pérez	Santos	Female	77	SLP	Equipment/School Materials	School Supplies Kit	Local Government - Emergency response. Contact: regional office	08/10/2021
Laguna	Calauan	Zapote	651	James	Cruz	García	Female	58	LIVELIHOOD_ASSISTANCE	Surgical Procedures	Wheelchair	USAID - Regular program	08/21/2023
Laguna	Santa Rosa	San Agustín (Antipolo)	39	Miguel	Carn	Reyes	Male	63	LIVELIHOOD_ASSISTANCE	Food for Work	Enhanced support	Community Organization - Emergency response	12/19/2021
Laguna	Pangil	Barangay IV (Poblacion)	105	Pedro	Pérez	Galang	Male	21	PWD_ASSISTANCE	Honorarium	Enhanced support	Community Organization - Emergency response. Contact: regional office	12/11/2023
Laguna	Pila	Casile	324	Pedro	Carn	García	Female	30	OTHER_PROGRAM	Agricultural and Fisheries	Level 1 support	Provincial Government - Emergency response. Contact: main branch	01/17/2024
Laguna	Los Baños	Puting Lupa	793	Pedro	Gómez	Reyes	Male	55	SOCIAL_PENSION	Parent Effectiveness Trainings	Level 1 support	Local Government - Regular program. Contact: main branch	08/10/2021
Laguna	Paete	Mayapa	959	Miguel	Pérez	Santos	Female	79	SOCIAL_PENSION	Transportation Allowance	Basic assistance	Provincial Government - Annual assistance. Contact: main branch	05/03/2022
Laguna	Cabuyao	Palma	992	Juan	Cruz	López	Male	62	DISASTER_RELIEF_ASSISTANCE	Consultation/Medical Check-Up	"PHP 3,000"	UNICEF - Emergency response. Contact: regional office	05/10/2023
Laguna	Biñan	Santo Tomás (Calabuso)	414	Janna	Pérez	Gómez	Female	42	OTHER_CAPABILITY_BUILDING_SUPPORT	Family Development Trainings	2-day workshop	DA - Emergency response. Contact: main branch	05/29/2023
Laguna	Lumban	Mapagong	429	Miguel	García	García	Female	20	DISASTER_RELIEF_ASSISTANCE	"Non-Food Items (Hygiene Kits, Clothes, Household Items)"	Standard package	Community Organization - Regular program. Contact: local coordinator	06/16/2021
Laguna	Rizal	San Agustín (Antipolo)	635	Pedro	López	Santos	Female	72	KALAHI	Vaccination	Standard package	Red Cross - Special initiative. Contact: local coordinator	04/11/2021
Laguna	Kalayaan	San Cristóbal	730	Clara	Gómez	Santos	Male	49	MEDICAL_SERVICES	Family Development Trainings	2-day workshop	USAID - Pilot program. Contact: local coordinator	12/18/2024
Laguna	Pangil	Barangay IV (Poblacion)	889	Miguel	Carn	Cruz	Male	56	EDUCATIONAL_ASSISTANCE	Medical Assistance	Wheelchair	Community Organization - Annual assistance. Contact: local coordinator	06/09/2022
Laguna	Calauan	San Cristóbal	61	Clara	Gómez	López	Male	18	OTHER_CAPABILITY_BUILDING_SUPPORT	Technical Skills Training	Basic assistance	DOLE - Pilot program. Contact: main branch	03/16/2024
Laguna	Santa Cruz	Calo	612	Ana	López	García	Male	28	MEDICAL_SERVICES	Mental Health Support	Basic assistance	Community Organization - Regular program	07/09/2024
Laguna	Victoria	Barangay III (Poblacion)	307	Miguel	Carn	Reyes	Female	19	EDUCATIONAL_ASSISTANCE	Agricultural and Fisheries	Level 1 support	UNICEF - Regular program	03/15/2024
Laguna	Santa Rosa	Punta	354	Ana	Carn	García	Male	22	AICS	Job Referral	Basic assistance	UNICEF - Emergency response	05/03/2022
Laguna	Luisiana	Masili	393	Janna	García	García	Male	73	OTHER_CAPABILITY_BUILDING_SUPPORT	Voucher	Standard package	DepEd - Pilot program. Contact: local coordinator	03/25/2025
Laguna	Bay	Santo Domingo	204	Miguel	Pérez	López	Male	39	OTHER_PROGRAM	Job Referral	Enhanced support	Red Cross - Annual assistance	03/22/2021
Laguna	Biñan	Mayapa	258	Juan	Santos	Pérez	Female	79	SLP	Job Referral	Enhanced support	Anonymous Donor - Regular program. Contact: main branch	08/03/2022
Laguna	Biñan	Ulango	486	Juan	López	Santos	Male	63	MEDICAL_SERVICES	Vaccination	Standard package	UNICEF - Special initiative. Contact: regional office	04/02/2023
Laguna	Santa Rosa	San Juan	517	James	Cruz	Santos	Male	78	LIVELIHOOD_ASSISTANCE	Transportation Allowance	Basic assistance	DSWD - Regular program. Contact: regional office	02/24/2024
Laguna	Luisiana	Timbao	446	James	López	Santos	Female	30	DISASTER_RELIEF_ASSISTANCE	Consultation/Medical Check-Up	"PHP 3,000"	Local Government - Annual assistance. Contact: local coordinator	03/08/2024
Laguna	Magdalena	San Andrés	709	Pedro	Pérez	Santos	Female	65	EDUCATIONAL_ASSISTANCE	Scholarship Grants	Enhanced support	Private Donor - Special initiative. Contact: regional office	06/05/2023
Laguna	Kalayaan	Barangay IV (Poblacion)	180	María	García	López	Female	40	MEDICAL_SERVICES	Surgical Procedures	Wheelchair	USAID - Regular program. Contact: main branch	08/25/2022
Laguna	Rizal	Pansol	342	Clara	Reyes	Reyes	Female	64	SUPPLEMENTAL_FEEDING	Vaccination	Standard package	USAID - Emergency response. Contact: regional office	03/08/2024
Laguna	Famy	San Miguel	133	James	Gómez	Galang	Female	48	OTHER_CAPABILITY_BUILDING_SUPPORT	Agricultural and Fisheries	Basic assistance	USAID - Regular program. Contact: regional office	03/13/2021
Laguna	Los Baños	San Cristóbal	443	Juan	Reyes	Cruz	Female	52	DISASTER_RELIEF_ASSISTANCE	"Non-Food Items (Hygiene Kits, Clothes, Household Items)"	Level 1 support	DOH - Emergency response	09/02/2021
Laguna	Majayjay	San Agustín (Antipolo)	836	Clara	García	Pérez	Female	55	SOCIAL_PENSION	Equipment/School Materials	School Supplies Kit	DOH - Pilot program. Contact: main branch	08/02/2022
Laguna	Santa Cruz	Barangay III (Poblacion)	253	María	Gómez	Pérez	Male	58	DISASTER_RELIEF_ASSISTANCE	Mental Health Support	Basic assistance	USAID - Emergency response	10/04/2022
Laguna	Santa Maria	San José	265	James	Pérez	Gómez	Female	52	SLP	Burial Assistance	Basic assistance	Caritas - Emergency response. Contact: main branch	05/18/2024
Laguna	San Pedro	Lingga	93	Janna	García	Santos	Female	79	MEDICAL_SERVICES	Burial Assistance	Basic assistance	DepEd - Emergency response. Contact: main branch	07/13/2021
Laguna	Pila	San José	662	Ana	Santos	Gómez	Female	62	OTHER_PROGRAM	Tutorial Sessions	Standard package	World Vision - Pilot program	06/22/2022
Laguna	Cabuyao	Barangay III (Poblacion)	411	James	López	Santos	Female	78	AICS	Insurance	Enhanced support	DOLE - Special initiative	11/28/2021
Laguna	Santa Rosa	Palo-Alto	138	Miguel	Pérez	Cruz	Female	30	EDUCATIONAL_ASSISTANCE	Skills Training	Carpentry	Anonymous Donor - Special initiative. Contact: main branch	03/15/2025
Laguna	Alaminos	Calo	208	James	Gómez	Santos	Male	71	KALAHI	Medical Assistance	Medical Kit	Local Government - Pilot program. Contact: local coordinator	10/20/2021
Laguna	San Pablo	San Isidro	637	Miguel	López	Galang	Male	24	DISASTER_RELIEF_ASSISTANCE	Dental Services	Enhanced support	DSWD - Special initiative. Contact: local coordinator	12/31/2022
Laguna	Cavinti	Santo Domingo	746	Janna	Reyes	Pérez	Male	22	AICS	Activity Involvement/Advocacy	Basic assistance	USAID - Emergency response. Contact: local coordinator	02/05/2021
Laguna	Bay	Timbao	573	Juan	Pérez	García	Male	75	SLP	GAD Trainings	Week-long training	Community Organization - Pilot program. Contact: local coordinator	04/01/2025
Laguna	San Pablo	San Ildefonso	307	Pedro	Cruz	Cruz	Male	46	LIVELIHOOD_ASSISTANCE	Activity Involvement/Advocacy	Basic assistance	UNICEF - Pilot program. Contact: regional office	01/07/2024
Laguna	Santa Rosa	Turbina	266	Janna	López	Pérez	Male	25	KALAHI	Dental Services	Standard package	UNICEF - Annual assistance	11/11/2023
Laguna	Calamba	Majada Labas	646	Pedro	Carn	Reyes	Male	25	SOCIAL_PENSION	Activity Involvement/Advocacy	Level 1 support	DepEd - Emergency response. Contact: regional office	09/02/2021
Laguna	Cavinti	Santo Tomás (Calabuso)	318	James	Gómez	Pérez	Female	71	PWD_ASSISTANCE	Scholarship Grants	Level 1 support	DOLE - Annual assistance. Contact: regional office	11/19/2024
Laguna	Cabuyao	Palingon	113	Juan	Carn	Cruz	Female	24	KALAHI	Transportation Allowance	Standard package	DA - Pilot program	02/23/2021
Laguna	Calamba	Turbina	901	María	Santos	Galang	Female	36	LIVELIHOOD_ASSISTANCE	Consultation/Medical Check-Up	Wheelchair	Private Donor - Regular program. Contact: regional office	01/22/2024
Laguna	San Pablo	Maunong	378	James	Gómez	López	Female	78	SUPPLEMENTAL_FEEDING	"Non-Food Items (Hygiene Kits, Clothes, Household Items)"	Basic assistance	DSWD - Pilot program. Contact: regional office	08/09/2024
Laguna	Alaminos	San Isidro	454	Janna	Pérez	Reyes	Female	56	SOCIAL_PENSION	Surgical Procedures	Wheelchair	Anonymous Donor - Regular program. Contact: main branch	10/31/2024
Laguna	Alaminos	Ulango	191	María	Gómez	García	Female	40	SUPPLEMENTAL_FEEDING	Financial	"PHP 10,000"	DOLE - Pilot program. Contact: local coordinator	06/25/2021
Laguna	Magdalena	Sirang Lupa	891	Ana	Santos	Santos	Male	53	OTHER_PROGRAM	Vaccination	Enhanced support	DA - Annual assistance. Contact: local coordinator	07/09/2021
Laguna	Pakil	Barangay II (Poblacion)	440	María	Gómez	Cruz	Female	59	EDUCATIONAL_ASSISTANCE	Tutorial Sessions	Level 1 support	DOLE - Emergency response	03/18/2023
Laguna	Pagsanjan	Pansol	187	Janna	Pérez	Reyes	Female	49	LIVELIHOOD_ASSISTANCE	Alternative Learning System	Basic assistance	UNICEF - Special initiative. Contact: regional office	04/30/2024
Laguna	Siniloan	San Roque	831	Clara	Reyes	Cruz	Female	79	OTHER_PROGRAM	Alternative Learning System	Basic assistance	UNICEF - Pilot program. Contact: main branch	09/08/2022
Laguna	Liliw	Palo-Alto	367	María	Cruz	García	Male	62	OTHER_CAPABILITY_BUILDING_SUPPORT	GAD Trainings	Week-long training	Red Cross - Pilot program. Contact: local coordinator	03/09/2021
Laguna	Santa Rosa	Palingon	89	Janna	Cruz	Cruz	Male	21	PWD_ASSISTANCE	Medical Assistance	Wheelchair	Caritas - Special initiative	11/20/2021
Laguna	Paete	Makiling	187	Clara	García	Gómez	Male	47	SOCIAL_PENSION	Equipment/School Materials	Tablet	Provincial Government - Annual assistance. Contact: local coordinator	03/24/2024
Laguna	Santa Rosa	Uwisan	819	James	Santos	Pérez	Female	68	EDUCATIONAL_ASSISTANCE	Transportation Allowance	Level 1 support	Caritas - Pilot program. Contact: local coordinator	03/30/2022
Laguna	Biñan	Mapagong	946	Clara	Pérez	Pérez	Female	59	EDUCATIONAL_ASSISTANCE	Capital/Starter Kit	Enhanced support	DepEd - Regular program	08/14/2021
Laguna	Los Baños	Casile	132	Juan	López	Reyes	Female	56	DISASTER_RELIEF_ASSISTANCE	Dental Services	Level 1 support	Private Donor - Special initiative. Contact: local coordinator	06/10/2024
Laguna	Magdalena	San Ildefonso	872	Ana	Carn	Galang	Male	22	OTHER_CAPABILITY_BUILDING_SUPPORT	Tutorial Sessions	Standard package	DA - Special initiative. Contact: local coordinator	03/12/2025
Laguna	Santa Maria	Puting Lupa	635	Clara	López	López	Male	20	KALAHI	Transportation Allowance	Standard package	UNICEF - Special initiative. Contact: local coordinator	04/14/2021
Laguna	Victoria	Súcol	560	Juan	Carn	Reyes	Female	39	EDUCATIONAL_ASSISTANCE	Parent Effectiveness Trainings	Standard package	Community Organization - Special initiative	04/11/2022
Laguna	Los Baños	Saimsim	800	Juan	Reyes	Cruz	Male	45	KALAHI	Cash for Training	Standard package	Caritas - Pilot program. Contact: main branch	03/04/2022
Laguna	Nagcarlan	San Roque	376	Juan	Carn	García	Female	39	MEDICAL_SERVICES	Agricultural and Fisheries	Level 1 support	Red Cross - Special initiative	09/20/2023
Laguna	Nagcarlan	San José	691	Clara	López	Pérez	Male	39	OTHER_CAPABILITY_BUILDING_SUPPORT	Medical Assistance	Crutches	Anonymous Donor - Annual assistance	03/18/2022
Laguna	Calauan	Maunong	692	Janna	Gómez	Santos	Male	51	PWD_ASSISTANCE	Cash for Training	Level 1 support	World Vision - Special initiative. Contact: regional office	12/25/2022
Laguna	Calamba	San Juan	99	Miguel	López	Santos	Male	46	PWD_ASSISTANCE	Food Items	Canned Goods (10 pcs)	Private Donor - Special initiative	02/24/2024
Laguna	Famy	Palo-Alto	842	Janna	Cruz	García	Female	60	SUPPLEMENTAL_FEEDING	Honorarium	Basic assistance	UNICEF - Pilot program. Contact: regional office	11/26/2023
Laguna	Bay	Milagrosa	34	Ana	Pérez	Cruz	Male	59	PWD_ASSISTANCE	Dental Services	Enhanced support	Red Cross - Emergency response	06/15/2024
Laguna	Majayjay	Mayapa	932	Janna	Cruz	López	Female	77	MEDICAL_SERVICES	Burial Assistance	Standard package	DOH - Emergency response. Contact: local coordinator	06/19/2024
Laguna	Pakil	Looc	582	Pedro	Santos	Gómez	Female	72	SOCIAL_PENSION	Family Development Trainings	3-day conference	DOLE - Special initiative. Contact: main branch	05/13/2021
Laguna	San Pablo	Calo	171	Janna	Gómez	García	Female	30	AICS	Burial Assistance	Level 1 support	Provincial Government - Emergency response	06/11/2023
Laguna	Luisiana	Makiling	366	Janna	López	Cruz	Male	24	AICS	Values Formation	3-day conference	Anonymous Donor - Regular program	06/04/2024
Laguna	Calauan	San Benito (Palita)	784	Janna	Gómez	Reyes	Male	27	KALAHI	Medical Supplies	"PHP 10,000"	Provincial Government - Emergency response	11/27/2024
Laguna	Alaminos	Punta	59	James	Gómez	López	Male	45	SLP	Parent Effectiveness Trainings	Level 1 support	Caritas - Pilot program. Contact: main branch	01/31/2022
Laguna	Cabuyao	San Juan	181	Ana	Pérez	Gómez	Female	21	DISASTER_RELIEF_ASSISTANCE	Job Referral	Standard package	World Vision - Emergency response. Contact: regional office	03/31/2021
Laguna	Nagcarlan	Barangay II (Poblacion)	19	Pedro	Reyes	Gómez	Male	76	EDUCATIONAL_ASSISTANCE	Consultation/Medical Check-Up	"PHP 10,000"	Red Cross - Special initiative. Contact: main branch	09/12/2021
Laguna	Lumban	Looc	226	Janna	Carn	Galang	Male	49	PWD_ASSISTANCE	Surgical Procedures	Wheelchair	DA - Regular program. Contact: local coordinator	08/14/2023
Laguna	Paete	Pansol	473	Miguel	Santos	Cruz	Female	39	SUPPLEMENTAL_FEEDING	Mental Health Support	Enhanced support	DSWD - Regular program. Contact: regional office	03/24/2021
Laguna	Calamba	San Cristóbal	95	Ana	García	Gómez	Female	37	KALAHI	Cash for Training	Standard package	Community Organization - Special initiative. Contact: regional office	03/04/2025
Laguna	Victoria	Santo Domingo	881	María	Gómez	Santos	Female	65	DISASTER_RELIEF_ASSISTANCE	Equipment/School Materials	Tablet	World Vision - Pilot program. Contact: main branch	10/13/2022
Laguna	San Pablo	San Vicente	297	James	García	Santos	Male	37	OTHER_PROGRAM	Scholarship Grants	Basic assistance	Provincial Government - Regular program. Contact: main branch	08/25/2024
Laguna	San Pablo	Lingga	593	Clara	Pérez	Pérez	Male	23	EDUCATIONAL_ASSISTANCE	Transportation Allowance	Standard package	Local Government - Emergency response. Contact: local coordinator	06/16/2022
Laguna	Santa Maria	Makiling	175	Miguel	Carn	López	Female	26	KALAHI	GAD Trainings	3-day conference	DOH - Pilot program. Contact: main branch	04/21/2023
Laguna	Biñan	San Cristóbal	222	Janna	Carn	Gómez	Male	45	MEDICAL_SERVICES	Food Assistance	Canned Goods (10 pcs)	USAID - Regular program	01/13/2024
Laguna	Los Baños	Lingga	615	Miguel	Pérez	Galang	Female	30	AICS	Burial Assistance	Enhanced support	UNICEF - Emergency response. Contact: regional office	01/27/2021
Laguna	Lumban	Zapote	54	Pedro	Carn	Cruz	Male	48	SUPPLEMENTAL_FEEDING	"Non-Food Items (Hygiene Kits, Clothes, Household Items)"	Basic assistance	UNICEF - Annual assistance. Contact: main branch	10/12/2023
Laguna	Cabuyao	Barangay IV (Poblacion)	695	James	Cruz	Galang	Female	56	DISASTER_RELIEF_ASSISTANCE	Cash for Work	Standard package	DOH - Emergency response. Contact: local coordinator	01/14/2022
Laguna	Santa Cruz	Puting Lupa	863	Pedro	Carn	Pérez	Male	67	LIVELIHOOD_ASSISTANCE	Technical Skills Training	Enhanced support	UNICEF - Pilot program. Contact: regional office	09/15/2024
Laguna	Santa Maria	Sirang Lupa	403	Clara	García	Reyes	Female	31	AICS	Honorarium	Enhanced support	DSWD - Regular program. Contact: local coordinator	01/28/2022
Laguna	Mabitac	Palo-Alto	318	Clara	Carn	Galang	Female	39	MEDICAL_SERVICES	Burial Assistance	Standard package	Provincial Government - Emergency response. Contact: local coordinator	08/05/2021
Laguna	Pila	Barangay II (Poblacion)	867	Miguel	López	Reyes	Female	79	EDUCATIONAL_ASSISTANCE	Surgical Procedures	Medical Kit	DOLE - Pilot program. Contact: regional office	01/16/2022
Laguna	Los Baños	San José	349	James	Pérez	Santos	Male	54	SOCIAL_PENSION	Food Assistance	Rice (5kg)	UNICEF - Pilot program	09/29/2022
Laguna	Santa Maria	Looc	443	María	Reyes	Reyes	Male	71	LIVELIHOOD_ASSISTANCE	Capital/Starter Kit	Standard package	USAID - Regular program. Contact: local coordinator	03/11/2023
Laguna	Liliw	Mayapa	833	Miguel	García	Cruz	Male	62	MEDICAL_SERVICES	Honorarium	Basic assistance	Private Donor - Pilot program	05/23/2022
Laguna	Pagsanjan	San Ildefonso	580	Ana	Reyes	López	Female	41	SUPPLEMENTAL_FEEDING	Mental Health Support	Standard package	DOH - Special initiative. Contact: local coordinator	10/10/2021
Laguna	Paete	Masili	540	James	García	López	Female	25	KALAHI	Surgical Procedures	Medical Kit	UNICEF - Emergency response. Contact: regional office	08/02/2021
Laguna	Calauan	Zapote	786	Juan	Gómez	Cruz	Female	32	OTHER_PROGRAM	Food Items	Rice (5kg)	USAID - Regular program. Contact: regional office	03/25/2024
Laguna	Santa Maria	Súcol	282	Clara	Santos	Cruz	Female	68	KALAHI	Activity Involvement/Advocacy	Enhanced support	World Vision - Regular program. Contact: regional office	06/14/2022
Laguna	Siniloan	Mapagong	360	María	López	Cruz	Female	58	SOCIAL_PENSION	Medical Assistance	Wheelchair	DOH - Emergency response. Contact: local coordinator	05/05/2023
Laguna	Magdalena	Santa Rosa	915	Miguel	García	García	Female	23	MEDICAL_SERVICES	Mental Health Support	Enhanced support	USAID - Pilot program. Contact: local coordinator	09/09/2022
Laguna	Pangil	Masaya	823	Clara	Gómez	Gómez	Female	40	DISASTER_RELIEF_ASSISTANCE	Tutorial Sessions	Basic assistance	World Vision - Regular program. Contact: local coordinator	03/28/2024
Laguna	Victoria	Majada Labas	631	Juan	López	Pérez	Female	42	KALAHI	Transportation Allowance	Level 1 support	DSWD - Pilot program. Contact: regional office	02/10/2021
Laguna	Liliw	Uwisan	892	María	García	Reyes	Female	48	OTHER_PROGRAM	Voucher	Level 1 support	Anonymous Donor - Emergency response. Contact: local coordinator	03/09/2025
Laguna	Calamba	Pansol	953	Clara	Reyes	Gómez	Male	63	MEDICAL_SERVICES	Family Development Trainings	1-day seminar	Red Cross - Pilot program. Contact: main branch	06/03/2022
Laguna	Santa Cruz	Barangay I (Poblacion)	646	Juan	Reyes	Cruz	Female	46	SOCIAL_PENSION	Medical Assistance	"PHP 3,000"	Community Organization - Annual assistance	10/26/2023
Laguna	Siniloan	Palma	641	Juan	Pérez	López	Male	40	SUPPLEMENTAL_FEEDING	Job Fair	Basic assistance	Local Government - Regular program. Contact: main branch	11/11/2023
Laguna	Calamba	Majada Labas	8	Clara	García	Galang	Female	27	AICS	Scholarship Grants	Standard package	Local Government - Regular program. Contact: local coordinator	10/08/2022
Laguna	Liliw	San Agustín (Antipolo)	993	Miguel	García	Galang	Male	26	SOCIAL_PENSION	Insurance	Level 1 support	DOH - Special initiative. Contact: regional office	07/30/2023
Laguna	Santa Rosa	Maunong	563	Clara	Cruz	García	Female	66	SOCIAL_PENSION	Voucher	Basic assistance	Community Organization - Regular program. Contact: local coordinator	08/30/2021
Laguna	Calamba	Palo-Alto	491	Pedro	López	Gómez	Male	30	DISASTER_RELIEF_ASSISTANCE	Surgical Procedures	Crutches	DSWD - Regular program. Contact: regional office	07/20/2023
Laguna	Biñan	San Agustín (Antipolo)	341	James	López	Gómez	Female	49	OTHER_CAPABILITY_BUILDING_SUPPORT	GAD Trainings	3-day conference	UNICEF - Regular program	04/16/2021
Laguna	Rizal	Lingga	472	James	López	Gómez	Female	66	OTHER_CAPABILITY_BUILDING_SUPPORT	Vaccination	Standard package	Caritas - Emergency response. Contact: regional office	12/09/2021
Laguna	Calauan	Maunong	793	María	López	Reyes	Female	68	MEDICAL_SERVICES	Medical Assistance	Crutches	Caritas - Annual assistance. Contact: regional office	02/21/2022
Laguna	Cabuyao	San Antonio	687	Ana	Santos	Reyes	Male	62	SUPPLEMENTAL_FEEDING	Food Assistance	Food Pack	DOH - Special initiative. Contact: main branch	02/07/2021
Laguna	Paete	Pansol	695	Clara	Santos	Pérez	Female	58	KALAHI	Job Fair	Enhanced support	DOLE - Regular program. Contact: regional office	12/02/2021
Laguna	Santa Rosa	Mapagong	704	Miguel	Gómez	Reyes	Male	18	OTHER_CAPABILITY_BUILDING_SUPPORT	Honorarium	Enhanced support	Private Donor - Regular program. Contact: local coordinator	04/18/2022
Laguna	Kalayaan	Palo-Alto	249	Pedro	Carn	López	Male	18	OTHER_PROGRAM	Surgical Procedures	Wheelchair	Private Donor - Special initiative. Contact: regional office	04/23/2021
Laguna	Nagcarlan	San José	235	James	García	López	Male	54	SUPPLEMENTAL_FEEDING	Honorarium	Basic assistance	DOLE - Annual assistance. Contact: regional office	09/08/2021
Laguna	Siniloan	Calo	83	James	García	Gómez	Male	57	DISASTER_RELIEF_ASSISTANCE	Honorarium	Standard package	Community Organization - Special initiative. Contact: regional office	07/01/2023
Laguna	Lumban	Lingga	93	Miguel	García	Pérez	Male	35	LIVELIHOOD_ASSISTANCE	Financial	"PHP 5,000"	DOH - Annual assistance. Contact: regional office	09/30/2024
Laguna	Santa Maria	Paciano Rizal	885	Pedro	García	Gómez	Female	53	OTHER_PROGRAM	Values Formation	3-day conference	USAID - Annual assistance. Contact: local coordinator	12/31/2023
Laguna	Magdalena	San Agustín (Antipolo)	394	Janna	López	García	Male	48	OTHER_CAPABILITY_BUILDING_SUPPORT	GAD Trainings	Week-long training	World Vision - Emergency response. Contact: regional office	09/21/2021
Laguna	Victoria	Sirang Lupa	824	Pedro	López	Reyes	Male	71	EDUCATIONAL_ASSISTANCE	Activity Involvement/Advocacy	Level 1 support	Provincial Government - Emergency response. Contact: local coordinator	06/18/2023
Laguna	Pakil	San Roque	268	Miguel	Santos	Reyes	Male	18	EDUCATIONAL_ASSISTANCE	Cash for Training	Standard package	Anonymous Donor - Pilot program	08/04/2022
Laguna	Nagcarlan	Del Carmen	417	James	Reyes	Gómez	Male	64	EDUCATIONAL_ASSISTANCE	Scholarship Grants	Enhanced support	DOLE - Special initiative	01/19/2022
Laguna	Lumban	Milagrosa	632	Ana	Cruz	Gómez	Female	69	SOCIAL_PENSION	Burial Assistance	Basic assistance	DOLE - Pilot program	02/26/2023
Laguna	Majayjay	Milagrosa	583	Janna	López	Cruz	Female	53	LIVELIHOOD_ASSISTANCE	Values Formation	2-day workshop	Community Organization - Emergency response. Contact: regional office	11/15/2024
Laguna	Pila	Mapagong	529	Miguel	López	Gómez	Female	74	SUPPLEMENTAL_FEEDING	Medical Supplies	"PHP 5,000"	Community Organization - Emergency response. Contact: regional office	10/07/2023
Laguna	Cabuyao	Looc	253	Miguel	Pérez	Reyes	Male	26	SUPPLEMENTAL_FEEDING	Agricultural and Fisheries	Level 1 support	DOLE - Emergency response. Contact: local coordinator	07/16/2022
Laguna	Calamba	Pansol	957	Juan	López	López	Male	39	EDUCATIONAL_ASSISTANCE	Vaccination	Enhanced support	DA - Special initiative. Contact: local coordinator	04/18/2022
Laguna	Calamba	Del Carmen	122	Pedro	Reyes	Cruz	Male	73	SLP	Capital/Starter Kit	Standard package	UNICEF - Emergency response	03/15/2025
Laguna	Kalayaan	Timbao	892	Juan	Reyes	Cruz	Female	45	LIVELIHOOD_ASSISTANCE	Insurance	Basic assistance	Provincial Government - Special initiative. Contact: regional office	03/03/2024
Laguna	Nagcarlan	Real	10	Janna	Santos	Reyes	Male	43	AICS	Consultation/Medical Check-Up	"PHP 10,000"	Provincial Government - Pilot program	11/13/2024
Laguna	Lumban	Palo-Alto	799	Janna	López	Galang	Female	69	OTHER_PROGRAM	Technical Skills Training	Standard package	Caritas - Regular program. Contact: local coordinator	03/02/2021
Laguna	Bay	Santo Domingo	316	Janna	Gómez	Santos	Male	27	SLP	"Non-Food Items (Hygiene Kits, Clothes, Household Items)"	Enhanced support	DOLE - Emergency response. Contact: local coordinator	02/02/2025
Laguna	Lumban	Palma	838	María	Pérez	Gómez	Male	73	OTHER_CAPABILITY_BUILDING_SUPPORT	Agricultural and Fisheries	Level 1 support	DepEd - Emergency response. Contact: main branch	10/06/2024
Laguna	Pila	Uwisan	273	Pedro	Cruz	López	Female	64	DISASTER_RELIEF_ASSISTANCE	Food Items	Canned Goods (10 pcs)	USAID - Pilot program	12/18/2023
Laguna	Pangil	Calo	306	Miguel	García	Galang	Male	20	EDUCATIONAL_ASSISTANCE	Transportation Allowance	Enhanced support	DSWD - Annual assistance	07/07/2023
Laguna	Santa Maria	San Roque	805	Clara	López	Reyes	Female	19	KALAHI	Food for Work	Standard package	DOH - Annual assistance. Contact: regional office	04/23/2024
Laguna	Rizal	Saimsim	210	Ana	Santos	Gómez	Male	71	LIVELIHOOD_ASSISTANCE	Vaccination	Basic assistance	DOLE - Annual assistance. Contact: main branch	05/11/2024
Laguna	Pagsanjan	Casile	958	Ana	Santos	Reyes	Female	54	SOCIAL_PENSION	Mental Health Support	Standard package	World Vision - Special initiative. Contact: local coordinator	11/22/2023
Laguna	Biñan	Barangay II (Poblacion)	730	Miguel	Gómez	Gómez	Male	73	SUPPLEMENTAL_FEEDING	Food for Work	Standard package	Community Organization - Emergency response. Contact: main branch	10/19/2022
Laguna	Liliw	Masaya	753	Juan	Cruz	Gómez	Male	48	SUPPLEMENTAL_FEEDING	Cash for Work	Standard package	Anonymous Donor - Regular program. Contact: main branch	06/18/2021
Laguna	Bay	Calo	886	Miguel	Pérez	Galang	Male	50	SOCIAL_PENSION	Job Referral	Enhanced support	DSWD - Regular program. Contact: local coordinator	11/12/2023
Laguna	Lumban	Mayapa	464	Juan	Carn	Reyes	Male	49	DISASTER_RELIEF_ASSISTANCE	Honorarium	Standard package	Local Government - Regular program. Contact: local coordinator	03/21/2023
Laguna	Pagsanjan	Palo-Alto	712	Clara	Santos	López	Male	60	SOCIAL_PENSION	Surgical Procedures	Medical Kit	Local Government - Annual assistance	01/08/2024
Laguna	Santa Cruz	Mapagong	728	Juan	Reyes	Pérez	Female	29	EDUCATIONAL_ASSISTANCE	Mental Health Support	Basic assistance	UNICEF - Special initiative. Contact: local coordinator	03/05/2024
Laguna	Nagcarlan	Casile	717	Pedro	Reyes	Gómez	Female	75	SLP	Burial Assistance	Enhanced support	DepEd - Emergency response. Contact: main branch	10/29/2021
Laguna	Pangil	Ulango	925	James	García	Cruz	Male	20	AICS	Tutorial Sessions	Basic assistance	UNICEF - Emergency response. Contact: main branch	11/19/2022
Laguna	Mabitac	San Andrés	416	Juan	Santos	García	Female	72	SOCIAL_PENSION	"Non-Food Items (Hygiene Kits, Clothes, Household Items)"	Level 1 support	World Vision - Special initiative. Contact: regional office	01/22/2022
Laguna	Luisiana	Paciano Rizal	216	Janna	Pérez	Reyes	Female	78	SLP	Food Assistance	Basic Groceries	Anonymous Donor - Pilot program	04/15/2025
Laguna	Pangil	San Antonio	80	Juan	García	Reyes	Female	65	AICS	Food for Work	Standard package	UNICEF - Pilot program. Contact: regional office	07/31/2024
Laguna	Luisiana	Turbina	779	Janna	Santos	Galang	Female	43	SUPPLEMENTAL_FEEDING	Food Assistance	Basic Groceries	DepEd - Pilot program	11/25/2021
Laguna	Los Baños	Sirang Lupa	480	María	Cruz	Gómez	Male	31	MEDICAL_SERVICES	Job Fair	Standard package	DSWD - Annual assistance. Contact: main branch	04/05/2022
Laguna	Cavinti	Barangay III (Poblacion)	902	James	López	Cruz	Female	29	SLP	Equipment/School Materials	Uniform	DOH - Regular program. Contact: regional office	06/02/2021
Laguna	Cabuyao	Súcol	891	James	Pérez	Galang	Female	69	MEDICAL_SERVICES	Agricultural and Fisheries	Level 1 support	Community Organization - Special initiative. Contact: main branch	12/26/2022
Laguna	Pagsanjan	Turbina	547	Clara	Santos	Pérez	Male	43	OTHER_PROGRAM	Cash for Training	Basic assistance	Community Organization - Annual assistance. Contact: local coordinator	03/18/2023
Laguna	Alaminos	Palma	801	Pedro	Pérez	Gómez	Male	33	AICS	Parent Effectiveness Trainings	Enhanced support	DOLE - Special initiative. Contact: main branch	05/02/2022
Laguna	Santa Rosa	Casile	18	Miguel	Carn	López	Male	70	DISASTER_RELIEF_ASSISTANCE	Agricultural and Fisheries	Standard package	DOLE - Pilot program. Contact: main branch	08/18/2022
Laguna	San Pablo	Barangay II (Poblacion)	165	Pedro	Pérez	Galang	Male	25	LIVELIHOOD_ASSISTANCE	Burial Assistance	Standard package	DOH - Emergency response. Contact: local coordinator	09/25/2023
Laguna	Siniloan	San José	525	Ana	Pérez	Reyes	Male	66	PWD_ASSISTANCE	Job Fair	Standard package	UNICEF - Special initiative. Contact: main branch	09/09/2023
Laguna	Biñan	Zapote	202	María	Reyes	Gómez	Male	66	SOCIAL_PENSION	Dental Services	Basic assistance	Local Government - Regular program	10/03/2022
Laguna	Lumban	San Antonio	741	Clara	Cruz	Cruz	Male	45	PWD_ASSISTANCE	Consultation/Medical Check-Up	Crutches	Community Organization - Special initiative	08/06/2023
Laguna	Magdalena	San Cristóbal	346	Pedro	López	López	Male	24	SLP	Values Formation	3-day conference	Local Government - Emergency response. Contact: regional office	07/10/2021
Laguna	Bay	Zapote	366	Janna	López	Reyes	Female	32	OTHER_CAPABILITY_BUILDING_SUPPORT	"Non-Food Items (Hygiene Kits, Clothes, Household Items)"	Level 1 support	DepEd - Emergency response. Contact: local coordinator	02/21/2021
Laguna	Los Baños	Palo-Alto	977	María	Reyes	López	Male	78	MEDICAL_SERVICES	Consultation/Medical Check-Up	"PHP 10,000"	DSWD - Emergency response. Contact: regional office	08/18/2022
Laguna	Cabuyao	Saimsim	448	James	Pérez	Reyes	Female	77	OTHER_CAPABILITY_BUILDING_SUPPORT	Equipment/School Materials	Laptop	UNICEF - Pilot program. Contact: main branch	12/07/2021
Laguna	Pagsanjan	Zapote	513	Miguel	López	Reyes	Male	58	LIVELIHOOD_ASSISTANCE	Cash for Work	Enhanced support	World Vision - Emergency response. Contact: main branch	06/09/2022
Laguna	Siniloan	Santo Tomás (Calabuso)	319	Miguel	García	Reyes	Male	53	SLP	Cash for Training	Standard package	DOLE - Annual assistance. Contact: local coordinator	01/17/2021
Laguna	Nagcarlan	Barangay II (Poblacion)	217	Janna	Cruz	Gómez	Female	25	DISASTER_RELIEF_ASSISTANCE	Surgical Procedures	Crutches	World Vision - Regular program	08/30/2021
Laguna	Biñan	San Ildefonso	34	Clara	Carn	García	Male	27	AICS	"Non-Food Items (Hygiene Kits, Clothes, Household Items)"	Standard package	DA - Pilot program. Contact: regional office	09/25/2024
Laguna	Santa Rosa	San Juan	871	Clara	Reyes	Santos	Male	32	SLP	Medical Assistance	"PHP 5,000"	Red Cross - Special initiative. Contact: local coordinator	10/13/2022
Laguna	Paete	Del Carmen	266	María	Santos	Cruz	Female	72	SOCIAL_PENSION	Financial	"PHP 3,000"	DepEd - Emergency response. Contact: local coordinator	12/05/2024
Laguna	Famy	San Juan	640	James	Santos	Pérez	Female	79	OTHER_CAPABILITY_BUILDING_SUPPORT	Equipment/School Materials	Laptop	Community Organization - Annual assistance. Contact: regional office	10/21/2021
Laguna	Pila	Palingon	724	Pedro	Santos	García	Female	35	OTHER_CAPABILITY_BUILDING_SUPPORT	Financial	"PHP 3,000"	DepEd - Regular program. Contact: main branch	11/18/2023
Laguna	San Pedro	Palma	775	Janna	Gómez	Santos	Female	63	OTHER_CAPABILITY_BUILDING_SUPPORT	Agricultural and Fisheries	Standard package	Caritas - Pilot program. Contact: local coordinator	12/04/2024
Laguna	San Pablo	Sirang Lupa	824	Janna	Cruz	López	Female	54	DISASTER_RELIEF_ASSISTANCE	Scholarship Grants	Basic assistance	DSWD - Special initiative. Contact: main branch	12/25/2021
Laguna	Santa Cruz	Mapagong	80	James	Carn	Santos	Female	58	SOCIAL_PENSION	Vaccination	Enhanced support	Caritas - Emergency response. Contact: main branch	11/04/2022
Laguna	Pagsanjan	San Benito (Palita)	677	Janna	López	Gómez	Male	62	DISASTER_RELIEF_ASSISTANCE	Tutorial Sessions	Basic assistance	Caritas - Special initiative	10/17/2023
Laguna	Calamba	San Juan	413	Miguel	Carn	Gómez	Male	78	OTHER_PROGRAM	Leadership Skills Training	Enhanced support	DepEd - Emergency response	12/10/2024
Laguna	Cavinti	Real	252	Pedro	Carn	Gómez	Male	74	SUPPLEMENTAL_FEEDING	Burial Assistance	Standard package	DSWD - Special initiative. Contact: regional office	07/01/2021
Laguna	Pangil	San Antonio	12	Pedro	Reyes	Santos	Male	68	SUPPLEMENTAL_FEEDING	Job Fair	Basic assistance	World Vision - Regular program. Contact: main branch	07/10/2023
Laguna	Famy	Calo	401	Pedro	Cruz	García	Male	60	OTHER_CAPABILITY_BUILDING_SUPPORT	Parent Effectiveness Trainings	Enhanced support	DOLE - Regular program. Contact: main branch	03/03/2023
Laguna	Santa Rosa	Lingga	816	James	Santos	Cruz	Female	61	PWD_ASSISTANCE	Cash for Work	Standard package	Red Cross - Annual assistance. Contact: local coordinator	10/29/2022
Laguna	Calamba	Palo-Alto	724	Juan	Reyes	Galang	Female	52	EDUCATIONAL_ASSISTANCE	Financial	"PHP 3,000"	World Vision - Emergency response	12/27/2022
Laguna	Nagcarlan	Zapote	282	Juan	López	Santos	Male	19	OTHER_PROGRAM	Insurance	Enhanced support	DepEd - Emergency response. Contact: local coordinator	09/25/2024
Laguna	Calamba	Palo-Alto	112	Clara	Carn	Gómez	Female	72	MEDICAL_SERVICES	Medical Assistance	Crutches	DA - Special initiative. Contact: local coordinator	12/19/2021
Laguna	Cabuyao	San José	723	Clara	Pérez	Galang	Male	39	KALAHI	Parent Effectiveness Trainings	Enhanced support	UNICEF - Regular program. Contact: regional office	03/10/2021
Laguna	Pila	Timbao	378	Miguel	Santos	Galang	Female	32	LIVELIHOOD_ASSISTANCE	Agricultural and Fisheries	Standard package	USAID - Emergency response. Contact: regional office	04/22/2022
Laguna	Pagsanjan	San Agustín (Antipolo)	751	Janna	Gómez	Reyes	Male	54	OTHER_PROGRAM	Mental Health Support	Standard package	Private Donor - Pilot program. Contact: regional office	11/21/2021
Laguna	Santa Maria	Santo Tomás (Calabuso)	268	Pedro	Cruz	Galang	Male	56	SLP	GAD Trainings	Week-long training	DepEd - Emergency response	02/26/2025
Laguna	Pangil	Santo Tomás (Calabuso)	917	Janna	García	López	Male	53	SUPPLEMENTAL_FEEDING	Voucher	Standard package	DA - Regular program. Contact: local coordinator	08/11/2024
Laguna	Bay	Maunong	298	James	Gómez	López	Female	22	DISASTER_RELIEF_ASSISTANCE	Food Assistance	Rice (10kg)	USAID - Emergency response. Contact: regional office	05/17/2024
Laguna	Los Baños	Barangay IV (Poblacion)	317	Janna	Carn	Reyes	Female	74	PWD_ASSISTANCE	Dental Services	Enhanced support	DOH - Special initiative. Contact: regional office	03/26/2024
Laguna	Pila	Palo-Alto	570	Ana	Carn	Cruz	Male	65	AICS	Agricultural and Fisheries	Standard package	DOLE - Emergency response. Contact: regional office	01/04/2024
Laguna	Lumban	San Antonio	509	Juan	Carn	Pérez	Female	32	AICS	Values Formation	1-day seminar	Provincial Government - Pilot program. Contact: regional office	10/14/2021
Laguna	Magdalena	Santo Tomás (Calabuso)	950	Janna	Carn	Cruz	Male	44	AICS	Surgical Procedures	Medical Kit	DOH - Annual assistance	06/08/2024
Laguna	Luisiana	Uwisan	546	Janna	Santos	López	Male	33	KALAHI	Food Items	Food Pack	DepEd - Special initiative	07/18/2024
Laguna	Pila	San Antonio	775	María	Cruz	Pérez	Female	74	MEDICAL_SERVICES	Transportation Allowance	Standard package	Community Organization - Emergency response. Contact: regional office	03/24/2021
Laguna	Pangil	Santo Domingo	365	Miguel	Gómez	Reyes	Male	53	LIVELIHOOD_ASSISTANCE	Food for Work	Level 1 support	DA - Emergency response. Contact: local coordinator	07/12/2024
Laguna	Pila	Santo Tomás (Calabuso)	547	Janna	Reyes	Cruz	Male	55	SUPPLEMENTAL_FEEDING	GAD Trainings	Week-long training	World Vision - Pilot program	09/26/2021
Laguna	Los Baños	San José	271	Ana	Santos	Pérez	Male	35	OTHER_CAPABILITY_BUILDING_SUPPORT	Burial Assistance	Basic assistance	DepEd - Regular program. Contact: main branch	06/07/2023
Laguna	Cavinti	Mapagong	961	Juan	Cruz	Pérez	Female	52	PWD_ASSISTANCE	Technical Skills Training	Level 1 support	UNICEF - Annual assistance. Contact: local coordinator	10/28/2021
Laguna	Santa Rosa	Ulango	474	María	Gómez	Santos	Male	42	LIVELIHOOD_ASSISTANCE	Honorarium	Basic assistance	Local Government - Regular program. Contact: main branch	10/19/2023
Laguna	Calamba	Majada Labas	739	Miguel	Reyes	Cruz	Male	39	SOCIAL_PENSION	Medical Assistance	Medical Kit	DOLE - Emergency response. Contact: main branch	03/31/2021
Laguna	Nagcarlan	Súcol	537	James	Carn	Reyes	Male	73	SUPPLEMENTAL_FEEDING	"Non-Food Items (Hygiene Kits, Clothes, Household Items)"	Basic assistance	DOLE - Pilot program. Contact: regional office	12/26/2021
Laguna	San Pablo	Masaya	234	Clara	Cruz	Pérez	Male	48	DISASTER_RELIEF_ASSISTANCE	Cash for Training	Standard package	USAID - Pilot program. Contact: main branch	08/16/2024
Laguna	Pakil	San Ildefonso	59	James	Carn	López	Female	76	SLP	Consultation/Medical Check-Up	Crutches	Private Donor - Pilot program. Contact: main branch	10/23/2023
Laguna	Kalayaan	Makiling	251	Juan	Pérez	Gómez	Male	54	SLP	Medical Supplies	Crutches	Community Organization - Emergency response. Contact: main branch	12/07/2024
Laguna	Mabitac	Zapote	847	Clara	Cruz	Santos	Male	51	AICS	Agricultural and Fisheries	Standard package	Community Organization - Regular program	04/14/2024
Laguna	Santa Cruz	Casile	86	James	López	Galang	Female	40	OTHER_PROGRAM	Consultation/Medical Check-Up	"PHP 5,000"	UNICEF - Annual assistance	02/23/2024
Laguna	Luisiana	Majada Labas	763	Miguel	García	Galang	Female	33	SOCIAL_PENSION	Family Development Trainings	Week-long training	UNICEF - Special initiative. Contact: local coordinator	02/19/2023
Laguna	Calauan	San Juan	390	Ana	Carn	Galang	Female	23	EDUCATIONAL_ASSISTANCE	Consultation/Medical Check-Up	Medical Kit	Private Donor - Special initiative	12/28/2022
Laguna	Nagcarlan	Paciano Rizal	180	Janna	Carn	López	Female	76	KALAHI	Insurance	Standard package	DA - Special initiative	04/16/2024
Laguna	Pagsanjan	Santo Domingo	719	Juan	Carn	Gómez	Female	32	SLP	Equipment/School Materials	Laptop	Community Organization - Annual assistance. Contact: main branch	01/05/2021
Laguna	Pagsanjan	San Cristóbal	856	Clara	López	Pérez	Female	35	OTHER_PROGRAM	Consultation/Medical Check-Up	Medical Kit	USAID - Annual assistance. Contact: local coordinator	04/27/2021
Laguna	Santa Cruz	Palingon	149	María	Santos	Reyes	Male	55	KALAHI	Capital/Starter Kit	Standard package	Red Cross - Regular program. Contact: local coordinator	10/11/2023
Laguna	Majayjay	San Isidro	583	Janna	Reyes	Galang	Male	30	PWD_ASSISTANCE	Job Fair	Enhanced support	USAID - Regular program. Contact: local coordinator	03/07/2022
Laguna	Luisiana	Barangay IV (Poblacion)	121	James	Carn	Cruz	Female	41	MEDICAL_SERVICES	Surgical Procedures	Wheelchair	Anonymous Donor - Regular program	01/25/2022
Laguna	Luisiana	San José	765	James	Carn	Galang	Male	30	SUPPLEMENTAL_FEEDING	Family Development Trainings	Week-long training	DOLE - Special initiative. Contact: local coordinator	02/11/2025
Laguna	Pakil	Punta	605	María	Gómez	Pérez	Female	18	PWD_ASSISTANCE	Scholarship Grants	Standard package	Caritas - Regular program. Contact: local coordinator	02/03/2025
Laguna	Calauan	Parian	256	Ana	Gómez	García	Male	65	SLP	Financial	"PHP 5,000"	Provincial Government - Emergency response. Contact: regional office	10/05/2024
Laguna	Rizal	Majada Labas	766	Miguel	Santos	López	Female	53	AICS	Equipment/School Materials	Laptop	Private Donor - Special initiative	01/14/2023
Laguna	Santa Cruz	San Juan	864	Miguel	Santos	García	Female	66	LIVELIHOOD_ASSISTANCE	Medical Assistance	Wheelchair	World Vision - Annual assistance. Contact: regional office	03/25/2021
Laguna	Cabuyao	Palo-Alto	800	María	García	Galang	Male	35	OTHER_CAPABILITY_BUILDING_SUPPORT	Technical Skills Training	Standard package	World Vision - Special initiative. Contact: regional office	08/24/2022
Laguna	Calauan	Looc	309	Juan	Cruz	Gómez	Female	65	LIVELIHOOD_ASSISTANCE	Leadership Skills Training	Basic assistance	World Vision - Regular program. Contact: main branch	06/04/2024
Laguna	Los Baños	Súcol	59	María	Carn	Pérez	Male	50	SLP	Agricultural and Fisheries	Enhanced support	DOH - Regular program. Contact: main branch	03/29/2022
Laguna	Alaminos	Palo-Alto	69	James	Cruz	Galang	Female	55	OTHER_CAPABILITY_BUILDING_SUPPORT	Job Fair	Standard package	DepEd - Special initiative. Contact: main branch	01/10/2025
Laguna	Victoria	Mapagong	446	Ana	Pérez	García	Female	60	KALAHI	Voucher	Enhanced support	DA - Regular program	02/09/2024
Laguna	San Pablo	San Gregorio	388	Ana	Santos	Pérez	Male	23	LIVELIHOOD_ASSISTANCE	Food Items	Rice (10kg)	Provincial Government - Annual assistance. Contact: local coordinator	11/19/2021
Laguna	Rizal	Maunong	86	Pedro	Santos	López	Female	34	SUPPLEMENTAL_FEEDING	Financial	"PHP 3,000"	DSWD - Pilot program. Contact: local coordinator	03/28/2025
Laguna	Magdalena	Masaya	786	María	García	López	Male	21	LIVELIHOOD_ASSISTANCE	Technical Skills Training	Level 1 support	DOLE - Special initiative. Contact: main branch	04/12/2025
Laguna	Santa Maria	Lingga	227	Juan	Reyes	Galang	Male	31	SUPPLEMENTAL_FEEDING	Family Development Trainings	1-day seminar	USAID - Regular program	02/03/2024
Laguna	Los Baños	San Vicente	593	James	López	López	Male	47	OTHER_CAPABILITY_BUILDING_SUPPORT	Transportation Allowance	Standard package	Anonymous Donor - Regular program. Contact: local coordinator	01/15/2024
Laguna	San Pedro	San Benito (Palita)	626	Janna	López	Santos	Male	63	OTHER_PROGRAM	Vaccination	Level 1 support	Anonymous Donor - Regular program. Contact: regional office	08/22/2023
Laguna	Pagsanjan	Zapote	184	Miguel	López	Pérez	Male	37	PWD_ASSISTANCE	Consultation/Medical Check-Up	Crutches	DA - Special initiative	05/18/2022
Laguna	Paete	Majada Labas	792	Miguel	Santos	Gómez	Female	25	DISASTER_RELIEF_ASSISTANCE	Values Formation	Week-long training	World Vision - Annual assistance. Contact: regional office	05/21/2022
Laguna	Nagcarlan	Uwisan	322	Miguel	Carn	Pérez	Female	71	SUPPLEMENTAL_FEEDING	Food for Work	Standard package	Caritas - Annual assistance. Contact: local coordinator	06/04/2023
Laguna	Pagsanjan	Turbina	909	Ana	Gómez	López	Male	19	LIVELIHOOD_ASSISTANCE	Alternative Learning System	Level 1 support	DSWD - Regular program	03/25/2024
Laguna	Pangil	Real	318	Miguel	García	Pérez	Female	54	OTHER_PROGRAM	Cash for Training	Level 1 support	Anonymous Donor - Emergency response	05/11/2022
Laguna	Mabitac	Looc	566	María	Reyes	García	Male	21	SUPPLEMENTAL_FEEDING	Food Items	Food Pack	Private Donor - Annual assistance. Contact: main branch	07/30/2023
Laguna	Santa Maria	Looc	399	Pedro	Pérez	Reyes	Female	27	MEDICAL_SERVICES	Alternative Learning System	Enhanced support	Provincial Government - Emergency response	09/21/2023
Laguna	Paete	Santo Tomás (Calabuso)	709	Juan	López	García	Male	37	LIVELIHOOD_ASSISTANCE	Tutorial Sessions	Enhanced support	DepEd - Emergency response	01/21/2022
Laguna	Santa Rosa	San José	899	Juan	García	Cruz	Female	77	DISASTER_RELIEF_ASSISTANCE	Cash for Training	Level 1 support	Anonymous Donor - Regular program	01/26/2025
Laguna	Pagsanjan	Majada Labas	293	Clara	Gómez	Santos	Male	73	SOCIAL_PENSION	Burial Assistance	Level 1 support	Anonymous Donor - Regular program. Contact: regional office	04/16/2025
Laguna	Magdalena	Barangay II (Poblacion)	293	Miguel	Gómez	Reyes	Female	70	SUPPLEMENTAL_FEEDING	"Non-Food Items (Hygiene Kits, Clothes, Household Items)"	Enhanced support	DepEd - Pilot program. Contact: local coordinator	11/07/2022
Laguna	Magdalena	Puting Lupa	485	James	Santos	Galang	Male	52	EDUCATIONAL_ASSISTANCE	Insurance	Standard package	USAID - Regular program. Contact: local coordinator	02/11/2024
Laguna	Cabuyao	Barangay IV (Poblacion)	899	Ana	López	Pérez	Male	65	OTHER_PROGRAM	Surgical Procedures	"PHP 10,000"	Local Government - Annual assistance. Contact: regional office	05/15/2023
Laguna	Cavinti	Puting Lupa	447	James	Reyes	Gómez	Female	27	SUPPLEMENTAL_FEEDING	Food for Work	Level 1 support	DOLE - Regular program. Contact: local coordinator	01/09/2025
Laguna	Lumban	Paciano Rizal	803	Miguel	Pérez	Cruz	Male	45	LIVELIHOOD_ASSISTANCE	Food Items	Food Pack	DOLE - Special initiative. Contact: regional office	10/14/2021
Laguna	Biñan	Punta	692	Pedro	Cruz	Cruz	Male	32	SOCIAL_PENSION	Job Referral	Standard package	DSWD - Special initiative	07/12/2023
Laguna	Majayjay	Lingga	983	Janna	Gómez	Gómez	Female	53	OTHER_CAPABILITY_BUILDING_SUPPORT	Scholarship Grants	Standard package	Provincial Government - Annual assistance. Contact: local coordinator	07/20/2021
Laguna	Kalayaan	San José	892	Miguel	Gómez	Santos	Female	18	SLP	Transportation Allowance	Level 1 support	UNICEF - Emergency response. Contact: main branch	03/22/2023
Laguna	Famy	Calo	412	Janna	Pérez	Reyes	Male	39	MEDICAL_SERVICES	Mental Health Support	Enhanced support	Private Donor - Pilot program. Contact: main branch	06/02/2023
Laguna	Pakil	Timbao	508	Janna	Gómez	Cruz	Male	44	SOCIAL_PENSION	Values Formation	1-day seminar	Provincial Government - Regular program. Contact: main branch	11/03/2024
Laguna	Lumban	Masaya	734	Juan	Reyes	Gómez	Male	46	SLP	Honorarium	Level 1 support	USAID - Emergency response. Contact: main branch	05/28/2022
Laguna	Nagcarlan	Lingga	786	Ana	Pérez	Reyes	Male	32	MEDICAL_SERVICES	Tutorial Sessions	Standard package	DOLE - Regular program	07/12/2024
Laguna	Nagcarlan	Del Carmen	890	Miguel	Carn	Reyes	Female	27	SLP	Mental Health Support	Level 1 support	DSWD - Pilot program. Contact: local coordinator	04/26/2024
Laguna	Nagcarlan	San José	244	James	López	López	Male	37	SOCIAL_PENSION	Food Assistance	Rice (10kg)	Community Organization - Emergency response. Contact: local coordinator	06/17/2023
Laguna	Alaminos	Casile	420	James	López	Cruz	Male	39	SLP	Activity Involvement/Advocacy	Enhanced support	DA - Special initiative. Contact: local coordinator	12/23/2021
Laguna	Famy	Puting Lupa	929	Pedro	Cruz	Reyes	Female	67	OTHER_CAPABILITY_BUILDING_SUPPORT	Financial	"PHP 1,500"	Private Donor - Regular program. Contact: regional office	06/18/2024
Laguna	Pagsanjan	Timbao	960	Janna	Pérez	Santos	Female	65	LIVELIHOOD_ASSISTANCE	Food Assistance	Rice (10kg)	DepEd - Emergency response	05/01/2024
Laguna	Calauan	Palma	154	Ana	Cruz	Cruz	Male	70	SOCIAL_PENSION	Activity Involvement/Advocacy	Enhanced support	Private Donor - Special initiative. Contact: local coordinator	02/08/2024
Laguna	Biñan	Barangay III (Poblacion)	816	Ana	Pérez	Santos	Female	76	EDUCATIONAL_ASSISTANCE	Medical Supplies	"PHP 3,000"	UNICEF - Emergency response. Contact: local coordinator	06/27/2023
Laguna	Santa Maria	Barangay III (Poblacion)	424	Pedro	López	Santos	Female	26	OTHER_CAPABILITY_BUILDING_SUPPORT	Job Fair	Basic assistance	DA - Regular program. Contact: local coordinator	06/25/2023
Laguna	Calamba	Calo	273	María	Carn	Reyes	Female	73	OTHER_CAPABILITY_BUILDING_SUPPORT	Voucher	Enhanced support	Anonymous Donor - Special initiative. Contact: local coordinator	03/03/2025
Laguna	Lumban	San Roque	936	Ana	Gómez	Reyes	Male	68	LIVELIHOOD_ASSISTANCE	Cash for Training	Standard package	DepEd - Regular program. Contact: regional office	12/25/2023
Laguna	Magdalena	San José	647	Ana	Pérez	López	Male	49	PWD_ASSISTANCE	Honorarium	Level 1 support	DA - Emergency response. Contact: local coordinator	12/25/2023
Laguna	Mabitac	Calo	825	James	Cruz	Gómez	Male	34	SUPPLEMENTAL_FEEDING	Surgical Procedures	Medical Kit	DOLE - Pilot program. Contact: main branch	11/13/2021
Laguna	Siniloan	San Andrés	520	Pedro	Santos	Pérez	Female	59	SUPPLEMENTAL_FEEDING	Cash for Training	Level 1 support	World Vision - Emergency response. Contact: regional office	04/05/2021
Laguna	Rizal	San Isidro	128	Miguel	Gómez	López	Male	36	KALAHI	Cash for Work	Standard package	Anonymous Donor - Emergency response	04/04/2022
Laguna	Majayjay	Palingon	373	Ana	López	Cruz	Male	57	PWD_ASSISTANCE	Leadership Skills Training	Basic assistance	Local Government - Pilot program. Contact: regional office	01/30/2022
Laguna	Paete	Santo Domingo	568	Ana	Reyes	López	Male	44	SLP	Surgical Procedures	Crutches	Provincial Government - Regular program. Contact: regional office	05/04/2024
Laguna	Pila	Pansol	638	James	Reyes	Galang	Female	68	OTHER_CAPABILITY_BUILDING_SUPPORT	Alternative Learning System	Enhanced support	Community Organization - Emergency response	04/23/2025
Laguna	Siniloan	San Vicente	159	Miguel	Gómez	Gómez	Male	54	DISASTER_RELIEF_ASSISTANCE	Food Assistance	Food Pack	Anonymous Donor - Regular program. Contact: main branch	11/29/2023
Laguna	Pila	Súcol	571	Miguel	Carn	Cruz	Male	51	EDUCATIONAL_ASSISTANCE	Burial Assistance	Enhanced support	UNICEF - Special initiative	05/29/2021
Laguna	Los Baños	Santo Domingo	570	Ana	Santos	Gómez	Male	64	OTHER_PROGRAM	Activity Involvement/Advocacy	Enhanced support	DOH - Emergency response. Contact: regional office	01/11/2022
Laguna	Biñan	Del Carmen	652	James	Cruz	Santos	Male	66	OTHER_PROGRAM	Voucher	Level 1 support	DSWD - Pilot program. Contact: main branch	01/01/2022
Laguna	Pila	Del Carmen	176	María	Pérez	López	Female	76	LIVELIHOOD_ASSISTANCE	Agricultural and Fisheries	Basic assistance	DSWD - Annual assistance. Contact: main branch	04/01/2022
Laguna	Liliw	San Miguel	927	Juan	López	López	Male	27	EDUCATIONAL_ASSISTANCE	Cash for Training	Basic assistance	DSWD - Emergency response. Contact: regional office	10/03/2021
Laguna	Liliw	Del Carmen	620	Clara	Reyes	Pérez	Male	47	SUPPLEMENTAL_FEEDING	Medical Assistance	Crutches	World Vision - Special initiative	03/14/2025
Laguna	Victoria	San Cristóbal	211	James	Reyes	López	Female	38	SOCIAL_PENSION	Vaccination	Level 1 support	DA - Regular program. Contact: local coordinator	06/15/2024
Laguna	Pangil	Makiling	447	James	Reyes	Reyes	Female	38	SLP	Transportation Allowance	Level 1 support	Anonymous Donor - Special initiative. Contact: main branch	02/09/2022
Laguna	Majayjay	Punta	586	Ana	Reyes	Santos	Female	71	SLP	Job Fair	Enhanced support	DOLE - Emergency response. Contact: regional office	06/12/2021
Laguna	Luisiana	Sirang Lupa	167	James	García	López	Female	51	SOCIAL_PENSION	Job Referral	Basic assistance	UNICEF - Emergency response. Contact: local coordinator	09/05/2024
Laguna	Bay	Palma	460	Pedro	Carn	García	Female	26	OTHER_PROGRAM	Insurance	Enhanced support	DA - Regular program. Contact: local coordinator	03/11/2023
Laguna	Kalayaan	San José	916	Janna	Cruz	García	Male	51	OTHER_CAPABILITY_BUILDING_SUPPORT	Equipment/School Materials	Laptop	World Vision - Annual assistance. Contact: main branch	03/15/2023
Laguna	San Pablo	San Agustín (Antipolo)	357	Janna	López	Gómez	Female	67	SUPPLEMENTAL_FEEDING	Tutorial Sessions	Standard package	DepEd - Regular program. Contact: main branch	12/29/2023
Laguna	Biñan	San Vicente	304	María	López	Santos	Female	29	EDUCATIONAL_ASSISTANCE	Medical Supplies	"PHP 3,000"	DepEd - Emergency response. Contact: regional office	02/07/2024
Laguna	San Pablo	San Isidro	233	Miguel	López	López	Female	64	OTHER_CAPABILITY_BUILDING_SUPPORT	Job Referral	Standard package	Provincial Government - Emergency response. Contact: regional office	06/29/2021
Laguna	Victoria	Saimsim	327	James	Cruz	Pérez	Male	38	MEDICAL_SERVICES	Food for Work	Basic assistance	DOH - Regular program. Contact: local coordinator	05/12/2021
Laguna	San Pedro	San Cristóbal	884	Miguel	Carn	Galang	Male	74	PWD_ASSISTANCE	Surgical Procedures	Medical Kit	Caritas - Emergency response	03/23/2025
Laguna	Victoria	Zapote	182	Pedro	Gómez	Pérez	Male	37	KALAHI	Cash for Training	Level 1 support	Red Cross - Pilot program. Contact: main branch	05/02/2023
Laguna	Magdalena	San Benito (Palita)	634	Ana	Gómez	Galang	Female	23	OTHER_PROGRAM	Capital/Starter Kit	Level 1 support	DOH - Emergency response. Contact: main branch	01/18/2025
Laguna	Biñan	Del Carmen	334	Ana	Santos	Cruz	Male	67	SUPPLEMENTAL_FEEDING	Cash for Training	Enhanced support	DOLE - Special initiative. Contact: regional office	10/09/2023
Laguna	Pagsanjan	San Vicente	715	Clara	Pérez	Cruz	Female	79	LIVELIHOOD_ASSISTANCE	Skills Training	Hairdressing	Red Cross - Emergency response. Contact: main branch	12/02/2024
Laguna	Paete	Casile	967	Juan	Gómez	Pérez	Female	62	SOCIAL_PENSION	Medical Assistance	Wheelchair	DSWD - Pilot program	04/23/2024
Laguna	Famy	Milagrosa	29	María	Pérez	López	Male	53	SOCIAL_PENSION	Equipment/School Materials	School Supplies Kit	DSWD - Special initiative. Contact: main branch	04/02/2022
Laguna	Santa Cruz	San Vicente	714	Pedro	Carn	Gómez	Male	29	OTHER_CAPABILITY_BUILDING_SUPPORT	Family Development Trainings	2-day workshop	Caritas - Pilot program. Contact: main branch	07/04/2023
Laguna	Nagcarlan	Looc	93	Miguel	Reyes	Pérez	Male	58	MEDICAL_SERVICES	Equipment/School Materials	Laptop	Local Government - Regular program	10/14/2023
Laguna	Famy	Paciano Rizal	841	Pedro	Pérez	Cruz	Female	48	AICS	Equipment/School Materials	School Supplies Kit	DOH - Special initiative. Contact: regional office	03/09/2025
Laguna	Cavinti	San Juan	868	Clara	Reyes	Reyes	Male	19	AICS	Food for Work	Basic assistance	UNICEF - Annual assistance. Contact: local coordinator	05/25/2022
Laguna	Victoria	Parian	688	Clara	Carn	Galang	Male	33	SUPPLEMENTAL_FEEDING	Parent Effectiveness Trainings	Standard package	UNICEF - Emergency response. Contact: regional office	08/06/2024
Laguna	Cavinti	San Juan	330	Ana	Carn	Santos	Male	18	SLP	Leadership Skills Training	Standard package	Community Organization - Regular program. Contact: regional office	09/02/2021
Laguna	Biñan	San Miguel	723	Miguel	Cruz	Gómez	Male	21	EDUCATIONAL_ASSISTANCE	Values Formation	1-day seminar	DSWD - Special initiative. Contact: main branch	02/23/2023
Laguna	Alaminos	Uwisan	184	Juan	Cruz	Pérez	Male	64	EDUCATIONAL_ASSISTANCE	Activity Involvement/Advocacy	Enhanced support	DepEd - Annual assistance. Contact: local coordinator	11/28/2023
Laguna	Cabuyao	San Ildefonso	95	Ana	García	López	Female	69	EDUCATIONAL_ASSISTANCE	GAD Trainings	1-day seminar	Provincial Government - Emergency response. Contact: regional office	02/13/2024
Laguna	San Pedro	San Juan	785	Juan	López	López	Female	18	DISASTER_RELIEF_ASSISTANCE	Surgical Procedures	"PHP 10,000"	DOLE - Emergency response. Contact: regional office	05/13/2022
Laguna	Calamba	San Ildefonso	649	Janna	García	Gómez	Male	69	AICS	Cash for Work	Level 1 support	Private Donor - Special initiative. Contact: regional office	09/22/2024
Laguna	Alaminos	Mayapa	749	Pedro	López	García	Female	64	OTHER_CAPABILITY_BUILDING_SUPPORT	Honorarium	Standard package	DA - Emergency response. Contact: local coordinator	04/04/2022
Laguna	Magdalena	San Agustín (Antipolo)	353	Clara	Reyes	Galang	Female	52	OTHER_PROGRAM	Cash for Work	Level 1 support	USAID - Emergency response. Contact: local coordinator	02/17/2024
Laguna	Calamba	Del Carmen	930	Janna	García	Gómez	Female	30	SOCIAL_PENSION	Leadership Skills Training	Enhanced support	UNICEF - Special initiative. Contact: local coordinator	10/06/2022
Laguna	Lumban	San Ildefonso	941	Miguel	García	Gómez	Male	67	SOCIAL_PENSION	Cash for Work	Basic assistance	DepEd - Pilot program	02/25/2021
Laguna	Famy	Zapote	984	Ana	Santos	Galang	Female	62	OTHER_PROGRAM	Medical Supplies	Crutches	Community Organization - Regular program. Contact: local coordinator	02/28/2022
Laguna	Famy	Uwisan	265	María	Carn	Galang	Male	59	SOCIAL_PENSION	Burial Assistance	Basic assistance	Community Organization - Regular program. Contact: regional office	02/18/2024
Laguna	Calamba	Barangay I (Poblacion)	647	James	Cruz	Pérez	Female	48	SLP	Job Fair	Standard package	Private Donor - Pilot program. Contact: main branch	02/19/2021
Laguna	Santa Rosa	Real	656	María	García	Cruz	Male	37	MEDICAL_SERVICES	"Non-Food Items (Hygiene Kits, Clothes, Household Items)"	Standard package	Anonymous Donor - Pilot program. Contact: local coordinator	10/20/2024
Laguna	Kalayaan	Barangay II (Poblacion)	19	María	Cruz	Reyes	Female	73	SLP	Food for Work	Level 1 support	DA - Pilot program	01/08/2022
Laguna	Alaminos	Milagrosa	743	James	López	Pérez	Female	24	AICS	Voucher	Basic assistance	Provincial Government - Emergency response	10/17/2024
Laguna	Cabuyao	San Benito (Palita)	646	Pedro	García	Gómez	Male	74	AICS	Medical Assistance	"PHP 5,000"	Red Cross - Pilot program. Contact: local coordinator	03/23/2021
Laguna	Biñan	Casile	626	Janna	López	Santos	Male	57	DISASTER_RELIEF_ASSISTANCE	Family Development Trainings	2-day workshop	USAID - Annual assistance. Contact: regional office	06/01/2023
Laguna	Bay	San Agustín (Antipolo)	499	Janna	Gómez	Cruz	Female	50	MEDICAL_SERVICES	Dental Services	Enhanced support	World Vision - Regular program. Contact: local coordinator	07/15/2022
Laguna	Famy	San Roque	139	Pedro	Gómez	Pérez	Male	45	SUPPLEMENTAL_FEEDING	Food Items	Rice (10kg)	DA - Regular program. Contact: regional office	02/17/2021
Laguna	Rizal	Mayapa	637	James	García	Reyes	Male	67	AICS	Honorarium	Level 1 support	DOLE - Special initiative	08/26/2021
Laguna	Kalayaan	Pansol	716	Juan	Gómez	Gómez	Male	61	SLP	Burial Assistance	Level 1 support	UNICEF - Regular program	09/19/2023
Laguna	Bay	Punta	573	María	Pérez	Gómez	Male	67	KALAHI	Consultation/Medical Check-Up	"PHP 10,000"	USAID - Emergency response	11/06/2024
Laguna	Mabitac	Puting Lupa	762	Ana	Reyes	Galang	Female	77	OTHER_PROGRAM	Surgical Procedures	Medical Kit	Private Donor - Emergency response	01/24/2022
Laguna	Mabitac	Ulango	810	Janna	Santos	Reyes	Male	73	OTHER_PROGRAM	Leadership Skills Training	Standard package	World Vision - Pilot program. Contact: regional office	09/20/2024
Laguna	Cabuyao	San José	525	Pedro	López	Cruz	Female	61	OTHER_PROGRAM	Job Referral	Enhanced support	Caritas - Emergency response	11/16/2022
Laguna	Victoria	Barangay IV (Poblacion)	908	Ana	Carn	Pérez	Female	37	OTHER_PROGRAM	Surgical Procedures	Wheelchair	DA - Pilot program. Contact: main branch	07/06/2021
Laguna	Calauan	Pansol	255	Clara	Carn	Gómez	Male	49	EDUCATIONAL_ASSISTANCE	Job Fair	Standard package	World Vision - Special initiative. Contact: main branch	02/18/2024
Laguna	Los Baños	Palma	85	James	Reyes	Galang	Male	26	SLP	Leadership Skills Training	Enhanced support	USAID - Special initiative. Contact: main branch	11/27/2022
Laguna	Biñan	San Andrés	458	Ana	Gómez	Pérez	Male	51	SLP	Insurance	Level 1 support	Anonymous Donor - Special initiative. Contact: local coordinator	10/12/2024
Laguna	Famy	Barangay IV (Poblacion)	532	Miguel	Reyes	Cruz	Male	31	SLP	Parent Effectiveness Trainings	Basic assistance	World Vision - Special initiative. Contact: local coordinator	12/29/2021
Laguna	Biñan	Turbina	562	Ana	Gómez	Santos	Female	21	DISASTER_RELIEF_ASSISTANCE	Food Assistance	Rice (10kg)	DSWD - Regular program. Contact: regional office	04/01/2024
Laguna	Mabitac	Zapote	676	Miguel	Pérez	Galang	Female	46	EDUCATIONAL_ASSISTANCE	"Non-Food Items (Hygiene Kits, Clothes, Household Items)"	Basic assistance	Provincial Government - Emergency response. Contact: local coordinator	01/08/2021
Laguna	Santa Rosa	Maunong	92	María	Carn	Reyes	Male	78	PWD_ASSISTANCE	Job Fair	Level 1 support	Local Government - Regular program. Contact: regional office	09/03/2022
Laguna	Lumban	Palingon	600	James	López	Cruz	Female	32	SLP	Job Fair	Standard package	USAID - Regular program. Contact: regional office	09/02/2024
Laguna	Lumban	Súcol	69	Ana	Carn	Gómez	Male	34	SUPPLEMENTAL_FEEDING	Medical Supplies	"PHP 10,000"	DA - Emergency response. Contact: regional office	01/27/2021
Laguna	Bay	San Ildefonso	37	Janna	Santos	García	Female	36	OTHER_PROGRAM	Activity Involvement/Advocacy	Standard package	Local Government - Pilot program. Contact: local coordinator	09/01/2023
Laguna	Lumban	Calo	765	James	García	Reyes	Female	55	PWD_ASSISTANCE	Voucher	Basic assistance	UNICEF - Regular program	06/06/2023
Laguna	Siniloan	Punta	764	Janna	Gómez	Gómez	Female	26	MEDICAL_SERVICES	Insurance	Level 1 support	DepEd - Pilot program. Contact: local coordinator	09/10/2023
Laguna	Pagsanjan	Barangay IV (Poblacion)	140	Pedro	Santos	Reyes	Male	44	OTHER_PROGRAM	Honorarium	Level 1 support	Anonymous Donor - Pilot program	10/03/2021
Laguna	Santa Maria	Masili	867	Pedro	Pérez	Galang	Male	66	MEDICAL_SERVICES	Medical Supplies	"PHP 3,000"	DepEd - Regular program. Contact: local coordinator	04/05/2023
Laguna	Calauan	Barangay I (Poblacion)	893	Clara	Pérez	Pérez	Female	32	PWD_ASSISTANCE	Leadership Skills Training	Level 1 support	UNICEF - Emergency response. Contact: regional office	08/24/2023
Laguna	Majayjay	Santo Domingo	680	Juan	Gómez	López	Male	54	OTHER_PROGRAM	Equipment/School Materials	Tablet	DA - Emergency response. Contact: main branch	02/04/2025
Laguna	Bay	Ulango	566	Pedro	Gómez	Reyes	Male	45	SLP	Voucher	Basic assistance	Red Cross - Special initiative	03/02/2023
Laguna	Famy	Paciano Rizal	898	Ana	Carn	Cruz	Female	67	AICS	Job Referral	Basic assistance	DOLE - Annual assistance. Contact: main branch	12/17/2022
Laguna	Nagcarlan	Masili	178	James	García	García	Male	72	SLP	Food for Work	Standard package	Local Government - Pilot program. Contact: local coordinator	04/22/2022
Laguna	Rizal	Looc	809	Pedro	Carn	Santos	Male	21	DISASTER_RELIEF_ASSISTANCE	Activity Involvement/Advocacy	Enhanced support	DA - Annual assistance	04/16/2024
Laguna	Bay	San Benito (Palita)	813	Janna	Santos	García	Female	38	DISASTER_RELIEF_ASSISTANCE	Cash for Training	Basic assistance	DOH - Special initiative. Contact: regional office	12/05/2022
Laguna	Liliw	Del Carmen	871	Ana	Santos	Cruz	Female	73	SOCIAL_PENSION	Equipment/School Materials	Uniform	Private Donor - Emergency response. Contact: regional office	04/25/2025
Laguna	Santa Rosa	Milagrosa	618	Pedro	Gómez	Galang	Female	51	MEDICAL_SERVICES	Vaccination	Standard package	USAID - Special initiative	12/26/2021
Laguna	Majayjay	Súcol	137	Miguel	López	Cruz	Female	36	OTHER_CAPABILITY_BUILDING_SUPPORT	Parent Effectiveness Trainings	Standard package	Provincial Government - Annual assistance. Contact: main branch	06/13/2024
Laguna	Calauan	Makiling	190	Miguel	López	López	Male	76	AICS	Mental Health Support	Level 1 support	DSWD - Annual assistance. Contact: local coordinator	11/23/2023
Laguna	Santa Rosa	Paciano Rizal	640	María	Santos	López	Male	54	LIVELIHOOD_ASSISTANCE	Leadership Skills Training	Standard package	Local Government - Annual assistance. Contact: main branch	04/14/2025
Laguna	Bay	Timbao	342	Janna	García	López	Female	75	OTHER_PROGRAM	Insurance	Standard package	DA - Annual assistance	06/29/2022
Laguna	Bay	San Juan	559	Clara	Gómez	Reyes	Female	21	OTHER_CAPABILITY_BUILDING_SUPPORT	"Non-Food Items (Hygiene Kits, Clothes, Household Items)"	Enhanced support	World Vision - Emergency response. Contact: main branch	04/10/2021
Laguna	Santa Cruz	Santa Rosa	5	Clara	Pérez	Galang	Male	54	MEDICAL_SERVICES	Food for Work	Basic assistance	Provincial Government - Emergency response. Contact: regional office	10/19/2022
Laguna	Lumban	Del Carmen	972	Clara	López	Pérez	Male	68	EDUCATIONAL_ASSISTANCE	Capital/Starter Kit	Level 1 support	Red Cross - Emergency response. Contact: regional office	11/26/2021
Laguna	San Pablo	Barangay II (Poblacion)	257	Janna	López	López	Male	49	PWD_ASSISTANCE	Voucher	Standard package	DSWD - Emergency response	12/25/2023
Laguna	Magdalena	Uwisan	812	Clara	Cruz	Pérez	Female	62	SOCIAL_PENSION	Transportation Allowance	Enhanced support	Private Donor - Annual assistance. Contact: main branch	05/02/2021
Laguna	Santa Rosa	San Isidro	662	Juan	Cruz	Santos	Female	65	EDUCATIONAL_ASSISTANCE	Values Formation	Week-long training	UNICEF - Special initiative. Contact: local coordinator	08/17/2023
Laguna	Bay	San Vicente	806	María	López	Santos	Female	29	SLP	Equipment/School Materials	Tablet	Local Government - Regular program. Contact: regional office	09/29/2023
Laguna	Cavinti	Real	243	Juan	Carn	Pérez	Female	58	AICS	Values Formation	3-day conference	USAID - Pilot program. Contact: regional office	04/21/2022
Laguna	Biñan	San Cristóbal	787	Miguel	García	Gómez	Male	73	EDUCATIONAL_ASSISTANCE	Job Fair	Standard package	Red Cross - Emergency response. Contact: regional office	01/12/2023
Laguna	Famy	Palingon	720	Pedro	Reyes	Cruz	Female	33	SLP	Job Referral	Standard package	DepEd - Emergency response. Contact: local coordinator	05/07/2021
Laguna	Rizal	Paciano Rizal	415	María	López	López	Female	31	OTHER_CAPABILITY_BUILDING_SUPPORT	Insurance	Standard package	Anonymous Donor - Special initiative. Contact: regional office	05/18/2023
Laguna	Mabitac	Paciano Rizal	627	Janna	Cruz	Reyes	Male	71	LIVELIHOOD_ASSISTANCE	GAD Trainings	2-day workshop	World Vision - Pilot program. Contact: local coordinator	04/24/2024
Laguna	San Pablo	Barangay I (Poblacion)	707	Juan	García	Gómez	Female	79	SLP	Alternative Learning System	Level 1 support	USAID - Regular program. Contact: regional office	04/01/2021
Laguna	Victoria	Paciano Rizal	343	Ana	García	Santos	Male	18	KALAHI	Cash for Training	Basic assistance	Anonymous Donor - Annual assistance. Contact: main branch	02/15/2021
Laguna	Rizal	San Roque	682	María	Cruz	García	Female	69	MEDICAL_SERVICES	Vaccination	Level 1 support	Anonymous Donor - Annual assistance. Contact: main branch	01/25/2021
Laguna	Santa Maria	Ulango	379	Janna	Gómez	Galang	Male	72	SUPPLEMENTAL_FEEDING	GAD Trainings	Week-long training	USAID - Pilot program. Contact: regional office	12/15/2021
Laguna	Pila	San Juan	594	James	García	García	Male	75	SOCIAL_PENSION	Equipment/School Materials	School Supplies Kit	DOH - Special initiative. Contact: main branch	09/30/2023
Laguna	Siniloan	Punta	666	María	Gómez	Pérez	Male	49	SLP	Leadership Skills Training	Enhanced support	DSWD - Regular program. Contact: local coordinator	02/07/2023
Laguna	Cavinti	San Roque	653	María	García	Gómez	Female	38	EDUCATIONAL_ASSISTANCE	Consultation/Medical Check-Up	Medical Kit	UNICEF - Regular program. Contact: regional office	05/23/2023
Laguna	Pangil	San Isidro	826	Pedro	Cruz	Santos	Female	21	KALAHI	Family Development Trainings	3-day conference	UNICEF - Regular program. Contact: local coordinator	12/29/2024
Laguna	Cavinti	Calo	146	Ana	Santos	Santos	Female	26	MEDICAL_SERVICES	Activity Involvement/Advocacy	Enhanced support	Provincial Government - Emergency response. Contact: regional office	09/15/2024
Laguna	Alaminos	San Antonio	323	Pedro	López	Cruz	Female	73	DISASTER_RELIEF_ASSISTANCE	Dental Services	Enhanced support	World Vision - Emergency response	10/21/2021
Laguna	Nagcarlan	Paciano Rizal	122	Clara	Carn	Cruz	Female	68	SLP	Vaccination	Standard package	Red Cross - Pilot program. Contact: main branch	09/03/2021
Laguna	Kalayaan	Saimsim	252	María	Gómez	López	Female	63	OTHER_CAPABILITY_BUILDING_SUPPORT	Skills Training	Cooking	UNICEF - Emergency response. Contact: main branch	04/04/2024
Laguna	Victoria	Pansol	855	Miguel	Reyes	Pérez	Male	39	KALAHI	Food for Work	Basic assistance	Private Donor - Pilot program. Contact: local coordinator	09/14/2021
Laguna	Pangil	Sirang Lupa	899	María	Carn	Galang	Female	29	LIVELIHOOD_ASSISTANCE	Leadership Skills Training	Enhanced support	USAID - Annual assistance	04/02/2023
Laguna	Lumban	Pansol	311	Clara	Santos	López	Female	47	SUPPLEMENTAL_FEEDING	Consultation/Medical Check-Up	"PHP 10,000"	DSWD - Emergency response. Contact: main branch	12/18/2021
Laguna	Pangil	Majada Labas	601	Ana	Pérez	Gómez	Male	47	SLP	Honorarium	Level 1 support	DOLE - Special initiative. Contact: regional office	03/01/2023
Laguna	Pagsanjan	Zapote	475	Ana	Santos	Cruz	Male	49	MEDICAL_SERVICES	"Non-Food Items (Hygiene Kits, Clothes, Household Items)"	Basic assistance	UNICEF - Pilot program. Contact: local coordinator	04/27/2024
Laguna	Pangil	San Antonio	570	Miguel	García	Reyes	Female	77	MEDICAL_SERVICES	Surgical Procedures	Wheelchair	Private Donor - Special initiative. Contact: regional office	10/20/2023
Laguna	Pagsanjan	San Miguel	492	Miguel	Carn	Galang	Male	53	SUPPLEMENTAL_FEEDING	Technical Skills Training	Enhanced support	DepEd - Annual assistance. Contact: regional office	11/25/2022
Laguna	San Pedro	San Juan	575	Juan	Gómez	Reyes	Female	24	KALAHI	Transportation Allowance	Level 1 support	USAID - Annual assistance	07/22/2024
Laguna	San Pedro	Mapagong	347	Janna	Gómez	Gómez	Male	34	OTHER_PROGRAM	Transportation Allowance	Standard package	Red Cross - Special initiative. Contact: main branch	01/09/2023
Laguna	Pila	Uwisan	820	Janna	Santos	López	Female	18	OTHER_CAPABILITY_BUILDING_SUPPORT	Family Development Trainings	2-day workshop	DA - Regular program. Contact: regional office	11/24/2023
Laguna	Nagcarlan	Masaya	487	Juan	Carn	Cruz	Male	31	SOCIAL_PENSION	Job Referral	Enhanced support	World Vision - Annual assistance	12/20/2022
Laguna	Rizal	Mapagong	473	Janna	Santos	Galang	Male	64	OTHER_CAPABILITY_BUILDING_SUPPORT	Parent Effectiveness Trainings	Basic assistance	USAID - Regular program. Contact: main branch	07/10/2022
Laguna	Rizal	San Gregorio	382	María	Reyes	Gómez	Female	61	OTHER_PROGRAM	Consultation/Medical Check-Up	"PHP 5,000"	DepEd - Special initiative. Contact: regional office	02/22/2025
Laguna	Victoria	Turbina	280	Juan	Santos	López	Female	61	PWD_ASSISTANCE	Activity Involvement/Advocacy	Basic assistance	USAID - Annual assistance	05/14/2022
Laguna	Liliw	Palingon	72	Juan	Carn	Santos	Male	55	OTHER_CAPABILITY_BUILDING_SUPPORT	Cash for Training	Basic assistance	Local Government - Emergency response. Contact: local coordinator	06/22/2024
Laguna	Liliw	Calo	521	Janna	García	López	Male	43	SUPPLEMENTAL_FEEDING	GAD Trainings	1-day seminar	UNICEF - Annual assistance. Contact: main branch	07/01/2024
Laguna	Cabuyao	Súcol	366	James	Carn	Pérez	Male	44	LIVELIHOOD_ASSISTANCE	Financial	"PHP 3,000"	DOH - Special initiative. Contact: main branch	02/07/2024
Laguna	Famy	San José	933	Miguel	Cruz	García	Male	78	OTHER_CAPABILITY_BUILDING_SUPPORT	Food Items	Rice (5kg)	DepEd - Special initiative	11/19/2021
Laguna	Pila	San Gregorio	94	Janna	Carn	Santos	Female	62	EDUCATIONAL_ASSISTANCE	Activity Involvement/Advocacy	Enhanced support	DOLE - Regular program. Contact: main branch	04/24/2021
Laguna	Pakil	Maunong	373	Pedro	Reyes	Reyes	Male	33	LIVELIHOOD_ASSISTANCE	Alternative Learning System	Level 1 support	Local Government - Annual assistance. Contact: local coordinator	08/06/2023
Laguna	Pakil	Milagrosa	339	James	López	Santos	Male	63	KALAHI	Surgical Procedures	Crutches	USAID - Special initiative	04/30/2022
Laguna	Paete	Pansol	437	Juan	Reyes	López	Female	24	SOCIAL_PENSION	Honorarium	Enhanced support	DSWD - Regular program. Contact: main branch	10/05/2021
Laguna	Mabitac	Sirang Lupa	336	James	Reyes	Gómez	Female	49	SUPPLEMENTAL_FEEDING	Food for Work	Basic assistance	Community Organization - Annual assistance. Contact: regional office	11/19/2023
Laguna	Paete	Uwisan	664	María	Santos	Santos	Female	78	PWD_ASSISTANCE	Job Referral	Basic assistance	Community Organization - Emergency response. Contact: local coordinator	02/02/2022
Laguna	Santa Rosa	Santo Domingo	492	Ana	Reyes	García	Female	42	SLP	Capital/Starter Kit	Standard package	Local Government - Pilot program. Contact: main branch	08/10/2021
Laguna	Mabitac	Calo	917	James	Carn	Pérez	Female	48	DISASTER_RELIEF_ASSISTANCE	Agricultural and Fisheries	Enhanced support	DOLE - Special initiative. Contact: main branch	11/14/2021
Laguna	Pakil	Uwisan	868	Pedro	Gómez	López	Female	33	SLP	Agricultural and Fisheries	Standard package	Caritas - Emergency response. Contact: regional office	09/28/2021
Laguna	Pangil	Punta	40	Ana	López	García	Male	72	LIVELIHOOD_ASSISTANCE	Honorarium	Standard package	World Vision - Pilot program. Contact: regional office	02/02/2022
Laguna	San Pablo	Santa Rosa	359	María	Gómez	Santos	Male	58	OTHER_PROGRAM	Family Development Trainings	1-day seminar	Caritas - Pilot program. Contact: regional office	01/14/2025
Laguna	Magdalena	Palingon	574	Pedro	Pérez	García	Male	75	KALAHI	Scholarship Grants	Basic assistance	Caritas - Emergency response. Contact: local coordinator	12/09/2021
Laguna	Pila	San Roque	254	Clara	García	Santos	Female	31	LIVELIHOOD_ASSISTANCE	Capital/Starter Kit	Basic assistance	Private Donor - Pilot program. Contact: local coordinator	01/16/2022
Laguna	Victoria	San Juan	966	Ana	Pérez	Galang	Female	42	DISASTER_RELIEF_ASSISTANCE	Technical Skills Training	Enhanced support	Private Donor - Pilot program. Contact: local coordinator	10/31/2024
Laguna	Cabuyao	Barangay I (Poblacion)	581	Clara	Reyes	Santos	Male	79	OTHER_CAPABILITY_BUILDING_SUPPORT	Insurance	Enhanced support	DOH - Regular program. Contact: main branch	02/14/2023
Laguna	Lumban	San Andrés	398	María	Gómez	Cruz	Male	47	EDUCATIONAL_ASSISTANCE	Mental Health Support	Enhanced support	Anonymous Donor - Pilot program	12/06/2021
Laguna	Santa Maria	Majada Labas	757	Ana	Carn	García	Female	73	OTHER_PROGRAM	Alternative Learning System	Enhanced support	UNICEF - Annual assistance. Contact: local coordinator	01/07/2021
Laguna	Rizal	Barangay IV (Poblacion)	877	Ana	Santos	Gómez	Female	24	DISASTER_RELIEF_ASSISTANCE	Activity Involvement/Advocacy	Basic assistance	DOH - Annual assistance. Contact: main branch	07/20/2024
Laguna	Famy	San Gregorio	170	Janna	Santos	Pérez	Male	29	DISASTER_RELIEF_ASSISTANCE	Food Items	Basic Groceries	Local Government - Emergency response. Contact: local coordinator	10/15/2021
Laguna	Paete	San Andrés	690	Pedro	García	García	Male	20	EDUCATIONAL_ASSISTANCE	Activity Involvement/Advocacy	Basic assistance	Community Organization - Regular program	06/12/2023
Laguna	Luisiana	Milagrosa	701	Miguel	García	Reyes	Male	44	SOCIAL_PENSION	Honorarium	Enhanced support	DA - Regular program. Contact: regional office	04/27/2023
Laguna	Rizal	Barangay II (Poblacion)	511	Pedro	Carn	Pérez	Male	63	LIVELIHOOD_ASSISTANCE	Capital/Starter Kit	Level 1 support	Local Government - Annual assistance	12/18/2022
Laguna	Mabitac	San Miguel	260	James	García	Pérez	Male	36	OTHER_CAPABILITY_BUILDING_SUPPORT	Skills Training	Plumbing	World Vision - Annual assistance. Contact: local coordinator	07/03/2021
Laguna	Bay	Puting Lupa	584	Clara	Gómez	Reyes	Female	60	LIVELIHOOD_ASSISTANCE	Alternative Learning System	Enhanced support	Provincial Government - Regular program. Contact: local coordinator	07/24/2022
Laguna	Paete	Masili	984	Clara	Gómez	Cruz	Male	54	SUPPLEMENTAL_FEEDING	Medical Supplies	Wheelchair	UNICEF - Special initiative. Contact: regional office	09/15/2022
Laguna	San Pablo	Casile	459	Pedro	García	García	Male	72	KALAHI	GAD Trainings	1-day seminar	Red Cross - Pilot program. Contact: local coordinator	07/05/2021
Laguna	Bay	Real	529	Pedro	Santos	Pérez	Female	62	OTHER_PROGRAM	Medical Supplies	"PHP 3,000"	DA - Regular program. Contact: main branch	10/05/2022
Laguna	Los Baños	San Miguel	882	Ana	Carn	García	Male	77	PWD_ASSISTANCE	"Non-Food Items (Hygiene Kits, Clothes, Household Items)"	Enhanced support	UNICEF - Emergency response. Contact: main branch	04/25/2022
Laguna	Kalayaan	Barangay II (Poblacion)	341	Clara	López	Pérez	Female	59	SUPPLEMENTAL_FEEDING	Insurance	Basic assistance	Red Cross - Pilot program. Contact: regional office	04/28/2023
Laguna	Luisiana	San Cristóbal	57	Juan	García	Reyes	Female	24	DISASTER_RELIEF_ASSISTANCE	Vaccination	Enhanced support	Caritas - Emergency response. Contact: local coordinator	09/22/2022
Laguna	Nagcarlan	Puting Lupa	218	Miguel	Carn	Reyes	Male	66	PWD_ASSISTANCE	Transportation Allowance	Level 1 support	USAID - Emergency response. Contact: local coordinator	07/04/2024
Laguna	Magdalena	Masaya	619	Janna	Reyes	Santos	Male	33	SLP	Surgical Procedures	Wheelchair	Provincial Government - Pilot program. Contact: regional office	05/19/2022
Laguna	San Pedro	Turbina	816	Miguel	Santos	López	Female	49	MEDICAL_SERVICES	Burial Assistance	Level 1 support	DSWD - Annual assistance. Contact: main branch	04/20/2021
Laguna	Nagcarlan	Maunong	940	James	López	García	Female	25	LIVELIHOOD_ASSISTANCE	Cash for Work	Basic assistance	UNICEF - Pilot program. Contact: local coordinator	03/17/2024
Laguna	Santa Cruz	Paciano Rizal	685	Miguel	Gómez	García	Female	66	DISASTER_RELIEF_ASSISTANCE	Voucher	Level 1 support	USAID - Annual assistance	01/02/2023
Laguna	Siniloan	Paciano Rizal	731	Janna	Santos	Pérez	Male	30	KALAHI	Family Development Trainings	1-day seminar	USAID - Regular program. Contact: regional office	08/02/2021
Laguna	Santa Cruz	San Roque	464	James	Santos	Santos	Male	79	EDUCATIONAL_ASSISTANCE	Medical Assistance	Crutches	Red Cross - Special initiative. Contact: regional office	09/23/2023
Laguna	Paete	Masaya	247	María	Gómez	Gómez	Male	28	OTHER_CAPABILITY_BUILDING_SUPPORT	Job Referral	Enhanced support	DOLE - Emergency response. Contact: main branch	07/22/2022
Laguna	Pila	Majada Labas	730	Ana	Cruz	García	Male	37	MEDICAL_SERVICES	Food Assistance	Canned Goods (10 pcs)	DA - Special initiative	09/28/2023
Laguna	Calauan	Ulango	373	Pedro	Carn	Pérez	Male	35	AICS	Parent Effectiveness Trainings	Basic assistance	Private Donor - Regular program. Contact: main branch	12/31/2024
Laguna	Nagcarlan	San Gregorio	417	Pedro	Gómez	Cruz	Female	54	OTHER_PROGRAM	Food Items	Basic Groceries	DOH - Annual assistance. Contact: local coordinator	08/19/2023
Laguna	Rizal	Timbao	31	Juan	Reyes	Reyes	Male	23	MEDICAL_SERVICES	Food Assistance	Food Pack	UNICEF - Emergency response. Contact: regional office	04/04/2023
Laguna	San Pablo	San Ildefonso	368	Miguel	García	Reyes	Male	37	SUPPLEMENTAL_FEEDING	Medical Supplies	Crutches	DA - Pilot program	09/19/2024
Laguna	Paete	Barangay III (Poblacion)	559	Clara	Reyes	López	Female	49	OTHER_CAPABILITY_BUILDING_SUPPORT	Insurance	Standard package	World Vision - Annual assistance. Contact: main branch	12/23/2024
Laguna	Famy	Puting Lupa	646	Clara	Carn	Reyes	Male	63	DISASTER_RELIEF_ASSISTANCE	Consultation/Medical Check-Up	"PHP 3,000"	DSWD - Pilot program. Contact: local coordinator	04/27/2023
Laguna	Kalayaan	Majada Labas	108	Janna	Gómez	Galang	Male	61	OTHER_CAPABILITY_BUILDING_SUPPORT	Capital/Starter Kit	Basic assistance	DepEd - Special initiative	01/25/2024
Laguna	Calauan	San Ildefonso	584	Janna	Santos	Cruz	Male	46	DISASTER_RELIEF_ASSISTANCE	Parent Effectiveness Trainings	Level 1 support	DOLE - Regular program. Contact: local coordinator	10/20/2022
Laguna	Calamba	Majada Labas	839	Janna	Gómez	Cruz	Female	21	EDUCATIONAL_ASSISTANCE	Agricultural and Fisheries	Enhanced support	World Vision - Annual assistance. Contact: regional office	12/08/2023
Laguna	Luisiana	Barangay I (Poblacion)	418	Clara	Cruz	Santos	Female	24	KALAHI	Capital/Starter Kit	Enhanced support	DOH - Emergency response. Contact: main branch	07/25/2024
Laguna	San Pedro	San Roque	620	Pedro	Carn	Galang	Male	60	SLP	Equipment/School Materials	Books	Red Cross - Regular program. Contact: regional office	09/03/2023
Laguna	Siniloan	Ulango	821	Clara	López	García	Male	37	OTHER_CAPABILITY_BUILDING_SUPPORT	Values Formation	1-day seminar	World Vision - Special initiative. Contact: main branch	05/11/2024
Laguna	Santa Rosa	Turbina	398	Janna	López	López	Male	51	SOCIAL_PENSION	Consultation/Medical Check-Up	Crutches	Provincial Government - Emergency response	07/18/2021
Laguna	Los Baños	Saimsim	272	Ana	Carn	Cruz	Female	53	KALAHI	Mental Health Support	Standard package	UNICEF - Annual assistance. Contact: regional office	05/23/2022
Laguna	San Pedro	Pansol	683	James	García	Galang	Female	24	SUPPLEMENTAL_FEEDING	Consultation/Medical Check-Up	"PHP 3,000"	DOLE - Special initiative	11/25/2021
Laguna	Alaminos	San Juan	116	Pedro	Reyes	Galang	Male	50	KALAHI	Medical Assistance	Wheelchair	DA - Emergency response. Contact: regional office	05/04/2021
Laguna	Los Baños	San Agustín (Antipolo)	841	Ana	Reyes	Pérez	Male	32	SLP	Transportation Allowance	Enhanced support	Provincial Government - Pilot program. Contact: main branch	07/19/2021
Laguna	Pagsanjan	San Gregorio	586	María	García	Cruz	Male	69	AICS	Dental Services	Level 1 support	Provincial Government - Pilot program. Contact: regional office	03/16/2021
Laguna	Kalayaan	Palma	256	Miguel	Cruz	Gómez	Male	49	EDUCATIONAL_ASSISTANCE	Transportation Allowance	Level 1 support	Provincial Government - Emergency response	06/06/2021
Laguna	Santa Maria	Uwisan	81	Ana	Santos	Pérez	Female	39	SLP	Job Fair	Level 1 support	UNICEF - Pilot program	03/03/2024
Laguna	Bay	Ulango	780	Miguel	Pérez	Santos	Female	73	KALAHI	Mental Health Support	Basic assistance	DOLE - Regular program. Contact: regional office	11/08/2021
Laguna	Luisiana	Puting Lupa	128	Ana	Pérez	Galang	Male	57	PWD_ASSISTANCE	Leadership Skills Training	Enhanced support	Provincial Government - Regular program	02/18/2024
Laguna	Cabuyao	Palo-Alto	838	María	Santos	Reyes	Female	46	AICS	Parent Effectiveness Trainings	Enhanced support	Red Cross - Pilot program. Contact: main branch	11/02/2023
Laguna	Cabuyao	San Cristóbal	915	Ana	López	Galang	Female	42	KALAHI	Values Formation	2-day workshop	Caritas - Annual assistance. Contact: local coordinator	04/18/2025
Laguna	Paete	Puting Lupa	235	James	Cruz	García	Male	22	EDUCATIONAL_ASSISTANCE	Alternative Learning System	Enhanced support	Caritas - Regular program. Contact: regional office	02/18/2024
Laguna	Magdalena	San Roque	553	Pedro	García	Cruz	Male	31	OTHER_CAPABILITY_BUILDING_SUPPORT	Skills Training	Plumbing	Community Organization - Annual assistance	03/24/2021
Laguna	Pagsanjan	Santo Domingo	181	Miguel	Pérez	Gómez	Male	67	PWD_ASSISTANCE	Activity Involvement/Advocacy	Standard package	Anonymous Donor - Regular program. Contact: regional office	11/24/2022
Laguna	Lumban	Súcol	157	Juan	Carn	García	Male	52	AICS	Burial Assistance	Level 1 support	Anonymous Donor - Emergency response. Contact: main branch	06/05/2024
Laguna	Pagsanjan	Timbao	454	Clara	Gómez	Santos	Female	19	PWD_ASSISTANCE	Job Fair	Enhanced support	Community Organization - Special initiative	10/15/2023
Laguna	Nagcarlan	Palo-Alto	571	María	Reyes	López	Male	42	MEDICAL_SERVICES	"Non-Food Items (Hygiene Kits, Clothes, Household Items)"	Basic assistance	DepEd - Regular program. Contact: main branch	07/05/2021
Laguna	Calauan	San Benito (Palita)	857	Miguel	Gómez	Reyes	Male	71	SLP	Insurance	Basic assistance	DOH - Regular program. Contact: local coordinator	05/19/2024
Laguna	Majayjay	Barangay I (Poblacion)	761	Pedro	Carn	Cruz	Male	33	EDUCATIONAL_ASSISTANCE	"Non-Food Items (Hygiene Kits, Clothes, Household Items)"	Enhanced support	Local Government - Emergency response. Contact: regional office	02/12/2021
Laguna	San Pablo	San Gregorio	704	Janna	Reyes	Galang	Male	63	DISASTER_RELIEF_ASSISTANCE	Equipment/School Materials	Laptop	Provincial Government - Regular program. Contact: regional office	03/13/2025
Laguna	Luisiana	Maunong	24	Miguel	Carn	Reyes	Female	33	PWD_ASSISTANCE	Mental Health Support	Level 1 support	DSWD - Pilot program. Contact: regional office	03/14/2021
Laguna	Pagsanjan	Looc	473	James	García	Galang	Male	28	AICS	Activity Involvement/Advocacy	Enhanced support	Provincial Government - Pilot program. Contact: main branch	11/09/2023
Laguna	Calamba	Palingon	400	Juan	García	Santos	Male	77	LIVELIHOOD_ASSISTANCE	Parent Effectiveness Trainings	Enhanced support	World Vision - Annual assistance. Contact: regional office	06/14/2021
Laguna	Nagcarlan	Santo Tomás (Calabuso)	948	James	Cruz	López	Female	66	SOCIAL_PENSION	Values Formation	3-day conference	Red Cross - Emergency response. Contact: local coordinator	09/24/2021
Laguna	Santa Cruz	Saimsim	592	Miguel	Carn	Gómez	Male	52	SLP	Burial Assistance	Standard package	Caritas - Pilot program. Contact: local coordinator	01/03/2025
Laguna	Rizal	Mayapa	134	James	Carn	Gómez	Male	40	LIVELIHOOD_ASSISTANCE	Transportation Allowance	Level 1 support	Red Cross - Pilot program. Contact: regional office	02/26/2024
Laguna	Santa Cruz	Saimsim	421	Janna	Cruz	Cruz	Male	72	MEDICAL_SERVICES	Agricultural and Fisheries	Basic assistance	DA - Annual assistance	05/17/2023
Laguna	Siniloan	Barangay II (Poblacion)	213	Juan	Cruz	Santos	Female	22	SLP	Scholarship Grants	Enhanced support	DA - Annual assistance	01/16/2025
Laguna	Alaminos	Barangay II (Poblacion)	900	Clara	Gómez	Santos	Male	52	SLP	Equipment/School Materials	Uniform	Red Cross - Special initiative	08/17/2024
Laguna	Santa Rosa	Mapagong	482	James	García	López	Male	46	AICS	Food Items	Canned Goods (10 pcs)	Red Cross - Special initiative. Contact: main branch	09/03/2024
Laguna	Santa Maria	San Cristóbal	348	Janna	Gómez	Santos	Male	64	SUPPLEMENTAL_FEEDING	Food for Work	Level 1 support	DOH - Annual assistance. Contact: main branch	10/16/2022
Laguna	San Pedro	Masaya	166	María	García	Santos	Female	72	SLP	Burial Assistance	Basic assistance	DOH - Pilot program. Contact: local coordinator	02/03/2021
Laguna	San Pablo	Puting Lupa	937	Janna	Gómez	Galang	Male	22	OTHER_PROGRAM	Values Formation	1-day seminar	Red Cross - Special initiative. Contact: regional office	04/08/2021
Laguna	Rizal	Masili	348	Ana	López	Pérez	Male	71	KALAHI	Food Items	Food Pack	DA - Pilot program. Contact: local coordinator	05/18/2024
Laguna	Liliw	Maunong	849	Miguel	Carn	García	Male	20	MEDICAL_SERVICES	Insurance	Standard package	DOH - Emergency response. Contact: main branch	11/12/2021
Laguna	Magdalena	Palma	398	Pedro	Gómez	Galang	Female	23	DISASTER_RELIEF_ASSISTANCE	Transportation Allowance	Standard package	Community Organization - Emergency response. Contact: main branch	09/05/2024
Laguna	Rizal	Makiling	583	Miguel	Gómez	Gómez	Female	40	SLP	Dental Services	Standard package	DSWD - Pilot program. Contact: local coordinator	12/11/2022
Laguna	Pangil	Ulango	726	Miguel	García	López	Male	63	OTHER_CAPABILITY_BUILDING_SUPPORT	Tutorial Sessions	Standard package	World Vision - Special initiative. Contact: regional office	12/29/2024
Laguna	Pangil	San Andrés	435	Janna	Pérez	Reyes	Male	73	OTHER_PROGRAM	Cash for Work	Standard package	USAID - Emergency response. Contact: local coordinator	07/03/2024
Laguna	Los Baños	Majada Labas	577	Janna	García	López	Female	19	PWD_ASSISTANCE	Agricultural and Fisheries	Enhanced support	Caritas - Special initiative. Contact: regional office	02/09/2022
Laguna	Lumban	Palma	221	Janna	Carn	López	Male	35	EDUCATIONAL_ASSISTANCE	Burial Assistance	Standard package	DOH - Emergency response. Contact: main branch	09/08/2022
Laguna	Calamba	Zapote	308	Miguel	Cruz	López	Female	47	AICS	Medical Supplies	Crutches	DOH - Annual assistance	01/17/2025
Laguna	Alaminos	Makiling	991	Clara	Carn	López	Female	55	AICS	Food Assistance	Food Pack	DepEd - Annual assistance. Contact: main branch	06/01/2023
Laguna	San Pablo	Masaya	798	James	Pérez	Santos	Female	73	SUPPLEMENTAL_FEEDING	Values Formation	1-day seminar	DOLE - Special initiative. Contact: main branch	04/27/2024
Laguna	Luisiana	Zapote	697	Clara	Santos	López	Male	22	OTHER_CAPABILITY_BUILDING_SUPPORT	Surgical Procedures	Wheelchair	World Vision - Special initiative. Contact: regional office	04/14/2023
Laguna	Los Baños	Calo	719	Juan	Carn	Reyes	Female	63	EDUCATIONAL_ASSISTANCE	Voucher	Level 1 support	Provincial Government - Pilot program. Contact: main branch	05/05/2023
Laguna	Nagcarlan	Palma	466	Janna	Santos	López	Female	66	DISASTER_RELIEF_ASSISTANCE	Food Assistance	Rice (5kg)	Local Government - Pilot program. Contact: local coordinator	11/12/2024
Laguna	Cabuyao	San José	99	Janna	Gómez	Galang	Male	28	MEDICAL_SERVICES	Tutorial Sessions	Enhanced support	DepEd - Emergency response	03/12/2024
Laguna	Magdalena	Barangay I (Poblacion)	242	Ana	Carn	Santos	Male	18	SOCIAL_PENSION	GAD Trainings	1-day seminar	Anonymous Donor - Regular program	05/30/2024
Laguna	San Pedro	Timbao	158	Ana	Pérez	Gómez	Male	27	SOCIAL_PENSION	Financial	"PHP 3,000"	Community Organization - Regular program	03/16/2022
Laguna	Victoria	Uwisan	610	María	Santos	Galang	Female	58	LIVELIHOOD_ASSISTANCE	Medical Assistance	"PHP 10,000"	Caritas - Special initiative. Contact: main branch	06/16/2022
Laguna	Kalayaan	San Benito (Palita)	554	María	Santos	Gómez	Female	69	KALAHI	Scholarship Grants	Enhanced support	Local Government - Regular program. Contact: local coordinator	07/27/2024
Laguna	Pangil	Pansol	651	Ana	Pérez	Santos	Male	61	SOCIAL_PENSION	Cash for Training	Level 1 support	Caritas - Special initiative. Contact: main branch	02/16/2023
Laguna	Pakil	Saimsim	795	Juan	Carn	Galang	Female	43	SOCIAL_PENSION	Food Assistance	Basic Groceries	UNICEF - Special initiative. Contact: local coordinator	06/25/2024
Laguna	Pagsanjan	Milagrosa	920	María	López	Gómez	Male	50	PWD_ASSISTANCE	Food for Work	Basic assistance	Provincial Government - Emergency response	04/26/2021
Laguna	Pagsanjan	San José	227	Pedro	García	Cruz	Male	44	LIVELIHOOD_ASSISTANCE	Surgical Procedures	Crutches	DOH - Pilot program. Contact: regional office	02/09/2022
Laguna	Luisiana	Masaya	423	Pedro	Reyes	García	Male	73	OTHER_CAPABILITY_BUILDING_SUPPORT	Food for Work	Basic assistance	Community Organization - Pilot program. Contact: main branch	07/02/2024
Laguna	Calamba	Calo	72	Juan	García	García	Male	67	SLP	Food Items	Basic Groceries	Caritas - Emergency response. Contact: local coordinator	10/24/2021
Laguna	Liliw	Punta	243	Ana	Santos	Santos	Male	29	EDUCATIONAL_ASSISTANCE	Equipment/School Materials	Books	USAID - Annual assistance	03/29/2025
Laguna	Nagcarlan	Saimsim	530	María	Gómez	Cruz	Female	19	AICS	Financial	"PHP 5,000"	DA - Regular program	06/20/2023
Laguna	Calamba	Mapagong	589	Janna	Carn	Reyes	Female	18	AICS	Leadership Skills Training	Basic assistance	UNICEF - Regular program	07/12/2022
Laguna	Pila	Saimsim	45	Ana	Carn	Cruz	Male	18	DISASTER_RELIEF_ASSISTANCE	Values Formation	2-day workshop	Anonymous Donor - Pilot program	11/30/2021
Laguna	Majayjay	Sirang Lupa	472	María	Gómez	Pérez	Female	74	EDUCATIONAL_ASSISTANCE	Parent Effectiveness Trainings	Standard package	Community Organization - Emergency response. Contact: local coordinator	12/31/2023
Laguna	Cavinti	Calo	371	Juan	Carn	Santos	Female	78	LIVELIHOOD_ASSISTANCE	Parent Effectiveness Trainings	Enhanced support	Anonymous Donor - Regular program. Contact: regional office	08/24/2023
Laguna	Santa Rosa	Masili	855	Pedro	Carn	Cruz	Male	50	KALAHI	Surgical Procedures	"PHP 3,000"	Provincial Government - Emergency response. Contact: regional office	02/28/2021
Laguna	Kalayaan	San Roque	652	Miguel	López	Reyes	Female	39	KALAHI	Family Development Trainings	Week-long training	DOLE - Emergency response	12/17/2022
Laguna	Biñan	San Benito (Palita)	689	Juan	Reyes	Santos	Female	29	OTHER_PROGRAM	Surgical Procedures	"PHP 3,000"	DepEd - Pilot program. Contact: main branch	10/03/2023
Laguna	Magdalena	San José	734	Miguel	Cruz	García	Male	56	OTHER_CAPABILITY_BUILDING_SUPPORT	Food for Work	Level 1 support	Provincial Government - Pilot program	12/11/2023
Laguna	Majayjay	Barangay II (Poblacion)	927	María	Santos	López	Female	53	SLP	Burial Assistance	Standard package	World Vision - Emergency response. Contact: main branch	01/16/2021
Laguna	Paete	Puting Lupa	92	Juan	Reyes	Cruz	Female	38	OTHER_CAPABILITY_BUILDING_SUPPORT	Job Fair	Standard package	UNICEF - Emergency response. Contact: main branch	03/08/2025
Laguna	Mabitac	Saimsim	22	María	García	García	Female	37	MEDICAL_SERVICES	Medical Assistance	Crutches	Red Cross - Emergency response	02/20/2021
Laguna	Biñan	Casile	172	María	Cruz	García	Female	53	DISASTER_RELIEF_ASSISTANCE	Transportation Allowance	Enhanced support	Red Cross - Emergency response. Contact: local coordinator	02/26/2024
Laguna	Luisiana	Real	604	Miguel	Cruz	Galang	Female	43	KALAHI	Tutorial Sessions	Enhanced support	Local Government - Special initiative. Contact: regional office	04/08/2024
Laguna	Kalayaan	Timbao	192	Juan	Gómez	Reyes	Male	64	EDUCATIONAL_ASSISTANCE	Dental Services	Level 1 support	World Vision - Regular program. Contact: main branch	09/16/2023
Laguna	Santa Rosa	Mayapa	77	James	Carn	Pérez	Male	48	AICS	"Non-Food Items (Hygiene Kits, Clothes, Household Items)"	Basic assistance	DepEd - Emergency response. Contact: local coordinator	04/18/2024
Laguna	Cavinti	Palingon	281	Janna	Reyes	López	Male	18	PWD_ASSISTANCE	Burial Assistance	Basic assistance	Anonymous Donor - Pilot program. Contact: regional office	01/08/2023
Laguna	Kalayaan	Makiling	364	Ana	Gómez	Cruz	Male	55	OTHER_CAPABILITY_BUILDING_SUPPORT	Food for Work	Standard package	DSWD - Annual assistance. Contact: regional office	06/25/2023
Laguna	Lumban	Barangay IV (Poblacion)	179	Pedro	García	García	Male	31	SUPPLEMENTAL_FEEDING	"Non-Food Items (Hygiene Kits, Clothes, Household Items)"	Basic assistance	Red Cross - Annual assistance. Contact: main branch	11/24/2021
Laguna	Paete	Barangay III (Poblacion)	238	Janna	Carn	García	Female	43	LIVELIHOOD_ASSISTANCE	Scholarship Grants	Enhanced support	World Vision - Emergency response	07/21/2023
Laguna	Calamba	Palma	135	Ana	Carn	Pérez	Female	63	SOCIAL_PENSION	"Non-Food Items (Hygiene Kits, Clothes, Household Items)"	Enhanced support	Community Organization - Special initiative. Contact: main branch	10/28/2021
Laguna	Lumban	San Benito (Palita)	877	Ana	Pérez	Reyes	Male	59	SOCIAL_PENSION	Medical Assistance	"PHP 10,000"	Local Government - Emergency response	06/28/2024
Laguna	Cabuyao	Palma	902	Pedro	Pérez	López	Male	24	KALAHI	"Non-Food Items (Hygiene Kits, Clothes, Household Items)"	Standard package	UNICEF - Regular program. Contact: local coordinator	06/02/2022
Laguna	Bay	Zapote	280	Janna	Pérez	Gómez	Male	72	EDUCATIONAL_ASSISTANCE	GAD Trainings	3-day conference	DOH - Emergency response. Contact: main branch	09/19/2021
Laguna	Majayjay	San Vicente	19	Pedro	López	López	Female	73	OTHER_PROGRAM	Skills Training	Carpentry	Private Donor - Emergency response	04/01/2021
Laguna	Kalayaan	Barangay III (Poblacion)	595	María	Gómez	Pérez	Female	72	SLP	GAD Trainings	2-day workshop	Caritas - Special initiative	07/13/2021
